# HeaderRows_10,,,,,,
# HeaderRows_Format: Column_Header; Unit; InstallationMethod_ID; Instrument_Summary,,,,,,
# Date; YYYY-MM-DD; Thermocouple_01; manually recorded,,,,,,
#Timestamp; hh:mm:ss UTC-08:00; Thermocouple_01; Campbell Scientific CR1000 data logger set to Pacific Standard Time set to record time every 15 seconds,,,,,,
#Burn_Code; N/A; Thermocouple_01; manually recorded; burn code metadata can be found in BSLE_Burn_and_Laboratory_Metadata.csv,,,,,,
#Temperature_Avg_1; degree_celsius; Thermocouple_01; Omega ceramic fiber type K high temperature nextel insulated thermocouple connected to Campbell Scientific CR1000 data logger recording average temperature in degree celsius every 15 seconds,,,,,,
#Temperature_Avg_2; degree_celsius; Thermocouple_01; Omega ceramic fiber type K high temperature nextel insulated thermocouple connected to Campbell Scientific CR1000 data logger recording average temperature in degree celsius every 15 seconds,,,,,,
#Temperature_Avg_3; degree_celsius; Thermocouple_01; Omega ceramic fiber type K high temperature nextel insulated thermocouple connected to Campbell Scientific CR1000 data logger recording average temperature in degree celsius every 15 seconds,,,,,,
#Temperature_Avg_4; degree_celsius; Thermocouple_01; Omega ceramic fiber type K high temperature nextel insulated thermocouple connected to Campbell Scientific CR1000 data logger recording average temperature in degree celsius every 15 seconds,,,,,,
Date,Timestamp,Burn_Code,Temperature_Avg_1,Temperature_Avg_2,Temperature_Avg_3,Temperature_Avg_4
 2021-06-08,10:04:45,Burn01a,23.17,27.64,22.89,27.91
 2021-06-08,10:05:00,Burn01a,23.38,27.57,22.82,27.85
 2021-06-08,10:05:15,Burn01a,23.59,27.78,22.76,27.78
 2021-06-08,10:05:30,Burn01a,23.81,27.71,22.69,27.71
 2021-06-08,10:05:45,Burn01a,24.28,27.62,22.6,27.9
 2021-06-08,10:06:00,Burn01a,24.21,27.55,22.53,27.83
 2021-06-08,10:06:15,Burn01a,24.13,27.48,22.45,27.48
 2021-06-08,10:06:30,Burn01a,24.04,27.39,22.37,27.67
 2021-06-08,10:06:45,Burn01a,23.99,26.77,22.31,27.61
 2021-06-08,10:07:00,Burn01a,23.9,26.41,22.22,27.8
 2021-06-08,10:07:15,Burn01a,23.81,26.32,22.13,27.72
 2021-06-08,10:07:30,Burn01a,23.75,26.54,22.08,27.66
 2021-06-08,10:07:45,Burn01a,23.68,26.47,22,27.58
 2021-06-08,10:08:00,Burn01a,23.61,26.96,21.93,27.51
 2021-06-08,10:08:15,Burn01a,23.54,26.33,21.87,27.73
 2021-06-08,10:08:30,Burn01a,23.47,25.98,21.79,27.65
 2021-06-08,10:08:45,Burn01a,23.39,25.9,21.71,27.57
 2021-06-08,10:09:00,Burn01a,23.32,25.84,21.65,27.23
 2021-06-08,10:09:15,Burn01a,23.26,25.77,21.58,27.44
 2021-06-08,10:09:30,Burn01a,23.19,25.7,22.35,27.37
 2021-06-08,10:09:45,Burn01a,24.25,25.65,22.29,27.32
 2021-06-08,10:10:00,Burn01a,24.75,25.59,22.52,26.7
 2021-06-08,10:10:15,Burn01a,25.25,25.53,23.02,26.93
 2021-06-08,10:10:30,Burn01a,26.03,25.48,22.96,27.15
 2021-06-08,10:10:45,Burn01a,26.26,25.42,22.91,26.26
 2021-06-08,10:11:00,Burn01a,26.2,25.36,22.85,26.2
 2021-06-08,10:11:15,Burn01a,26.14,25.31,22.79,26.7
 2021-06-08,10:11:30,Burn01a,26.09,25.25,22.74,26.64
 2021-06-08,10:11:45,Burn01a,26.03,25.19,22.68,26.87
 2021-06-08,10:12:00,Burn01a,25.97,25.14,22.62,26.81
 2021-06-08,10:12:15,Burn01a,25.94,25.1,22.59,26.77
 2021-06-08,10:12:30,Burn01a,26.17,25.61,22.54,26.73
 2021-06-08,10:12:45,Burn01a,26.68,25.84,22.49,26.68
 2021-06-08,10:13:00,Burn01a,26.92,25.81,22.46,26.64
 2021-06-08,10:13:15,Burn01a,26.89,25.78,22.43,26.62
 2021-06-08,10:13:30,Burn01a,26.86,25.74,22.67,26.58
 2021-06-08,10:13:45,Burn01a,26.27,25.72,23.2,26.55
 2021-06-08,10:14:00,Burn01a,25.41,25.69,23.45,26.52
 2021-06-08,10:14:15,Burn01a,24.55,25.67,23.99,26.5
 2021-06-08,10:14:30,Burn01a,28.42,25.64,23.96,26.75
 2021-06-08,10:14:45,Burn01a,35.07,25.63,23.96,27.02
 2021-06-08,10:15:00,Burn01a,47.17,26.72,23.93,27.27
 2021-06-08,10:15:15,Burn01a,65.19,27.8,24.46,27.25
 2021-06-08,10:15:30,Burn01a,85.9,29.73,25.56,27.23
 2021-06-08,10:15:45,Burn01a,106.6,33.32,26.37,27.21
 2021-06-08,10:16:00,Burn01a,142.3,46.25,29.41,27.18
 2021-06-08,10:16:15,Burn01a,217,62.66,37.98,27.16
 2021-06-08,10:16:30,Burn01a,277.8,65.91,45.67,28.25
 2021-06-08,10:16:45,Burn01a,407.5,278.7,56.63,28.81
 2021-06-08,10:17:00,Burn01a,439.1,421.5,74.05,33.22
 2021-06-08,10:17:15,Burn01a,370.6,423.9,98.3,39.56
 2021-06-08,10:17:30,Burn01a,326.3,436.7,141.1,48.91
 2021-06-08,10:17:45,Burn01a,295.9,393.9,223.3,56.03
 2021-06-08,10:18:00,Burn01a,274.5,352.8,306.7,74.83
 2021-06-08,10:18:15,Burn01a,254.6,315.5,382.1,103.7
 2021-06-08,10:18:30,Burn01a,237.4,278.3,451,154.3
 2021-06-08,10:18:45,Burn01a,222.8,246.3,524.3,217.2
 2021-06-08,10:19:00,Burn01a,207.6,216.9,568.9,228.7
 2021-06-08,10:19:15,Burn01a,193.5,192.9,583.7,244.1
 2021-06-08,10:19:30,Burn01a,181,174.8,589,285.7
 2021-06-08,10:19:45,Burn01a,173.7,162.1,428.5,338.2
 2021-06-08,10:20:00,Burn01a,169.7,153.9,302.9,351.2
 2021-06-08,10:20:15,Burn01a,167.5,145.5,236,328.7
 2021-06-08,10:20:30,Burn01a,166.9,136.6,202.6,286.8
 2021-06-08,10:20:45,Burn01a,176.5,129.3,195.2,236.5
 2021-06-08,10:21:00,Burn01a,198.6,112.8,189,199.7
 2021-06-08,10:21:15,Burn01a,213,105.1,185.3,185.6
 2021-06-08,10:21:30,Burn01a,229,98,183.3,177.6
 2021-06-08,10:21:45,Burn01a,247.4,93.6,181.9,174.5
 2021-06-08,10:22:00,Burn01a,259.6,89.3,179.6,172
 2021-06-08,10:22:15,Burn01a,268.7,86.8,177.6,170.3
 2021-06-08,10:22:30,Burn01a,273.4,90.9,177.7,170.3
 2021-06-08,10:22:45,Burn01a,278.7,91.5,177.4,170.3
 2021-06-08,10:23:00,Burn01a,285,83.3,172.9,170.3
 2021-06-08,10:23:15,Burn01a,285.8,83.3,166.4,170.3
 2021-06-08,10:23:30,Burn01a,288.8,83.9,159.6,171.8
 2021-06-08,10:23:45,Burn01a,289.1,88.2,153.4,172
 2021-06-08,10:24:00,Burn01a,287.7,95.6,147,172.1
 2021-06-08,10:24:15,Burn01a,284.5,92.1,142.8,172.9
 2021-06-08,10:24:30,Burn01a,282,92.1,139.2,173.8
 2021-06-08,10:24:45,Burn01a,284.5,92.1,136.1,173.8
 2021-06-08,10:25:00,Burn01a,290,87.5,133.6,173.8
 2021-06-08,10:25:15,Burn01a,286.4,85.6,133.4,173.8
 2021-06-08,10:25:30,Burn01a,286.7,84,134.8,175
 2021-06-08,10:25:45,Burn01a,287.8,81.3,137.6,175.8
 2021-06-08,10:26:00,Burn01a,286.7,79.35,140.6,177.8
 2021-06-08,10:26:15,Burn01a,284.3,76.65,142.9,180.7
 2021-06-08,10:26:30,Burn01a,276.4,78.02,145.1,182.9
 2021-06-08,10:26:45,Burn01a,268.7,83.5,146,185.2
 2021-06-08,10:27:00,Burn01a,263.7,88.9,146.8,188.1
 2021-06-08,10:27:15,Burn01a,259.9,95.5,146.8,190.9
 2021-06-08,10:27:30,Burn01a,254.9,104.2,148.5,197.1
 2021-06-08,10:27:45,Burn01a,252.1,103.7,148.5,228.1
 2021-06-08,10:28:00,Burn01a,247.4,92.2,151.4,264.8
 2021-06-08,10:28:15,Burn01a,239.9,82.9,151.9,294.7
 2021-06-08,10:28:30,Burn01a,228.1,82.4,150.2,320.6
 2021-06-08,10:28:45,Burn01a,217.4,88.9,148.5,333.6
 2021-06-08,10:29:00,Burn01a,209.8,91.1,148.5,334.6
 2021-06-08,10:29:15,Burn01a,203.3,97.6,148.5,333.5
 2021-06-08,10:29:30,Burn01a,197.1,96.5,147.9,333.5
 2021-06-08,10:29:45,Burn01a,192,98.1,147.1,333.5
 2021-06-08,10:30:00,Burn01a,189.4,90.5,146.8,335.7
 2021-06-08,10:30:15,Burn01a,185.1,90.5,146.7,342.1
 2021-06-08,10:30:30,Burn01a,180.6,88.8,146.7,340
 2021-06-08,10:30:45,Burn01a,177.8,88.3,146.7,333.5
 2021-06-08,10:31:00,Burn01a,174.6,88.3,146.7,327.5
 2021-06-08,10:31:15,Burn01a,171.5,83.1,145.3,328.6
 2021-06-08,10:31:30,Burn01a,168.1,77.66,143.1,329.7
 2021-06-08,10:31:45,Burn01a,165.9,72.77,141.7,330.2
 2021-06-08,10:32:00,Burn01a,163.1,70.86,143.7,325.3
 2021-06-08,10:32:15,Burn01a,160.8,74.4,167,312.3
 2021-06-08,10:32:30,Burn01a,158,73.06,205.5,300.6
 2021-06-08,10:32:45,Burn01a,155.7,71.43,243.9,293.3
 2021-06-08,10:33:00,Burn01a,153,68.74,263.1,293.6
 2021-06-08,10:33:15,Burn01a,151.3,67.65,269.2,293.8
 2021-06-08,10:33:30,Burn01a,147.9,66.02,267.5,292.8
 2021-06-08,10:33:45,Burn01a,143.7,66.86,263.1,295.8
 2021-06-08,10:34:00,Burn01a,140.7,63.59,266.4,305.9
 2021-06-08,10:34:15,Burn01a,137.9,62.25,276.7,322.5
 2021-06-08,10:34:30,Burn01a,128.4,59.52,283.2,350.3
 2021-06-08,10:34:45,Burn01a,120.1,52.69,289.5,381.5
 2021-06-08,10:04:45,Burn01b,24.57,27.36,27.91,21.21
 2021-06-08,10:05:00,Burn01b,24.5,27.57,27.85,21.15
 2021-06-08,10:05:15,Burn01b,24.43,26.94,27.78,21.08
 2021-06-08,10:05:30,Burn01b,24.36,26.87,27.71,21.01
 2021-06-08,10:05:45,Burn01b,24.28,26.79,27.62,20.92
 2021-06-08,10:06:00,Burn01b,24.21,26.72,27.55,20.85
 2021-06-08,10:06:15,Burn01b,24.13,27.48,26.64,20.78
 2021-06-08,10:06:30,Burn01b,24.04,27.39,26.55,20.69
 2021-06-08,10:06:45,Burn01b,23.99,27.33,26.5,20.63
 2021-06-08,10:07:00,Burn01b,23.9,27.24,26.41,20.54
 2021-06-08,10:07:15,Burn01b,23.81,27.16,26.32,20.46
 2021-06-08,10:07:30,Burn01b,23.75,27.1,26.26,20.68
 2021-06-08,10:07:45,Burn01b,24.52,27.02,26.19,20.88
 2021-06-08,10:08:00,Burn01b,24.45,26.96,26.12,21.09
 2021-06-08,10:08:15,Burn01b,24.66,26.89,26.05,21.03
 2021-06-08,10:08:30,Burn01b,24.3,26.81,25.98,20.95
 2021-06-08,10:08:45,Burn01b,24.23,26.74,25.9,20.87
 2021-06-08,10:09:00,Burn01b,24.16,26.67,25.84,20.81
 2021-06-08,10:09:15,Burn01b,24.09,26.6,25.77,20.74
 2021-06-08,10:09:30,Burn01b,24.03,26.54,25.7,20.67
 2021-06-08,10:09:45,Burn01b,23.97,26.48,25.65,20.62
 2021-06-08,10:10:00,Burn01b,23.91,26.43,25.59,20.56
 2021-06-08,10:10:15,Burn01b,23.86,26.37,25.53,20.5
 2021-06-08,10:10:30,Burn01b,23.8,26.31,25.48,20.44
 2021-06-08,10:10:45,Burn01b,24.02,26.26,25.42,20.67
 2021-06-08,10:11:00,Burn01b,24.53,26.2,25.36,20.33
 2021-06-08,10:11:15,Burn01b,24.47,26.14,25.31,20.55
 2021-06-08,10:11:30,Burn01b,24.41,26.09,25.25,21.06
 2021-06-08,10:11:45,Burn01b,24.36,26.03,25.19,20.72
 2021-06-08,10:12:00,Burn01b,24.3,25.97,25.14,20.95
 2021-06-08,10:12:15,Burn01b,24.26,25.94,25.94,20.91
 2021-06-08,10:12:30,Burn01b,24.22,25.89,25.89,20.86
 2021-06-08,10:12:45,Burn01b,24.73,25.84,25.84,20.81
 2021-06-08,10:13:00,Burn01b,24.97,25.81,25.81,20.78
 2021-06-08,10:13:15,Burn01b,24.94,25.78,25.78,20.75
 2021-06-08,10:13:30,Burn01b,24.91,25.74,25.74,20.71
 2021-06-08,10:13:45,Burn01b,24.88,25.72,25.72,20.68
 2021-06-08,10:14:00,Burn01b,24.85,25.69,25.69,20.66
 2021-06-08,10:14:15,Burn01b,24.83,25.67,25.67,20.64
 2021-06-08,10:14:30,Burn01b,24.8,25.64,25.64,20.61
 2021-06-08,10:14:45,Burn01b,24.79,25.63,25.63,20.6
 2021-06-08,10:15:00,Burn01b,24.77,25.6,25.6,20.57
 2021-06-08,10:15:15,Burn01b,24.74,25.58,25.58,20.54
 2021-06-08,10:15:30,Burn01b,24.72,25.56,25.56,20.53
 2021-06-08,10:15:45,Burn01b,24.98,25.54,25.54,20.51
 2021-06-08,10:16:00,Burn01b,25.51,25.51,25.51,20.48
 2021-06-08,10:16:15,Burn01b,25.49,25.49,25.49,20.46
 2021-06-08,10:16:30,Burn01b,25.47,25.47,25.47,20.43
 2021-06-08,10:16:45,Burn01b,26.02,25.74,25.47,20.43
 2021-06-08,10:17:00,Burn01b,26.83,25.44,25.44,20.4
 2021-06-08,10:17:15,Burn01b,27.09,25.42,25.42,20.39
 2021-06-08,10:17:30,Burn01b,29.03,25.41,25.41,20.38
 2021-06-08,10:17:45,Burn01b,30.97,25.41,25.41,20.38
 2021-06-08,10:18:00,Burn01b,32.64,25.41,25.41,20.38
 2021-06-08,10:18:15,Burn01b,34.02,25.41,25.41,20.38
 2021-06-08,10:18:30,Burn01b,35.69,25.41,25.41,20.38
 2021-06-08,10:18:45,Burn01b,37.62,25.41,25.41,20.38
 2021-06-08,10:19:00,Burn01b,37.9,25.97,25.41,20.38
 2021-06-08,10:19:15,Burn01b,39.28,26.25,25.41,20.38
 2021-06-08,10:19:30,Burn01b,39.55,26.25,25.41,20.38
 2021-06-08,10:19:45,Burn01b,39.55,26.25,25.41,20.38
 2021-06-08,10:20:00,Burn01b,39.55,26.25,25.41,20.38
 2021-06-08,10:20:15,Burn01b,38.17,26.25,25.41,20.38
 2021-06-08,10:20:30,Burn01b,37.9,26.25,25.41,20.38
 2021-06-08,10:20:45,Burn01b,37.62,26.25,25.41,20.94
 2021-06-08,10:21:00,Burn01b,36.24,26.25,25.41,21.22
 2021-06-08,10:21:15,Burn01b,36.24,26.25,25.41,21.22
 2021-06-08,10:21:30,Burn01b,36.24,26.52,25.41,21.22
 2021-06-08,10:21:45,Burn01b,34.58,27.08,25.41,21.22
 2021-06-08,10:22:00,Burn01b,34.58,27.08,25.41,21.5
 2021-06-08,10:22:15,Burn01b,34.58,27.08,25.41,21.78
 2021-06-08,10:22:30,Burn01b,34.04,27.1,25.43,22.07
 2021-06-08,10:22:45,Burn01b,32.94,27.11,25.44,22.08
 2021-06-08,10:23:00,Burn01b,32.94,27.11,25.44,22.08
 2021-06-08,10:23:15,Burn01b,32.95,27.12,25.45,21.25
 2021-06-08,10:23:30,Burn01b,32.97,27.14,25.47,21.27
 2021-06-08,10:23:45,Burn01b,32.97,27.14,25.47,21.27
 2021-06-08,10:24:00,Burn01b,32.99,27.16,25.48,21.29
 2021-06-08,10:24:15,Burn01b,33,27.16,25.49,21.3
 2021-06-08,10:24:30,Burn01b,32.74,27.18,25.51,21.32
 2021-06-08,10:24:45,Burn01b,32.19,27.19,25.52,21.33
 2021-06-08,10:25:00,Burn01b,32.2,27.2,25.53,21.34
 2021-06-08,10:25:15,Burn01b,32.22,27.22,25.55,21.36
 2021-06-08,10:25:30,Burn01b,32.25,27.25,25.58,21.38
 2021-06-08,10:25:45,Burn01b,32.25,27.25,26.13,21.38
 2021-06-08,10:26:00,Burn01b,32.25,27.25,26.41,21.38
 2021-06-08,10:26:15,Burn01b,32.27,27.27,26.43,21.4
 2021-06-08,10:26:30,Burn01b,32.28,27.27,26.44,21.41
 2021-06-08,10:26:45,Burn01b,32.29,27.29,26.46,21.43
 2021-06-08,10:27:00,Burn01b,32.3,27.3,26.47,21.44
 2021-06-08,10:27:15,Burn01b,32.3,27.3,26.47,21.44
 2021-06-08,10:27:30,Burn01b,32.3,27.3,26.47,21.44
 2021-06-08,10:27:45,Burn01b,32.3,27.3,26.47,21.44
 2021-06-08,10:28:00,Burn01b,32.32,27.32,26.49,21.18
 2021-06-08,10:28:15,Burn01b,32.31,27.31,26.48,20.61
 2021-06-08,10:28:30,Burn01b,32.3,27.3,26.47,20.6
 2021-06-08,10:28:45,Burn01b,32.3,27.3,26.47,20.6
 2021-06-08,10:29:00,Burn01b,32.29,27.29,26.46,20.59
 2021-06-08,10:29:15,Burn01b,32.28,27.27,26.44,20.57
 2021-06-08,10:29:30,Burn01b,32.26,27.26,26.42,20.55
 2021-06-08,10:29:45,Burn01b,32.25,27.25,26.41,20.54
 2021-06-08,10:30:00,Burn01b,32.24,27.24,26.4,20.53
 2021-06-08,10:30:15,Burn01b,32.21,27.21,26.37,20.51
 2021-06-08,10:30:30,Burn01b,32.19,27.19,26.36,20.49
 2021-06-08,10:30:45,Burn01b,32.19,27.19,26.36,20.49
 2021-06-08,10:31:00,Burn01b,32.19,27.75,26.36,20.49
 2021-06-08,10:31:15,Burn01b,32.19,27.75,26.63,20.49
 2021-06-08,10:31:30,Burn01b,32.19,28.03,26.36,20.49
 2021-06-08,10:31:45,Burn01b,32.19,28.03,26.36,20.49
 2021-06-08,10:32:00,Burn01b,32.19,27.75,26.36,20.49
 2021-06-08,10:32:15,Burn01b,31.92,27.19,26.36,20.49
 2021-06-08,10:32:30,Burn01b,31.38,27.21,26.37,20.51
 2021-06-08,10:32:45,Burn01b,30.56,27.22,26.38,20.52
 2021-06-08,10:33:00,Burn01b,30.86,27.25,26.41,20.54
 2021-06-08,10:33:15,Burn01b,31.42,27.25,26.41,20.54
 2021-06-08,10:33:30,Burn01b,31.42,27.25,26.41,20.54
 2021-06-08,10:33:45,Burn01b,32.28,27.27,26.44,20.57
 2021-06-08,10:34:00,Burn01b,32,27.27,26.44,20.57
 2021-06-08,10:34:15,Burn01b,31.47,27.3,26.47,20.6
 2021-06-08,10:34:30,Burn01b,31.47,27.3,26.47,20.6
 2021-06-08,10:34:45,Burn01b,31.47,27.3,26.47,20.6
 2021-06-08,11:35:15,Burn02a,18.77,18.77,20.45,18.77
 2021-06-08,11:35:30,Burn02a,18.77,18.77,20.45,18.77
 2021-06-08,11:35:45,Burn02a,18.77,18.77,20.45,18.77
 2021-06-08,11:36:00,Burn02a,18.78,18.78,20.47,18.78
 2021-06-08,11:36:15,Burn02a,17.93,18.77,20.46,18.77
 2021-06-08,11:36:30,Burn02a,17.95,18.79,20.47,18.79
 2021-06-08,11:36:45,Burn02a,17.93,18.77,20.46,18.77
 2021-06-08,11:37:00,Burn02a,17.93,18.77,20.46,18.77
 2021-06-08,11:37:15,Burn02a,17.92,18.77,20.45,18.77
 2021-06-08,11:37:30,Burn02a,17.92,18.77,20.45,18.77
 2021-06-08,11:37:45,Burn02a,17.36,18.77,20.45,18.77
 2021-06-08,11:38:00,Burn02a,17.64,18.77,20.45,18.77
 2021-06-08,11:38:15,Burn02a,17.36,18.77,20.45,18.77
 2021-06-08,11:38:30,Burn02a,18.2,18.77,20.45,18.77
 2021-06-08,11:38:45,Burn02a,18.76,18.76,20.44,18.76
 2021-06-08,11:39:00,Burn02a,20.42,18.74,20.42,18.74
 2021-06-08,11:39:15,Burn02a,27.95,19.02,20.42,18.74
 2021-06-08,11:39:30,Burn02a,162.3,20.15,20.43,19.03
 2021-06-08,11:39:45,Burn02a,337.5,25.47,20.73,20.45
 2021-06-08,11:40:00,Burn02a,453.4,65.1,23.81,22.69
 2021-06-08,11:40:15,Burn02a,506.3,75.48,32.75,35.24
 2021-06-08,11:40:30,Burn02a,531.5,97.8,39.94,41.87
 2021-06-08,11:40:45,Burn02a,541.3,142.9,46.57,51.79
 2021-06-08,11:41:00,Burn02a,542.2,219,60.83,60.01
 2021-06-08,11:41:15,Burn02a,533.7,291.6,88.1,76.9
 2021-06-08,11:41:30,Burn02a,533.7,357.8,108.6,121.9
 2021-06-08,11:41:45,Burn02a,523.9,401,133.7,179.8
 2021-06-08,11:42:00,Burn02a,514.9,430.9,169.4,214
 2021-06-08,11:42:15,Burn02a,503,469.3,203.9,265.6
 2021-06-08,11:42:30,Burn02a,498.2,522.6,229.2,310.2
 2021-06-08,11:42:45,Burn02a,497.9,599.5,248.2,335.1
 2021-06-08,11:43:00,Burn02a,483.4,675.3,387,333.2
 2021-06-08,11:43:15,Burn02a,479.6,678.8,416.5,404.8
 2021-06-08,11:43:30,Burn02a,469,644.3,361.6,399.7
 2021-06-08,11:43:45,Burn02a,499.8,576.4,359.2,396
 2021-06-08,11:44:00,Burn02a,534.3,471.6,392.2,385.3
 2021-06-08,11:44:15,Burn02a,567.4,398.4,408.9,342
 2021-06-08,11:44:30,Burn02a,579.9,398.4,418.5,337.4
 2021-06-08,11:44:45,Burn02a,624.1,411,424.6,343.6
 2021-06-08,11:45:00,Burn02a,684.3,416.7,424.9,349.3
 2021-06-08,11:45:15,Burn02a,689.6,454.2,427.6,347.4
 2021-06-08,11:45:30,Burn02a,670.8,479.7,431.6,352.5
 2021-06-08,11:45:45,Burn02a,677.3,475,430,366.5
 2021-06-08,11:46:00,Burn02a,638,459.6,421.7,378.4
 2021-06-08,11:46:15,Burn02a,588.8,445.2,414.5,384.3
 2021-06-08,11:46:30,Burn02a,546.6,431.1,410.8,391.6
 2021-06-08,11:46:45,Burn02a,524.9,419.4,411.6,399.3
 2021-06-08,11:47:00,Burn02a,501.6,421,413.8,401.7
 2021-06-08,11:47:15,Burn02a,502.1,425.8,416.5,404.2
 2021-06-08,11:47:30,Burn02a,488.9,423.9,418.3,403.9
 2021-06-08,11:47:45,Burn02a,475.6,422.1,421.3,404.2
 2021-06-08,11:48:00,Burn02a,467.4,417,425.6,407.9
 2021-06-08,11:48:15,Burn02a,463.9,417.9,428.3,403.1
 2021-06-08,11:48:30,Burn02a,464.7,413.3,435.2,403.7
 2021-06-08,11:48:45,Burn02a,470.9,409.1,442.7,402.7
 2021-06-08,11:49:00,Burn02a,469.3,406.2,445.4,406.4
 2021-06-08,11:49:15,Burn02a,466.4,404.6,441.1,402.2
 2021-06-08,11:49:30,Burn02a,468.3,397.6,436.9,395.8
 2021-06-08,11:49:45,Burn02a,459.8,390.4,434,397.4
 2021-06-08,11:50:00,Burn02a,449.2,384.6,429.5,394.2
 2021-06-08,11:50:15,Burn02a,421.2,379.5,428.7,386.2
 2021-06-08,11:50:30,Burn02a,407.7,382.2,422.6,375.5
 2021-06-08,11:50:45,Burn02a,429.3,380.9,428.8,383.6
 2021-06-08,11:51:00,Burn02a,421.6,374.5,440,389.2
 2021-06-08,11:51:15,Burn02a,415,371.8,435.8,377.7
 2021-06-08,11:51:30,Burn02a,403.5,371.8,437.7,368.6
 2021-06-08,11:51:45,Burn02a,402.4,374.5,443.5,362.7
 2021-06-08,11:52:00,Burn02a,405.1,373,444.1,364.1
 2021-06-08,11:52:15,Burn02a,382.6,370.6,437.7,361.7
 2021-06-08,11:52:30,Burn02a,377.8,367.9,429.8,355.5
 2021-06-08,11:52:45,Burn02a,370.9,371.7,419.6,354.7
 2021-06-08,11:53:00,Burn02a,356.6,368.2,411.9,353.7
 2021-06-08,11:53:15,Burn02a,351,365,410.3,355.9
 2021-06-08,11:53:30,Burn02a,338.1,361.3,408.5,357.8
 2021-06-08,11:53:45,Burn02a,323.8,358.3,402.9,357
 2021-06-08,11:54:00,Burn02a,316.5,356.2,395.7,358.1
 2021-06-08,11:54:15,Burn02a,323,359.7,401.3,359.7
 2021-06-08,11:54:30,Burn02a,311.6,355.5,394.2,358.2
 2021-06-08,11:54:45,Burn02a,283.3,346.9,376.5,360.9
 2021-06-08,11:55:00,Burn02a,218.4,262.3,320.4,434.3
 2021-06-08,11:55:15,Burn02a,192.5,205.8,305.8,497.3
 2021-06-08,11:55:30,Burn02a,153.5,160.9,295.7,521.2
 2021-06-08,11:55:45,Burn02a,135.4,132.9,289.5,436.5
 2021-06-08,11:56:00,Burn02a,127.4,118.5,288.2,328.1
 2021-06-08,11:56:15,Burn02a,120.8,104.6,286.3,261
 2021-06-08,11:56:30,Burn02a,118.3,94.8,284.1,267.9
 2021-06-08,11:56:45,Burn02a,107.7,74.4,271.7,237.7
 2021-06-08,11:57:00,Burn02a,95.1,58.1,169.1,164.5
 2021-06-08,11:57:15,Burn02a,66.33,51.03,128.2,131.5
 2021-06-08,11:57:30,Burn02a,51.08,46.14,104.8,114.1
 2021-06-08,11:57:45,Burn02a,42.89,43.44,86.6,99.4
 2021-06-08,11:58:00,Burn02a,34.66,41.02,74.1,88.2
 2021-06-08,11:58:15,Burn02a,31.66,39.68,65.43,79.04
 2021-06-08,11:58:30,Burn02a,29.48,38.07,58.11,70.92
 2021-06-08,11:58:45,Burn02a,27.32,37.3,53.25,64.72
 2021-06-08,11:59:00,Burn02a,25.43,35.43,48.38,57.68
 2021-06-08,11:59:15,Burn02a,24.08,34.92,42.37,49.79
 2021-06-08,11:59:30,Burn02a,22.45,34.41,41.32,47.09
 2021-06-08,11:59:45,Burn02a,20.82,33.35,39.98,44.39
 2021-06-08,12:00:00,Burn02a,20.29,33.38,38.36,42.22
 2021-06-08,12:00:15,Burn02a,19.22,33.43,36.75,40.06
 2021-06-08,12:00:30,Burn02a,19.52,33.46,35.95,38.43
 2021-06-08,12:00:45,Burn02a,20.13,31.84,35.16,36.82
 2021-06-08,12:01:00,Burn02a,19.33,31.87,34.09,35.75
 2021-06-08,12:01:15,Burn02a,19.36,31.91,33.57,34.68
 2021-06-08,12:01:30,Burn02a,19.4,31.94,33.61,33.61
 2021-06-08,11:35:15,Burn02b,15.67,17.08,19.61,18.77
 2021-06-08,11:35:30,Burn02b,15.39,17.08,19.61,18.77
 2021-06-08,11:35:45,Burn02b,15.39,17.08,19.61,18.77
 2021-06-08,11:36:00,Burn02b,15.41,17.1,18.78,18.78
 2021-06-08,11:36:15,Burn02b,15.4,17.09,18.77,18.77
 2021-06-08,11:36:30,Burn02b,15.42,17.11,18.79,19.07
 2021-06-08,11:36:45,Burn02b,18.77,17.09,18.77,19.62
 2021-06-08,11:37:00,Burn02b,20.18,17.09,18.77,19.62
 2021-06-08,11:37:15,Burn02b,18.77,17.08,18.77,19.61
 2021-06-08,11:37:30,Burn02b,18.2,17.08,18.77,19.61
 2021-06-08,11:37:45,Burn02b,17.08,17.08,18.77,20.45
 2021-06-08,11:38:00,Burn02b,17.08,17.08,18.77,20.45
 2021-06-08,11:38:15,Burn02b,17.08,17.08,18.77,20.45
 2021-06-08,11:38:30,Burn02b,17.08,17.08,18.77,20.45
 2021-06-08,11:38:45,Burn02b,16.23,17.07,18.76,20.44
 2021-06-08,11:39:00,Burn02b,16.21,17.06,18.74,20.42
 2021-06-08,11:39:15,Burn02b,15.65,17.06,18.74,20.42
 2021-06-08,11:39:30,Burn02b,15.38,17.06,18.75,19.59
 2021-06-08,11:39:45,Burn02b,15.67,17.08,18.77,19.61
 2021-06-08,11:40:00,Burn02b,17.09,17.09,17.93,19.34
 2021-06-08,11:40:15,Burn02b,18.53,17.12,17.97,19.09
 2021-06-08,11:40:30,Burn02b,19.38,17.98,18.82,19.66
 2021-06-08,11:40:45,Burn02b,21.64,18.56,18.84,19.68
 2021-06-08,11:41:00,Burn02b,23.35,18.87,18.87,19.71
 2021-06-08,11:41:15,Burn02b,25.02,18.87,18.87,19.71
 2021-06-08,11:41:30,Burn02b,28.66,20.29,18.89,20.29
 2021-06-08,11:41:45,Burn02b,33.39,20.86,18.89,20.58
 2021-06-08,11:42:00,Burn02b,35.33,21.97,19.17,20.58
 2021-06-08,11:42:15,Burn02b,37.55,22.27,19.75,20.59
 2021-06-08,11:42:30,Burn02b,40.87,23.4,20.32,20.6
 2021-06-08,11:42:45,Burn02b,42.8,23.96,20.6,20.6
 2021-06-08,11:43:00,Burn02b,44.45,23.96,20.6,20.6
 2021-06-08,11:43:15,Burn02b,99.7,23.96,20.6,20.6
 2021-06-08,11:43:30,Burn02b,281,25.37,20.62,21.46
 2021-06-08,11:43:45,Burn02b,374,28.72,20.63,21.47
 2021-06-08,11:44:00,Burn02b,450.4,40.09,21.21,21.77
 2021-06-08,11:44:15,Burn02b,629.1,59.57,22.05,22.33
 2021-06-08,11:44:30,Burn02b,643,102.2,22.91,22.63
 2021-06-08,11:44:45,Burn02b,586.6,219.6,24.03,23.76
 2021-06-08,11:45:00,Burn02b,542.6,282.4,25.46,24.06
 2021-06-08,11:45:15,Burn02b,459.5,364.9,31.85,25.73
 2021-06-08,11:45:30,Burn02b,461.9,371.4,39.6,29.08
 2021-06-08,11:45:45,Burn02b,427.3,369,42.65,37.4
 2021-06-08,11:46:00,Burn02b,405.7,350.7,43.2,60.71
 2021-06-08,11:46:15,Burn02b,392.3,383.2,44.31,109.3
 2021-06-08,11:46:30,Burn02b,384.3,460.6,46.81,189.3
 2021-06-08,11:46:45,Burn02b,380.6,517.2,50.92,252.5
 2021-06-08,11:47:00,Burn02b,395.3,529.9,71.67,291.6
 2021-06-08,11:47:15,Burn02b,409,537.3,104.1,318.8
 2021-06-08,11:47:30,Burn02b,407.9,564.1,170.7,342.9
 2021-06-08,11:47:45,Burn02b,421.3,587,235.4,355.3
 2021-06-08,11:48:00,Burn02b,425,601.8,331.5,374.7
 2021-06-08,11:48:15,Burn02b,429.3,617.6,418.3,414.1
 2021-06-08,11:48:30,Burn02b,442.7,641.8,477.5,436.8
 2021-06-08,11:48:45,Burn02b,454.7,654.4,497.4,460.8
 2021-06-08,11:49:00,Burn02b,459.7,649.6,524,468.3
 2021-06-08,11:49:15,Burn02b,459.8,621.6,545.2,467.2
 2021-06-08,11:49:30,Burn02b,465.4,605.7,604.9,464
 2021-06-08,11:49:45,Burn02b,465.7,619.6,535.2,411.8
 2021-06-08,11:50:00,Burn02b,465.7,678.1,363,368.5
 2021-06-08,11:50:15,Burn02b,470.3,582.5,280.3,379.8
 2021-06-08,11:50:30,Burn02b,480.9,418.8,225.8,451.1
 2021-06-08,11:50:45,Burn02b,485.2,305.8,247,510.4
 2021-06-08,11:51:00,Burn02b,487.6,252.9,280.1,538.8
 2021-06-08,11:51:15,Burn02b,492.9,222.5,314.3,592.3
 2021-06-08,11:51:30,Burn02b,500.6,204.8,425.9,530.3
 2021-06-08,11:51:45,Burn02b,504.1,194.6,453.4,408.1
 2021-06-08,11:52:00,Burn02b,502.5,292.5,485.6,409.7
 2021-06-08,11:52:15,Burn02b,502.6,411.5,482.7,410.2
 2021-06-08,11:52:30,Burn02b,498.1,467.3,487.5,414.8
 2021-06-08,11:52:45,Burn02b,492,488.3,491.5,418
 2021-06-08,11:53:00,Burn02b,489.9,497.9,509,419.1
 2021-06-08,11:53:15,Burn02b,486.5,509,504.8,418.1
 2021-06-08,11:53:30,Burn02b,486.2,513.5,494.2,412.8
 2021-06-08,11:53:45,Burn02b,485.2,510.7,477,407.2
 2021-06-08,11:54:00,Burn02b,487.6,501.1,443,405.9
 2021-06-08,11:54:15,Burn02b,500.1,501.2,423.8,406.7
 2021-06-08,11:54:30,Burn02b,500.7,488.5,411.8,405.9
 2021-06-08,11:54:45,Burn02b,499.9,474.7,404.6,404.9
 2021-06-08,11:55:00,Burn02b,499.4,446.8,392.6,401.5
 2021-06-08,11:55:15,Burn02b,498.1,442.3,402,397.2
 2021-06-08,11:55:30,Burn02b,512.5,449.8,414.1,394.3
 2021-06-08,11:55:45,Burn02b,552.8,448.8,414.4,394.3
 2021-06-08,11:56:00,Burn02b,560.8,466.9,413.7,395.2
 2021-06-08,11:56:15,Burn02b,556.6,494.6,414.5,394.4
 2021-06-08,11:56:30,Burn02b,541.8,513.7,410.5,390.2
 2021-06-08,11:56:45,Burn02b,529.1,521.2,406.3,387.3
 2021-06-08,11:57:00,Burn02b,545.6,525.5,405.8,386.8
 2021-06-08,11:57:15,Burn02b,543.5,494.7,403.7,387.1
 2021-06-08,11:57:30,Burn02b,487.4,417.1,403.5,386.3
 2021-06-08,11:57:45,Burn02b,415.3,396.8,402.7,385.1
 2021-06-08,11:58:00,Burn02b,403.3,384.6,398,383
 2021-06-08,11:58:15,Burn02b,403.9,366.9,392.1,376.8
 2021-06-08,11:58:30,Burn02b,406.1,351.3,386.3,370.7
 2021-06-08,11:58:45,Burn02b,412,343.3,381.5,367
 2021-06-08,11:59:00,Burn02b,418,326.6,380.2,367
 2021-06-08,11:59:15,Burn02b,417.5,319.6,376.5,367.6
 2021-06-08,11:59:30,Burn02b,415.1,308.7,373.6,373
 2021-06-08,11:59:45,Burn02b,418.1,300.1,370.9,367.4
 2021-06-08,12:00:00,Burn02b,414.1,293.6,366.1,358.3
 2021-06-08,12:00:15,Burn02b,413.4,279.6,362.4,349.2
 2021-06-08,12:00:30,Burn02b,410.7,263.4,354.4,342.2
 2021-06-08,12:00:45,Burn02b,404.6,247.4,340.4,333.6
 2021-06-08,12:01:00,Burn02b,399.6,236.9,326.3,327.2
 2021-06-08,12:01:15,Burn02b,376,222.6,311.2,319.3
 2021-06-08,12:01:30,Burn02b,289.9,181.2,258.6,256.9
 2021-06-08,10:31:15,Burn02b,32.19,27.75,26.63,20.49
 2021-06-08,10:31:30,Burn02b,32.19,28.03,26.36,20.49
 2021-06-08,10:31:45,Burn02b,32.19,28.03,26.36,20.49
 2021-06-08,10:32:00,Burn02b,32.19,27.75,26.36,20.49
 2021-06-08,10:32:15,Burn02b,31.92,27.19,26.36,20.49
 2021-06-08,10:32:30,Burn02b,31.38,27.21,26.37,20.51
 2021-06-08,10:32:45,Burn02b,30.56,27.22,26.38,20.52
 2021-06-08,10:33:00,Burn02b,30.86,27.25,26.41,20.54
 2021-06-08,10:33:15,Burn02b,31.42,27.25,26.41,20.54
 2021-06-08,10:33:30,Burn02b,31.42,27.25,26.41,20.54
 2021-06-08,10:33:45,Burn02b,32.28,27.27,26.44,20.57
 2021-06-08,10:34:00,Burn02b,32,27.27,26.44,20.57
 2021-06-08,10:34:15,Burn02b,31.47,27.3,26.47,20.6
 2021-06-08,10:34:30,Burn02b,31.47,27.3,26.47,20.6
 2021-06-08,10:34:45,Burn02b,31.47,27.3,26.47,20.6
 2021-06-08,12:51:30,Burn03a,26.09,26.93,32.77,27.77
 2021-06-08,12:51:45,Burn03a,26.24,27.08,32.08,27.91
 2021-06-08,12:52:00,Burn03a,26.38,26.66,32.22,28.05
 2021-06-08,12:52:15,Burn03a,26.52,26.52,31.53,28.19
 2021-06-08,12:52:30,Burn03a,26.66,26.66,31.66,28.33
 2021-06-08,12:52:45,Burn03a,26.82,26.82,31.83,28.49
 2021-06-08,12:53:00,Burn03a,26.95,26.95,31.95,28.62
 2021-06-08,12:53:15,Burn03a,27.12,27.12,32.12,28.79
 2021-06-08,12:53:30,Burn03a,27.27,27.27,32.27,28.94
 2021-06-08,12:53:45,Burn03a,27.41,27.41,31.86,29.08
 2021-06-08,12:54:00,Burn03a,27.48,27.48,31.37,29.15
 2021-06-08,12:54:15,Burn03a,27.54,27.54,30.88,29.21
 2021-06-08,12:54:30,Burn03a,27.54,27.54,30.88,29.21
 2021-06-08,12:54:45,Burn03a,27.52,27.52,30.86,29.19
 2021-06-08,12:55:00,Burn03a,27.47,27.47,30.8,29.14
 2021-06-08,12:55:15,Burn03a,27.94,27.38,31,29.05
 2021-06-08,12:55:30,Burn03a,28.95,27.28,31.45,28.95
 2021-06-08,12:55:45,Burn03a,28.79,27.12,31.29,28.79
 2021-06-08,12:56:00,Burn03a,28.66,26.99,31.72,28.66
 2021-06-08,12:56:15,Burn03a,28.53,26.86,31.87,28.53
 2021-06-08,12:56:30,Burn03a,29.2,28.09,31.7,28.37
 2021-06-08,12:56:45,Burn03a,29.89,28.22,31.55,28.22
 2021-06-08,12:57:00,Burn03a,35.28,30.01,31.4,29.18
 2021-06-08,12:57:15,Burn03a,52.72,31.51,31.24,29.57
 2021-06-08,12:57:30,Burn03a,95.4,33.86,31.09,29.42
 2021-06-08,12:57:45,Burn03a,173.7,34.25,31.2,29.54
 2021-06-08,12:58:00,Burn03a,375.8,35.77,31.61,30.78
 2021-06-08,12:58:15,Burn03a,499.2,40.58,32.01,30.62
 2021-06-08,12:58:30,Burn03a,474.8,64.27,32.14,30.47
 2021-06-08,12:58:45,Burn03a,371.9,96.8,31.99,30.33
 2021-06-08,12:59:00,Burn03a,307.1,145.1,31.85,30.74
 2021-06-08,12:59:15,Burn03a,262,290.3,31.68,31.68
 2021-06-08,12:59:30,Burn03a,226.8,379.5,32.91,31.52
 2021-06-08,12:59:45,Burn03a,191.1,397.4,34.7,38.02
 2021-06-08,13:00:00,Burn03a,162.7,380.5,47.22,47.24
 2021-06-08,13:00:15,Burn03a,143.4,505.7,58.86,63.22
 2021-06-08,13:00:30,Burn03a,131.6,570.1,68.01,76.72
 2021-06-08,13:00:45,Burn03a,125.8,436.6,74.94,83.9
 2021-06-08,13:01:00,Burn03a,123.5,365,120.7,161.7
 2021-06-08,13:01:15,Burn03a,121.4,364.1,143.4,239.8
 2021-06-08,13:01:30,Burn03a,115,339.9,158.5,192.4
 2021-06-08,13:01:45,Burn03a,106.1,296.3,183.2,155.8
 2021-06-08,13:02:00,Burn03a,96.1,266.1,222.6,135.8
 2021-06-08,13:02:15,Burn03a,91.6,218.6,268.1,122.6
 2021-06-08,13:02:30,Burn03a,89.3,191.9,316.1,113.9
 2021-06-08,13:02:45,Burn03a,87.8,174.2,362.5,108.3
 2021-06-08,13:03:00,Burn03a,83.1,162.8,381.2,106.8
 2021-06-08,13:03:15,Burn03a,85.2,153.1,388.7,189.2
 2021-06-08,13:03:30,Burn03a,105.9,145.1,411.6,319
 2021-06-08,13:03:45,Burn03a,149.5,136.6,437.9,323.2
 2021-06-08,13:04:00,Burn03a,216.8,134.3,427.9,300.5
 2021-06-08,13:04:15,Burn03a,324.5,133.3,405.9,276
 2021-06-08,13:04:30,Burn03a,402.6,131.9,385.5,256.1
 2021-06-08,13:04:45,Burn03a,431.7,131.8,360.1,240.5
 2021-06-08,13:05:00,Burn03a,436.6,133.9,336.3,226.7
 2021-06-08,13:05:15,Burn03a,445.6,136,314.5,217.6
 2021-06-08,13:05:30,Burn03a,443.4,136.5,292.6,213.3
 2021-06-08,13:05:45,Burn03a,443.1,136.4,277.2,217.7
 2021-06-08,13:06:00,Burn03a,448.3,136.4,260,209.2
 2021-06-08,13:06:15,Burn03a,461.8,138,250,211.3
 2021-06-08,13:06:30,Burn03a,462.8,137.3,242.7,203.9
 2021-06-08,13:06:45,Burn03a,484,136.1,234.2,201
 2021-06-08,13:07:00,Burn03a,512.1,134.4,232.5,212
 2021-06-08,13:07:15,Burn03a,512.5,133.8,224.6,224
 2021-06-08,13:07:30,Burn03a,506.1,132.6,215.5,230.1
 2021-06-08,13:07:45,Burn03a,509.2,132.5,210.4,228.4
 2021-06-08,13:08:00,Burn03a,501.2,132.5,204.9,227.2
 2021-06-08,13:08:15,Burn03a,479.9,132.4,199.5,223.2
 2021-06-08,13:08:30,Burn03a,470.3,133.2,188.6,215.2
 2021-06-08,13:08:45,Burn03a,474.5,136.4,184.6,215.7
 2021-06-08,13:09:00,Burn03a,468,139.7,178,213.7
 2021-06-08,13:09:15,Burn03a,457.6,141.6,174,203.4
 2021-06-08,13:09:30,Burn03a,445.8,142.6,179.9,195.2
 2021-06-08,13:09:45,Burn03a,441.5,160.9,203.6,187.7
 2021-06-08,13:10:00,Burn03a,435.8,219.3,200.1,179.2
 2021-06-08,13:10:15,Burn03a,441.1,250.8,189,169.5
 2021-06-08,13:10:30,Burn03a,441.6,277,179,164
 2021-06-08,13:10:45,Burn03a,437.8,299.4,168.2,160.3
 2021-06-08,13:11:00,Burn03a,434,311.3,160.8,156.9
 2021-06-08,13:11:15,Burn03a,431.8,310.7,157.1,151.8
 2021-06-08,13:11:30,Burn03a,432.8,303.6,153.7,146.7
 2021-06-08,13:11:45,Burn03a,436.8,297.6,148.9,141.3
 2021-06-08,13:12:00,Burn03a,449,293.2,146,133.2
 2021-06-08,13:12:15,Burn03a,448.7,289.3,142.6,125.6
 2021-06-08,13:12:30,Burn03a,445.5,285.7,140.9,122
 2021-06-08,13:12:45,Burn03a,449.1,281,135.8,122.5
 2021-06-08,13:13:00,Burn03a,471.4,283.9,140.8,124.7
 2021-06-08,13:13:15,Burn03a,486,287.5,146.4,126
 2021-06-08,13:13:30,Burn03a,501.3,292.3,145.7,125.9
 2021-06-08,13:13:45,Burn03a,515.9,292.8,147.4,126.2
 2021-06-08,13:14:00,Burn03a,525.3,279,147.3,126.1
 2021-06-08,13:14:15,Burn03a,443.5,275.2,134.4,139.1
 2021-06-08,13:14:30,Burn03a,382.4,307.3,125.1,142.7
 2021-06-08,13:14:45,Burn03a,357.6,373.2,117.6,142
 2021-06-08,13:15:00,Burn03a,344,335.4,107.1,143.1
 2021-06-08,13:15:15,Burn03a,215.2,224.7,73.77,96.9
 2021-06-08,13:15:30,Burn03a,148,158.2,67.19,78.9
 2021-06-08,13:15:45,Burn03a,110.8,130.7,73.14,62.51
 2021-06-08,13:16:00,Burn03a,78.81,114.1,72.01,47.69
 2021-06-08,13:16:15,Burn03a,61.06,101.4,70.6,40.22
 2021-06-08,13:16:30,Burn03a,50.08,92.3,69.2,36.03
 2021-06-08,13:16:45,Burn03a,44.8,85.2,67.51,32.65
 2021-06-08,13:17:00,Burn03a,39.22,81.1,66.35,30.64
 2021-06-08,13:17:15,Burn03a,35.31,76.11,66.04,29.21
 2021-06-08,13:17:30,Burn03a,31.36,71.69,64.61,27.75
 2021-06-08,13:17:45,Burn03a,29.65,68.93,64.57,27.42
 2021-06-08,13:18:00,Burn03a,29.05,66.7,64.52,27.38
 2021-06-08,13:18:15,Burn03a,29.02,64.76,63.4,27.35
 2021-06-08,13:18:30,Burn03a,28.7,63.36,62.81,26.47
 2021-06-08,13:18:45,Burn03a,27.84,62.24,62.79,25.61
 2021-06-08,13:19:00,Burn03a,27.25,61.12,62.48,25.58
 2021-06-08,13:19:15,Burn03a,27.22,60,61.36,25.54
 2021-06-08,13:19:30,Burn03a,27.5,59.45,61.09,25.54
 2021-06-08,12:51:30,Burn03b,31.1,31.1,23.58,21.9
 2021-06-08,12:51:45,Burn03b,31.25,31.25,23.73,21.77
 2021-06-08,12:52:00,Burn03b,31.39,30.55,23.87,20.51
 2021-06-08,12:52:15,Burn03b,31.25,29.86,24.01,20.65
 2021-06-08,12:52:30,Burn03b,29.99,29.99,24.15,20.79
 2021-06-08,12:52:45,Burn03b,30.16,30.16,24.31,20.96
 2021-06-08,12:53:00,Burn03b,30.29,30.29,24.44,21.08
 2021-06-08,12:53:15,Burn03b,30.45,30.45,24.61,21.25
 2021-06-08,12:53:30,Burn03b,30.61,30.61,24.76,21.41
 2021-06-08,12:53:45,Burn03b,30.75,29.91,24.9,21.55
 2021-06-08,12:54:00,Burn03b,30.82,29.71,24.97,21.62
 2021-06-08,12:54:15,Burn03b,30.88,30.04,25.03,22.52
 2021-06-08,12:54:30,Burn03b,30.88,30.6,24.47,23.36
 2021-06-08,12:54:45,Burn03b,30.86,30.86,24.18,23.34
 2021-06-08,12:55:00,Burn03b,30.8,30.8,24.4,23.28
 2021-06-08,12:55:15,Burn03b,30.72,30.72,24.87,23.2
 2021-06-08,12:55:30,Burn03b,30.62,30.62,24.77,23.1
 2021-06-08,12:55:45,Burn03b,31.29,30.45,24.61,22.93
 2021-06-08,12:56:00,Burn03b,31.72,30.33,24.48,22.8
 2021-06-08,12:56:15,Burn03b,31.87,30.2,24.35,22.68
 2021-06-08,12:56:30,Burn03b,31.7,30.04,24.19,22.79
 2021-06-08,12:56:45,Burn03b,31.55,30.44,24.03,24.03
 2021-06-08,12:57:00,Burn03b,31.4,30.57,24.72,23.88
 2021-06-08,12:57:15,Burn03b,31.24,30.4,25.39,23.72
 2021-06-08,12:57:30,Burn03b,31.09,30.26,25.24,23.57
 2021-06-08,12:57:45,Burn03b,30.93,30.65,25.08,23.4
 2021-06-08,12:58:00,Burn03b,31.61,30.78,24.93,23.26
 2021-06-08,12:58:15,Burn03b,32.28,30.62,24.77,23.09
 2021-06-08,12:58:30,Burn03b,32.14,30.47,24.62,22.95
 2021-06-08,12:58:45,Burn03b,31.99,30.33,25.03,22.8
 2021-06-08,12:59:00,Burn03b,31.85,30.18,25.17,22.65
 2021-06-08,12:59:15,Burn03b,31.68,30.01,25,24.16
 2021-06-08,12:59:30,Burn03b,31.52,29.85,24.84,24
 2021-06-08,12:59:45,Burn03b,31.38,29.71,24.7,23.86
 2021-06-08,13:00:00,Burn03b,31.5,29.56,24.54,23.7
 2021-06-08,13:00:15,Burn03b,31.9,29.4,24.66,23.55
 2021-06-08,13:00:30,Burn03b,32.05,29.83,25.65,24.26
 2021-06-08,13:00:45,Burn03b,32.45,29.95,25.78,24.1
 2021-06-08,13:01:00,Burn03b,32.3,29.8,25.62,23.95
 2021-06-08,13:01:15,Burn03b,32.19,29.69,25.51,23.83
 2021-06-08,13:01:30,Burn03b,32.06,30.39,25.66,23.71
 2021-06-08,13:01:45,Burn03b,31.92,30.26,26.64,23.57
 2021-06-08,13:02:00,Burn03b,31.81,30.14,26.8,23.73
 2021-06-08,13:02:15,Burn03b,31.7,30.03,26.69,24.74
 2021-06-08,13:02:30,Burn03b,31.55,29.88,27.93,24.87
 2021-06-08,13:02:45,Burn03b,31.44,30.05,28.66,24.76
 2021-06-08,13:03:00,Burn03b,32.43,31.32,31.32,24.64
 2021-06-08,13:03:15,Burn03b,32.88,31.21,32.88,24.53
 2021-06-08,13:03:30,Burn03b,32.77,31.1,34.43,24.7
 2021-06-08,13:03:45,Burn03b,32.66,30.99,34.32,25.99
 2021-06-08,13:04:00,Burn03b,32.55,31.16,34.21,25.87
 2021-06-08,13:04:15,Burn03b,32.44,31.89,35.21,25.76
 2021-06-08,13:04:30,Burn03b,33.74,32.36,35.68,25.68
 2021-06-08,13:04:45,Burn03b,33.92,32.26,35.59,25.86
 2021-06-08,13:05:00,Burn03b,33.83,32.16,34.66,26.88
 2021-06-08,13:05:15,Burn03b,33.74,32.08,34.02,27.07
 2021-06-08,13:05:30,Burn03b,33.67,32.01,33.67,27
 2021-06-08,13:05:45,Burn03b,34.41,31.91,33.58,26.91
 2021-06-08,13:06:00,Burn03b,35.17,31.84,33.5,26.83
 2021-06-08,13:06:15,Burn03b,35.1,32.05,33.43,26.76
 2021-06-08,13:06:30,Burn03b,35.04,32.54,33.37,27.26
 2021-06-08,13:06:45,Burn03b,34.96,33.29,33.29,27.46
 2021-06-08,13:07:00,Burn03b,35.18,33.25,33.25,27.97
 2021-06-08,13:07:15,Burn03b,35.66,33.16,33.16,28.16
 2021-06-08,13:07:30,Burn03b,36.42,33.09,33.09,28.09
 2021-06-08,13:07:45,Burn03b,36.35,33.02,34.69,28.02
 2021-06-08,13:08:00,Burn03b,36.27,32.95,36.27,27.95
 2021-06-08,13:08:15,Burn03b,36.21,32.88,37.31,27.88
 2021-06-08,13:08:30,Burn03b,36.14,32.81,38.9,28.64
 2021-06-08,13:08:45,Burn03b,36.9,32.74,40.49,29.41
 2021-06-08,13:09:00,Burn03b,37.38,32.67,41.52,30.17
 2021-06-08,13:09:15,Burn03b,37.6,33.17,191.1,31.5
 2021-06-08,13:09:30,Burn03b,37.53,33.38,447,35.59
 2021-06-08,13:09:45,Burn03b,37.46,33.31,562.8,44.63
 2021-06-08,13:10:00,Burn03b,37.4,32.97,437.9,77.07
 2021-06-08,13:10:15,Burn03b,37.33,83,466.6,129.1
 2021-06-08,13:10:30,Burn03b,38.37,317.7,519.7,179.9
 2021-06-08,13:10:45,Burn03b,38.87,537.6,549.8,230
 2021-06-08,13:11:00,Burn03b,38.82,615.9,525.9,272.5
 2021-06-08,13:11:15,Burn03b,38.77,622.3,493.2,308.8
 2021-06-08,13:11:30,Burn03b,38.73,463.8,424.3,359.1
 2021-06-08,13:11:45,Burn03b,38.69,347.7,357.2,370.1
 2021-06-08,13:12:00,Burn03b,38.91,247.3,263.1,257.9
 2021-06-08,13:12:15,Burn03b,40.25,163.2,216,244.1
 2021-06-08,13:12:30,Burn03b,40.22,122.3,186,234
 2021-06-08,13:12:45,Burn03b,40.17,103.3,161.9,221
 2021-06-08,13:13:00,Burn03b,40.11,90.4,142.5,209.1
 2021-06-08,13:13:15,Burn03b,40.08,83.5,124.1,198.9
 2021-06-08,13:13:30,Burn03b,40.56,79.93,106.1,189.2
 2021-06-08,13:13:45,Burn03b,40.78,80.1,97.3,182.1
 2021-06-08,13:14:00,Burn03b,40.72,83.3,85.5,176.6
 2021-06-08,13:14:15,Burn03b,40.66,91.5,72.4,194.1
 2021-06-08,13:14:30,Burn03b,40.59,108.3,70.43,231.2
 2021-06-08,13:14:45,Burn03b,43.8,128.7,70.06,272.2
 2021-06-08,13:15:00,Burn03b,48.14,146.7,70.01,315.3
 2021-06-08,13:15:15,Burn03b,49.75,161,69.69,346.7
 2021-06-08,13:15:30,Burn03b,51.07,176.2,66.65,374.7
 2021-06-08,13:15:45,Burn03b,52.4,190.9,64.42,396.1
 2021-06-08,13:16:00,Burn03b,53.45,201.6,66.29,390.7
 2021-06-08,13:16:15,Burn03b,53.41,213.5,75.5,376.2
 2021-06-08,13:16:30,Burn03b,53.37,223.5,85.5,362.7
 2021-06-08,13:16:45,Burn03b,54.4,231.9,92.6,345.4
 2021-06-08,13:17:00,Burn03b,54.89,241.1,93.6,331.2
 2021-06-08,13:17:15,Burn03b,54.84,249.1,90.3,318.2
 2021-06-08,13:17:30,Burn03b,54.78,255.1,86.1,308.3
 2021-06-08,13:17:45,Burn03b,54.73,260.6,84.7,299.6
 2021-06-08,13:18:00,Burn03b,54.69,263.6,81.9,290.8
 2021-06-08,13:18:15,Burn03b,54.66,264.9,83,280.3
 2021-06-08,13:18:30,Burn03b,54.62,266.3,83.5,270.1
 2021-06-08,13:18:45,Burn03b,54.87,272,81.3,264.3
 2021-06-08,13:19:00,Burn03b,45.78,208.9,63.3,175
 2021-06-08,13:19:15,Burn03b,43.83,162.6,58.08,128.4
 2021-06-08,13:19:30,Burn03b,44.1,135.1,55.08,105.3
 2021-06-09,8:20:45,Burn04a,13.2,13.2,13.2,13.2
 2021-06-09,8:21:00,Burn04a,13.18,13.18,13.18,13.18
 2021-06-09,8:21:15,Burn04a,13.16,13.16,13.16,13.16
 2021-06-09,8:21:30,Burn04a,13.14,13.14,13.14,13.14
 2021-06-09,8:21:45,Burn04a,13.13,13.13,13.13,13.13
 2021-06-09,8:22:00,Burn04a,13.1,13.1,13.1,13.1
 2021-06-09,8:22:15,Burn04a,13.08,13.08,13.08,13.08
 2021-06-09,8:22:30,Burn04a,13.07,13.07,13.07,13.07
 2021-06-09,8:22:45,Burn04a,13.05,13.05,13.05,13.05
 2021-06-09,8:23:00,Burn04a,13.02,13.02,13.02,13.02
 2021-06-09,8:23:15,Burn04a,12.99,12.99,12.99,12.99
 2021-06-09,8:23:30,Burn04a,12.98,12.98,12.98,12.98
 2021-06-09,8:23:45,Burn04a,12.97,12.97,12.97,12.97
 2021-06-09,8:24:00,Burn04a,12.94,12.94,12.94,12.94
 2021-06-09,8:24:15,Burn04a,12.93,12.93,12.93,12.93
 2021-06-09,8:24:30,Burn04a,12.9,12.9,12.9,12.9
 2021-06-09,8:24:45,Burn04a,12.88,12.88,12.88,12.88
 2021-06-09,8:25:00,Burn04a,12.86,12.86,12.86,12.86
 2021-06-09,8:25:15,Burn04a,12.85,12.85,12.85,12.85
 2021-06-09,8:25:30,Burn04a,12.83,12.83,12.83,12.83
 2021-06-09,8:25:45,Burn04a,12.82,12.82,12.82,12.82
 2021-06-09,8:26:00,Burn04a,12.8,12.8,12.8,12.8
 2021-06-09,8:26:15,Burn04a,12.77,12.77,12.77,12.77
 2021-06-09,8:26:30,Burn04a,12.76,12.76,12.76,12.76
 2021-06-09,8:26:45,Burn04a,12.74,12.74,12.74,12.74
 2021-06-09,8:27:00,Burn04a,12.72,12.72,12.72,12.72
 2021-06-09,8:27:15,Burn04a,12.72,12.72,12.72,12.72
 2021-06-09,8:27:30,Burn04a,13.25,13.25,12.69,12.69
 2021-06-09,8:27:45,Burn04a,14.36,14.07,12.66,12.66
 2021-06-09,8:28:00,Burn04a,41.45,16.03,12.64,13.49
 2021-06-09,8:28:15,Burn04a,93.2,35.74,14.59,15.72
 2021-06-09,8:28:30,Burn04a,141.8,267.4,26.32,22.16
 2021-06-09,8:28:45,Burn04a,222,500.8,127.4,96.5
 2021-06-09,8:29:00,Burn04a,278.3,547.4,363.2,180
 2021-06-09,8:29:15,Burn04a,379.4,526.8,506.9,357
 2021-06-09,8:29:30,Burn04a,450.5,384.5,538.9,414.6
 2021-06-09,8:29:45,Burn04a,484.6,289,488.5,357.1
 2021-06-09,8:30:00,Burn04a,459.3,224.2,337.1,276.6
 2021-06-09,8:30:15,Burn04a,416.4,209.3,268.2,223.1
 2021-06-09,8:30:30,Burn04a,395.5,202.5,230.7,194
 2021-06-09,8:30:45,Burn04a,351.4,192.6,193.2,166
 2021-06-09,8:31:00,Burn04a,324.7,185,162.9,148.6
 2021-06-09,8:31:15,Burn04a,308.1,182.7,140.4,135.1
 2021-06-09,8:31:30,Burn04a,277.2,172.5,126,121.5
 2021-06-09,8:31:45,Burn04a,248.5,160.1,111.3,105
 2021-06-09,8:32:00,Burn04a,220.5,156.7,108.3,95.7
 2021-06-09,8:32:15,Burn04a,198.5,149.9,102.8,88.1
 2021-06-09,8:32:30,Burn04a,182.6,139.3,93.5,79.37
 2021-06-09,8:32:45,Burn04a,164.5,135.9,89.7,69.83
 2021-06-09,8:33:00,Burn04a,148.8,129.5,87.5,66.02
 2021-06-09,8:33:15,Burn04a,137.6,122,87,61.93
 2021-06-09,8:33:30,Burn04a,128.1,115.4,84.2,54.82
 2021-06-09,8:33:45,Burn04a,115.4,104.4,76.35,52.08
 2021-06-09,8:34:00,Burn04a,110.2,102.8,76.06,49.87
 2021-06-09,8:34:15,Burn04a,107.2,98.4,76.33,49.32
 2021-06-09,8:34:30,Burn04a,101.4,95.4,72.25,49.87
 2021-06-09,8:34:45,Burn04a,84.8,82,62.71,42.16
 2021-06-09,8:35:00,Burn04a,60.23,56.13,49.29,34.14
 2021-06-09,8:35:15,Burn04a,48.74,43.8,42.7,31.09
 2021-06-09,8:20:45,Burn04b,12.35,13.2,13.2,11.51
 2021-06-09,8:21:00,Burn04b,12.33,13.18,12.89,11.48
 2021-06-09,8:21:15,Burn04b,12.03,13.16,12.31,20.17
 2021-06-09,8:21:30,Burn04b,12.01,13.14,12.29,20.73
 2021-06-09,8:21:45,Burn04b,12,13.13,12.28,18.76
 2021-06-09,8:22:00,Burn04b,11.69,12.54,12.26,16.76
 2021-06-09,8:22:15,Burn04b,12.24,12.24,12.24,16.18
 2021-06-09,8:22:30,Burn04b,12.22,12.22,12.22,14.76
 2021-06-09,8:22:45,Burn04b,11.92,12.2,12.2,14.74
 2021-06-09,8:23:00,Burn04b,12.17,12.17,12.17,14.15
 2021-06-09,8:23:15,Burn04b,12.15,12.15,12.15,13.28
 2021-06-09,8:23:30,Burn04b,12.14,12.14,12.14,12.98
 2021-06-09,8:23:45,Burn04b,12.12,11.55,12.12,12.97
 2021-06-09,8:24:00,Burn04b,12.09,11.52,12.09,12.94
 2021-06-09,8:24:15,Burn04b,12.08,11.51,12.08,12.93
 2021-06-09,8:24:30,Burn04b,12.05,11.77,12.05,12.9
 2021-06-09,8:24:45,Burn04b,12.03,12.03,12.03,12.88
 2021-06-09,8:25:00,Burn04b,12.02,12.02,12.02,12.86
 2021-06-09,8:25:15,Burn04b,12.01,12.01,12.01,12.85
 2021-06-09,8:25:30,Burn04b,11.98,11.98,11.98,12.83
 2021-06-09,8:25:45,Burn04b,11.97,11.97,11.97,12.82
 2021-06-09,8:26:00,Burn04b,11.95,11.95,11.95,12.8
 2021-06-09,8:26:15,Burn04b,12.21,11.93,11.93,12.77
 2021-06-09,8:26:30,Burn04b,11.92,11.92,11.92,12.76
 2021-06-09,8:26:45,Burn04b,11.9,11.9,11.9,12.74
 2021-06-09,8:27:00,Burn04b,12.44,11.87,11.87,12.44
 2021-06-09,8:27:15,Burn04b,12.72,11.87,11.87,11.87
 2021-06-09,8:27:30,Burn04b,12.69,11.84,11.84,11.84
 2021-06-09,8:27:45,Burn04b,12.66,11.82,11.82,11.82
 2021-06-09,8:28:00,Burn04b,12.08,11.8,11.8,11.8
 2021-06-09,8:28:15,Burn04b,12.62,12.05,11.77,11.77
 2021-06-09,8:28:30,Burn04b,12.33,12.61,11.76,12.04
 2021-06-09,8:28:45,Burn04b,12.58,12.58,12.3,12.58
 2021-06-09,8:29:00,Burn04b,12.56,13.97,12.56,12.56
 2021-06-09,8:29:15,Burn04b,14.25,15.09,12.55,12.55
 2021-06-09,8:29:30,Burn04b,23.2,20.69,13.38,13.38
 2021-06-09,8:29:45,Burn04b,51.62,61.13,15.62,14.21
 2021-06-09,8:30:00,Burn04b,85.2,262.9,15.88,15.04
 2021-06-09,8:30:15,Burn04b,138.3,421.4,17.57,16.16
 2021-06-09,8:30:30,Burn04b,165.2,308.8,57.77,19.23
 2021-06-09,8:30:45,Burn04b,168.3,230.1,183.9,28.71
 2021-06-09,8:31:00,Burn04b,155.6,172.5,351.1,80.8
 2021-06-09,8:31:15,Burn04b,136.8,141.3,431.3,292.3
 2021-06-09,8:31:30,Burn04b,117.7,120.2,447,386.1
 2021-06-09,8:31:45,Burn04b,104.2,97.9,450.7,368.3
 2021-06-09,8:32:00,Burn04b,94.1,86.7,471.5,386.9
 2021-06-09,8:32:15,Burn04b,86.5,75.3,492.7,391.7
 2021-06-09,8:32:30,Burn04b,77.74,65.22,511.5,375.3
 2021-06-09,8:32:45,Burn04b,70.1,52.09,504.1,329.7
 2021-06-09,8:33:00,Burn04b,67.38,48.8,498.8,314.8
 2021-06-09,8:33:15,Burn04b,64.93,46.33,494.3,299.3
 2021-06-09,8:33:30,Burn04b,63.02,42.75,491.3,275.2
 2021-06-09,8:33:45,Burn04b,63.01,38.05,485.5,259.8
 2021-06-09,8:34:00,Burn04b,61.63,35.82,474.1,261.2
 2021-06-09,8:34:15,Burn04b,59.72,34.99,462.4,263.9
 2021-06-09,8:34:30,Burn04b,58.35,33.89,473.5,255.1
 2021-06-09,8:34:45,Burn04b,56.16,31.66,430.6,229.9
 2021-06-09,8:35:00,Burn04b,41.87,28.58,257.6,151.3
 2021-06-09,8:35:15,Burn04b,33.31,23.57,172.4,111.8
 2021-06-09,9:50:15,Burn06a,21.59,23.26,23.26,23.26
 2021-06-09,9:50:30,Burn06a,21.68,23.36,23.36,23.08
 2021-06-09,9:50:45,Burn06a,21.85,23.24,22.12,22.4
 2021-06-09,9:51:00,Burn06a,22.07,22.35,22.07,22.07
 2021-06-09,9:51:15,Burn06a,21.52,22.35,22.35,22.35
 2021-06-09,9:51:30,Burn06a,21.47,22.59,22.59,22.59
 2021-06-09,9:51:45,Burn06a,21.95,22.78,22.78,22.78
 2021-06-09,9:52:00,Burn06a,22.38,22.94,22.94,22.94
 2021-06-09,9:52:15,Burn06a,23.04,23.04,23.04,23.04
 2021-06-09,9:52:30,Burn06a,23.11,23.11,23.11,23.11
 2021-06-09,9:52:45,Burn06a,23.16,23.44,23.16,23.16
 2021-06-09,9:53:00,Burn06a,23.18,24.02,23.18,23.18
 2021-06-09,9:53:15,Burn06a,23.19,24.03,23.19,23.19
 2021-06-09,9:53:30,Burn06a,23.2,24.04,23.2,23.2
 2021-06-09,9:53:45,Burn06a,23.21,24.61,23.21,23.21
 2021-06-09,9:54:00,Burn06a,23.2,24.87,23.2,23.2
 2021-06-09,9:54:15,Burn06a,23.18,24.86,24.02,24.02
 2021-06-09,9:54:30,Burn06a,24.58,24.86,24.86,24.58
 2021-06-09,9:54:45,Burn06a,31.78,27.35,26.23,24.84
 2021-06-09,9:55:00,Burn06a,59.26,34,32.06,24.83
 2021-06-09,9:55:15,Burn06a,91.1,57.88,170,26.75
 2021-06-09,9:55:30,Burn06a,168.3,77.23,415.7,41.68
 2021-06-09,9:55:45,Burn06a,299.1,96,525.9,89.2
 2021-06-09,9:56:00,Burn06a,429.2,83.5,602.5,185.5
 2021-06-09,9:56:15,Burn06a,404.5,86.5,580.8,258.4
 2021-06-09,9:56:30,Burn06a,335.4,91.4,477,313
 2021-06-09,9:56:45,Burn06a,292.5,96.8,438.5,352.7
 2021-06-09,9:57:00,Burn06a,257.9,106.1,427.8,387.7
 2021-06-09,9:57:15,Burn06a,233.4,119,504.6,418.5
 2021-06-09,9:57:30,Burn06a,223.9,133.4,501.4,463.2
 2021-06-09,9:57:45,Burn06a,201.3,146.5,475.4,493.8
 2021-06-09,9:58:00,Burn06a,184,161.7,439.5,535.6
 2021-06-09,9:58:15,Burn06a,173.9,177.2,390.5,555.2
 2021-06-09,9:58:30,Burn06a,169.6,192.2,306.9,590.8
 2021-06-09,9:58:45,Burn06a,167.9,208.6,258.3,583.6
 2021-06-09,9:59:00,Burn06a,157.1,225.5,232.8,566.8
 2021-06-09,9:59:15,Burn06a,146.5,238.6,212,554.6
 2021-06-09,9:59:30,Burn06a,137.5,245.9,212.5,514.3
 2021-06-09,9:59:45,Burn06a,127.5,252.2,210.5,417.2
 2021-06-09,10:00:00,Burn06a,125,260.5,201.8,360.7
 2021-06-09,10:00:15,Burn06a,124.4,267.9,214.7,345.5
 2021-06-09,10:00:30,Burn06a,118,271,215.3,324.4
 2021-06-09,10:00:45,Burn06a,113,271.5,224.2,303.2
 2021-06-09,10:01:00,Burn06a,108.7,269.3,236.3,272
 2021-06-09,10:01:15,Burn06a,103.7,266.5,243.8,249.9
 2021-06-09,10:01:30,Burn06a,103.7,264.3,236,233.2
 2021-06-09,10:01:45,Burn06a,98.8,261.5,244.4,228.2
 2021-06-09,10:02:00,Burn06a,95.2,259.3,244.1,213.5
 2021-06-09,10:02:15,Burn06a,91.1,257.7,233.2,209.3
 2021-06-09,10:02:30,Burn06a,89.5,257.1,216.4,197.2
 2021-06-09,10:02:45,Burn06a,88.4,259.1,209.9,187.5
 2021-06-09,10:03:00,Burn06a,87.3,261.5,201.4,172.2
 2021-06-09,10:03:15,Burn06a,87.8,265.4,192,164.3
 2021-06-09,10:03:30,Burn06a,83.5,267.6,192.6,162
 2021-06-09,10:03:45,Burn06a,78.58,268.7,184.9,164.3
 2021-06-09,10:04:00,Burn06a,76.66,267.6,178.1,162.3
 2021-06-09,10:04:15,Burn06a,70.94,267.6,152.7,137.3
 2021-06-09,10:04:30,Burn06a,69.83,274.7,144.5,125.1
 2021-06-09,10:04:45,Burn06a,70.91,278.5,147.3,128.9
 2021-06-09,10:05:00,Burn06a,69.79,281.8,144.2,119.5
 2021-06-09,10:05:15,Burn06a,69.23,283.4,144.2,120.6
 2021-06-09,10:05:30,Burn06a,68.92,282.8,142.2,119.2
 2021-06-09,10:05:45,Burn06a,66.45,280.6,137.2,116.1
 2021-06-09,10:06:00,Burn06a,67.52,276.5,141.9,117.2
 2021-06-09,10:06:15,Burn06a,58.5,218.3,123.3,102.9
 2021-06-09,10:06:30,Burn06a,44.51,152.9,94.2,83
 2021-06-09,10:06:45,Burn06a,35.41,105.7,69.66,61.48
 2021-06-09,10:07:00,Burn06a,32.36,79.46,53.84,48.9
 2021-06-09,10:07:15,Burn06a,28.75,59.85,43.68,39.55
 2021-06-09,10:07:30,Burn06a,26.24,49.73,37.89,36.24
 2021-06-09,10:07:45,Burn06a,24.85,41.21,33.75,33.19
 2021-06-09,10:08:00,Burn06a,23.17,34.58,31.25,31.53
 2021-06-09,10:08:15,Burn06a,22.62,32.65,29.32,29.59
 2021-06-09,10:08:30,Burn06a,22.64,29.89,27.67,28.78
 2021-06-09,10:08:45,Burn06a,22.65,28.23,27.67,27.67
 2021-06-09,10:09:00,Burn06a,22.67,26.86,26.58,27.69
 2021-06-09,10:09:15,Burn06a,22.11,25.46,25.74,26.3
 2021-06-09,10:09:30,Burn06a,21.02,24.37,24.37,24.93
 2021-06-09,10:09:45,Burn06a,21.03,24.38,24.38,24.66
 2021-06-09,10:10:00,Burn06a,21.05,24.4,24.4,25.52
 2021-06-09,10:10:15,Burn06a,21.61,24.4,24.4,26.08
 2021-06-09,10:10:30,Burn06a,21.63,24.42,24.98,25.26
 2021-06-09,10:10:45,Burn06a,22.48,24.43,25.83,25.83
 2021-06-09,10:11:00,Burn06a,22.77,24.45,25.57,25.57
 2021-06-09,9:50:15,Burn06b,26.61,19.91,21.59,21.59
 2021-06-09,9:50:30,Burn06b,26.71,19.44,21.68,21.68
 2021-06-09,9:50:45,Burn06b,26.03,18.76,21.29,21.85
 2021-06-09,9:51:00,Burn06b,25.43,18.71,20.68,22.07
 2021-06-09,9:51:15,Burn06b,25.71,18.99,20.68,22.35
 2021-06-09,9:51:30,Burn06b,24.26,18.95,20.91,22.59
 2021-06-09,9:51:45,Burn06b,22.78,18.86,21.11,22.78
 2021-06-09,9:52:00,Burn06b,22.66,19.58,21.27,23.5
 2021-06-09,9:52:15,Burn06b,21.64,19.68,21.36,23.88
 2021-06-09,9:52:30,Burn06b,21.44,19.76,21.44,23.95
 2021-06-09,9:52:45,Burn06b,21.48,19.8,21.48,24
 2021-06-09,9:53:00,Burn06b,21.5,19.82,21.5,24.58
 2021-06-09,9:53:15,Burn06b,21.51,19.83,21.51,24.86
 2021-06-09,9:53:30,Burn06b,21.52,19.84,21.52,24.6
 2021-06-09,9:53:45,Burn06b,20.69,19.85,21.53,23.77
 2021-06-09,9:54:00,Burn06b,20.68,19.84,21.52,23.2
 2021-06-09,9:54:15,Burn06b,20.66,19.82,21.5,23.18
 2021-06-09,9:54:30,Burn06b,20.66,19.82,21.5,23.18
 2021-06-09,9:54:45,Burn06b,20.64,19.8,21.48,23.16
 2021-06-09,9:55:00,Burn06b,19.79,19.79,21.47,23.71
 2021-06-09,9:55:15,Burn06b,19.76,19.76,21.45,23.68
 2021-06-09,9:55:30,Burn06b,19.76,19.76,21.45,23.12
 2021-06-09,9:55:45,Burn06b,19.76,19.76,21.45,23.12
 2021-06-09,9:56:00,Burn06b,19.76,19.76,21.45,23.12
 2021-06-09,9:56:15,Burn06b,20.04,19.76,21.45,23.12
 2021-06-09,9:56:30,Burn06b,21.17,19.76,20.61,23.12
 2021-06-09,9:56:45,Burn06b,22.56,20.04,20.61,23.12
 2021-06-09,9:57:00,Burn06b,25.63,20.61,20.61,23.12
 2021-06-09,9:57:15,Burn06b,31.19,21.16,20.6,23.11
 2021-06-09,9:57:30,Burn06b,38.92,21.42,20.58,23.1
 2021-06-09,9:57:45,Burn06b,53.48,22.54,20.58,23.1
 2021-06-09,9:58:00,Burn06b,88.9,24.74,20.83,23.07
 2021-06-09,9:58:15,Burn06b,143.8,38.6,21.39,23.07
 2021-06-09,9:58:30,Burn06b,195.6,85.9,21.37,22.49
 2021-06-09,9:58:45,Burn06b,231.4,174.2,23.32,21.92
 2021-06-09,9:59:00,Burn06b,271.6,254.9,26.64,22.73
 2021-06-09,9:59:15,Burn06b,301.4,311.2,40.76,23.01
 2021-06-09,9:59:30,Burn06b,325.3,209.1,188.8,23.54
 2021-06-09,9:59:45,Burn06b,294.6,210.5,412.6,24.65
 2021-06-09,10:00:00,Burn06b,255.8,268.2,394.7,26.86
 2021-06-09,10:00:15,Burn06b,224.3,389.1,286.2,31.57
 2021-06-09,10:00:30,Burn06b,198.9,413.7,213.3,48.91
 2021-06-09,10:00:45,Burn06b,179.9,373.2,146.5,110.6
 2021-06-09,10:01:00,Burn06b,164.4,282.4,137.4,219.1
 2021-06-09,10:01:15,Burn06b,150.8,214.9,123.2,286.3
 2021-06-09,10:01:30,Burn06b,140.7,177.6,113,343
 2021-06-09,10:01:45,Burn06b,132.9,154.2,110.3,385.3
 2021-06-09,10:02:00,Burn06b,126,135.7,112.5,418.5
 2021-06-09,10:02:15,Burn06b,120.7,119.1,118.8,434.5
 2021-06-09,10:02:30,Burn06b,116,104.8,128.5,438.5
 2021-06-09,10:02:45,Burn06b,111.1,95,143,448.6
 2021-06-09,10:03:00,Burn06b,107.5,87.6,157.8,463.5
 2021-06-09,10:03:15,Burn06b,104.2,81.3,169.4,477.9
 2021-06-09,10:03:30,Burn06b,101.2,77.77,180.1,464.6
 2021-06-09,10:03:45,Burn06b,99.8,74.23,192,439.8
 2021-06-09,10:04:00,Burn06b,98.4,72.03,203.9,416.3
 2021-06-09,10:04:15,Burn06b,96.3,69.86,216.6,398.4
 2021-06-09,10:04:30,Burn06b,93.8,67.38,226.4,402.1
 2021-06-09,10:04:45,Burn06b,91,65.73,237.6,401.6
 2021-06-09,10:05:00,Burn06b,89.4,64.34,248.7,402.9
 2021-06-09,10:05:15,Burn06b,87.5,63.24,261.4,405
 2021-06-09,10:05:30,Burn06b,86.1,61.56,271.8,404.4
 2021-06-09,10:05:45,Burn06b,86,61,280.1,402
 2021-06-09,10:06:00,Burn06b,85.5,59.89,288.8,398
 2021-06-09,10:06:15,Burn06b,84.4,59.6,301.1,391.8
 2021-06-09,10:06:30,Burn06b,83.8,58.21,312.8,385.1
 2021-06-09,10:06:45,Burn06b,82.2,58.21,320.9,380
 2021-06-09,10:07:00,Burn06b,80.8,58.21,325.8,378.6
 2021-06-09,10:07:15,Burn06b,79.73,57.94,329.3,372.7
 2021-06-09,10:07:30,Burn06b,79.46,56.85,313.8,359.8
 2021-06-09,10:07:45,Burn06b,79.46,56.57,269,349
 2021-06-09,10:08:00,Burn06b,79.19,56.57,233.5,343.1
 2021-06-09,10:08:15,Burn06b,79.2,54.94,206.5,332.3
 2021-06-09,10:08:30,Burn06b,77.58,53.32,184.2,319.3
 2021-06-09,10:08:45,Burn06b,75.42,51.69,166.1,303
 2021-06-09,10:09:00,Burn06b,73.53,51.7,152.9,285.5
 2021-06-09,10:09:15,Burn06b,66.99,52.25,136.6,263.8
 2021-06-09,10:09:30,Burn06b,47.88,38.8,92.9,179.7
 2021-06-09,10:09:45,Burn06b,35.22,32.18,61.58,128.6
 2021-06-09,10:10:00,Burn06b,29.42,28.03,44.62,93.2
 2021-06-09,10:10:15,Burn06b,26.08,25.52,36.9,70.32
 2021-06-09,10:10:30,Burn06b,23.3,24.14,29.99,53.42
 2021-06-09,10:10:45,Burn06b,21.64,24.43,27.78,46.02
 2021-06-09,10:11:00,Burn06b,21.1,24.45,26.96,40.26
 2021-06-09,10:57:30,Burn07a,28.33,27.91,27.91,29.58
 2021-06-09,10:57:45,Burn07a,27.68,26.85,27.96,29.35
 2021-06-09,10:58:00,Burn07a,26.32,26.32,27.44,28.27
 2021-06-09,10:58:15,Burn07a,26.36,26.36,27.2,28.03
 2021-06-09,10:58:30,Burn07a,26.39,26.39,26.95,28.06
 2021-06-09,10:58:45,Burn07a,26.41,26.41,26.41,28.08
 2021-06-09,10:59:00,Burn07a,27.54,26.42,26.42,28.09
 2021-06-09,10:59:15,Burn07a,28.11,26.44,26.72,28.11
 2021-06-09,10:59:30,Burn07a,28.12,26.45,26.45,28.12
 2021-06-09,10:59:45,Burn07a,28.12,27.29,26.45,28.12
 2021-06-09,11:00:00,Burn07a,28.11,27.83,26.44,28.11
 2021-06-09,11:00:15,Burn07a,28.94,27.82,27.54,28.1
 2021-06-09,11:00:30,Burn07a,52.34,28.65,28.93,28.09
 2021-06-09,11:00:45,Burn07a,80.7,37.78,30.04,28.09
 2021-06-09,11:01:00,Burn07a,103.4,68.47,48.25,28.93
 2021-06-09,11:01:15,Burn07a,119.8,91.1,73.65,31.98
 2021-06-09,11:01:30,Burn07a,131.7,105.5,97.4,57.24
 2021-06-09,11:01:45,Burn07a,157.5,118.2,123.7,143.9
 2021-06-09,11:02:00,Burn07a,213.7,131.2,149.1,293.4
 2021-06-09,11:02:15,Burn07a,265.8,142.6,167.4,371.3
 2021-06-09,11:02:30,Burn07a,324,158.9,192.8,387.1
 2021-06-09,11:02:45,Burn07a,371.6,201.5,272.5,372.1
 2021-06-09,11:03:00,Burn07a,386.1,336.9,384.1,365.9
 2021-06-09,11:03:15,Burn07a,400.8,389.8,485.5,371.3
 2021-06-09,11:03:30,Burn07a,403.5,355.4,536.2,390.9
 2021-06-09,11:03:45,Burn07a,398.9,315.4,590.8,407.5
 2021-06-09,11:04:00,Burn07a,372.9,297.4,663.6,377.7
 2021-06-09,11:04:15,Burn07a,333.8,288.1,702.5,420
 2021-06-09,11:04:30,Burn07a,330.5,284,736.6,420.8
 2021-06-09,11:04:45,Burn07a,331.3,277.1,704.1,385.5
 2021-06-09,11:05:00,Burn07a,327.3,263.3,681.5,373.9
 2021-06-09,11:05:15,Burn07a,310.9,248.6,636.5,372
 2021-06-09,11:05:30,Burn07a,275.9,239.4,582.2,374.1
 2021-06-09,11:05:45,Burn07a,247.5,229.9,540.5,372
 2021-06-09,11:06:00,Burn07a,227.6,220.6,493.8,405.7
 2021-06-09,11:06:15,Burn07a,211.3,211.3,468,458.5
 2021-06-09,11:06:30,Burn07a,194.8,202.2,432.3,483.9
 2021-06-09,11:06:45,Burn07a,179.5,190.6,391.7,484.2
 2021-06-09,11:07:00,Burn07a,167.6,178.9,354,460.7
 2021-06-09,11:07:15,Burn07a,158.5,170.4,323.7,453.8
 2021-06-09,11:07:30,Burn07a,151.1,163.5,291,453
 2021-06-09,11:07:45,Burn07a,144.4,156.7,249.1,444.1
 2021-06-09,11:08:00,Burn07a,138.7,152.7,219.4,440.9
 2021-06-09,11:08:15,Burn07a,134.5,149.9,198.2,440.1
 2021-06-09,11:08:30,Burn07a,130.3,148.7,178.1,437.9
 2021-06-09,11:08:45,Burn07a,127.5,147.6,174.4,426.9
 2021-06-09,11:09:00,Burn07a,124.7,148.7,172.9,410.6
 2021-06-09,11:09:15,Burn07a,121.4,150.3,171.2,398.8
 2021-06-09,11:09:30,Burn07a,119.1,149.2,163.2,392.1
 2021-06-09,11:09:45,Burn07a,111.4,139.6,143.3,369.7
 2021-06-09,11:10:00,Burn07a,75.33,102.3,112.5,242.8
 2021-06-09,11:10:15,Burn07a,58.42,84,93.8,178.7
 2021-06-09,11:10:30,Burn07a,46.9,70.94,78.02,134.8
 2021-06-09,11:10:45,Burn07a,38.61,56.73,62.74,99.5
 2021-06-09,11:11:00,Burn07a,33.08,46.32,50.44,74.45
 2021-06-09,11:11:15,Burn07a,29.44,39.41,42.17,62.17
 2021-06-09,11:11:30,Burn07a,26.65,33.87,36.36,52.32
 2021-06-09,11:11:45,Burn07a,25.24,30.8,33.3,46.81
 2021-06-09,11:12:00,Burn07a,23.84,28.58,31.08,42.69
 2021-06-09,11:12:15,Burn07a,23.56,26.91,29.69,38.55
 2021-06-09,11:12:30,Burn07a,21.87,24.39,26.34,31.9
 2021-06-09,11:12:45,Burn07a,20.74,23.53,25.49,28.27
 2021-06-09,10:57:30,Burn07b,24.57,27.08,27.91,26.24
 2021-06-09,10:57:45,Burn07b,24.62,27.13,27.68,26.29
 2021-06-09,10:58:00,Burn07b,24.65,27.16,27.99,26.32
 2021-06-09,10:58:15,Burn07b,24.69,26.64,28.03,26.36
 2021-06-09,10:58:30,Burn07b,24.72,26.39,28.06,26.39
 2021-06-09,10:58:45,Burn07b,25.02,26.41,28.08,26.41
 2021-06-09,10:59:00,Burn07b,26.14,26.42,28.09,26.42
 2021-06-09,10:59:15,Burn07b,26.44,26.44,27.28,26.44
 2021-06-09,10:59:30,Burn07b,27.01,26.45,26.73,26.45
 2021-06-09,10:59:45,Burn07b,27.84,26.45,26.45,26.45
 2021-06-09,11:00:00,Burn07b,28.11,26.44,26.44,26.44
 2021-06-09,11:00:15,Burn07b,28.1,26.43,26.43,26.43
 2021-06-09,11:00:30,Burn07b,29.2,26.42,26.42,26.42
 2021-06-09,11:00:45,Burn07b,29.76,26.42,26.42,26.42
 2021-06-09,11:01:00,Burn07b,29.76,26.7,26.7,26.42
 2021-06-09,11:01:15,Burn07b,29.76,27.26,26.42,26.42
 2021-06-09,11:01:30,Burn07b,29.76,27.81,26.42,26.42
 2021-06-09,11:01:45,Burn07b,29.76,27.54,26.7,26.42
 2021-06-09,11:02:00,Burn07b,29.76,27.26,26.42,26.42
 2021-06-09,11:02:15,Burn07b,30.87,27.26,26.42,26.42
 2021-06-09,11:02:30,Burn07b,63.01,26.42,26.42,26.42
 2021-06-09,11:02:45,Burn07b,84.3,26.42,25.58,26.42
 2021-06-09,11:03:00,Burn07b,122.6,26.42,24.75,26.42
 2021-06-09,11:03:15,Burn07b,282,26.42,24.75,26.42
 2021-06-09,11:03:30,Burn07b,424.5,27.54,24.75,26.42
 2021-06-09,11:03:45,Burn07b,539.1,29.48,26.14,27.26
 2021-06-09,11:04:00,Burn07b,586.8,32.54,26.98,28.09
 2021-06-09,11:04:15,Burn07b,593.7,47.69,29.48,28.93
 2021-06-09,11:04:30,Burn07b,543.6,52.9,31.14,29.75
 2021-06-09,11:04:45,Burn07b,518.4,53.16,32.5,30.01
 2021-06-09,11:05:00,Burn07b,516.8,65.15,33.59,31.38
 2021-06-09,11:05:15,Burn07b,481.5,96.2,34.67,31.35
 2021-06-09,11:05:30,Burn07b,450.9,121.4,34.64,32.15
 2021-06-09,11:05:45,Burn07b,399.8,152.6,34.62,31.85
 2021-06-09,11:06:00,Burn07b,356.6,212.4,35.13,31.25
 2021-06-09,11:06:15,Burn07b,339.5,279.6,34.81,31.21
 2021-06-09,11:06:30,Burn07b,342.7,381.5,34.78,31.18
 2021-06-09,11:06:45,Burn07b,350.2,416.8,36.95,31.13
 2021-06-09,11:07:00,Burn07b,445.6,446.6,73.04,39.88
 2021-06-09,11:07:15,Burn07b,493.1,439.1,253.5,128.2
 2021-06-09,11:07:30,Burn07b,534.2,451.1,461.2,189.3
 2021-06-09,11:07:45,Burn07b,521.4,469.4,521.1,208.8
 2021-06-09,11:08:00,Burn07b,492.2,487.7,584.8,310.4
 2021-06-09,11:08:15,Burn07b,490.6,504.9,634.5,450.7
 2021-06-09,11:08:30,Burn07b,484.7,509.1,509.1,386.5
 2021-06-09,11:08:45,Burn07b,470.6,512.2,436.5,485.7
 2021-06-09,11:09:00,Burn07b,440,487.3,415.4,500
 2021-06-09,11:09:15,Burn07b,409,451.1,399.9,449.5
 2021-06-09,11:09:30,Burn07b,387.8,422.8,379.7,398.7
 2021-06-09,11:09:45,Burn07b,371.1,397.4,362.8,358.4
 2021-06-09,11:10:00,Burn07b,350.3,367.6,351.7,341.4
 2021-06-09,11:10:15,Burn07b,333.8,345.7,330,326.5
 2021-06-09,11:10:30,Burn07b,321.4,329.2,305.9,309.1
 2021-06-09,11:10:45,Burn07b,373.4,329.7,288.9,296
 2021-06-09,11:11:00,Burn07b,430.2,331.4,285.6,283.5
 2021-06-09,11:11:15,Burn07b,449.9,330.8,266.4,273
 2021-06-09,11:11:30,Burn07b,454.1,329.7,257.5,263.1
 2021-06-09,11:11:45,Burn07b,449,329.1,245.9,256.4
 2021-06-09,11:12:00,Burn07b,443.4,325.3,231.6,252.5
 2021-06-09,11:12:15,Burn07b,417.8,318.3,209.7,244.5
 2021-06-09,11:12:30,Burn07b,270.6,213.9,135.1,163.1
 2021-06-09,11:12:45,Burn07b,184.8,150.1,90.7,113.4
 2021-06-09,11:44:00,Burn08a,24.93,30.78,27.44,26.61
 2021-06-09,11:44:15,Burn08a,24.09,30.77,27.43,26.6
 2021-06-09,11:44:30,Burn08a,23.21,31.01,27.39,26.56
 2021-06-09,11:44:45,Burn08a,23.19,30.71,26.82,26.54
 2021-06-09,11:45:00,Burn08a,23.15,30.95,26.5,26.5
 2021-06-09,11:45:15,Burn08a,23.12,30.92,26.47,26.47
 2021-06-09,11:45:30,Burn08a,23.09,30.61,26.44,26.44
 2021-06-09,11:45:45,Burn08a,23.06,30.58,26.41,26.41
 2021-06-09,11:46:00,Burn08a,23.02,30.54,26.37,26.37
 2021-06-09,11:46:15,Burn08a,22.99,30.51,26.34,26.34
 2021-06-09,11:46:30,Burn08a,22.95,31.31,26.3,26.3
 2021-06-09,11:46:45,Burn08a,22.92,31.28,26.27,26.27
 2021-06-09,11:47:00,Burn08a,22.89,31.25,26.24,26.8
 2021-06-09,11:47:15,Burn08a,23.41,31.21,26.2,27.04
 2021-06-09,11:47:30,Burn08a,24.5,31.18,26.17,27.01
 2021-06-09,11:47:45,Burn08a,25.03,31.15,26.14,26.98
 2021-06-09,11:48:00,Burn08a,27.79,31.12,26.12,27.23
 2021-06-09,11:48:15,Burn08a,74.64,31.1,26.1,27.77
 2021-06-09,11:48:30,Burn08a,270,31.1,26.37,27.77
 2021-06-09,11:48:45,Burn08a,372.8,31.1,27.21,27.77
 2021-06-09,11:49:00,Burn08a,449.8,56.31,28.07,27.79
 2021-06-09,11:49:15,Burn08a,490.5,269.6,29.47,27.8
 2021-06-09,11:49:30,Burn08a,479.2,464.3,32,27.84
 2021-06-09,11:49:45,Burn08a,477.1,456.6,47.46,27.87
 2021-06-09,11:50:00,Burn08a,499.9,437.5,137.1,29.02
 2021-06-09,11:50:15,Burn08a,560.7,459.6,254.9,29.62
 2021-06-09,11:50:30,Burn08a,594.2,516.5,303.3,29.95
 2021-06-09,11:50:45,Burn08a,587.1,571.4,346.2,31.4
 2021-06-09,11:51:00,Burn08a,561.4,626.5,379.6,50.42
 2021-06-09,11:51:15,Burn08a,565.4,670.9,469.1,73.72
 2021-06-09,11:51:30,Burn08a,591.7,628.5,344.1,83.3
 2021-06-09,11:51:45,Burn08a,586.2,589.7,298.4,112.1
 2021-06-09,11:52:00,Burn08a,570.4,605.4,293.9,147.4
 2021-06-09,11:52:15,Burn08a,544.7,651.3,299.4,190.3
 2021-06-09,11:52:30,Burn08a,500.7,682.7,317.1,227.6
 2021-06-09,11:52:45,Burn08a,486.7,694,336.1,254.1
 2021-06-09,11:53:00,Burn08a,476.6,711.6,346.4,285.5
 2021-06-09,11:53:15,Burn08a,455.9,736,360.4,323.1
 2021-06-09,11:53:30,Burn08a,413.8,726.7,381.4,364.4
 2021-06-09,11:53:45,Burn08a,399.6,707.3,377.3,404.7
 2021-06-09,11:54:00,Burn08a,413.3,678.8,370.6,533.9
 2021-06-09,11:54:15,Burn08a,412.7,683.6,362.6,598.7
 2021-06-09,11:54:30,Burn08a,414.4,641.1,358,628
 2021-06-09,11:54:45,Burn08a,487.6,606.7,356.2,642.1
 2021-06-09,11:55:00,Burn08a,582.3,587.9,352.1,634.7
 2021-06-09,11:55:15,Burn08a,628.6,572,345.2,615.3
 2021-06-09,11:55:30,Burn08a,618.8,577.3,346.3,588.2
 2021-06-09,11:55:45,Burn08a,632.1,572.3,347.7,578.7
 2021-06-09,11:56:00,Burn08a,593.8,579,351.2,575.5
 2021-06-09,11:56:15,Burn08a,587.5,598.4,354.5,563.3
 2021-06-09,11:56:30,Burn08a,609.3,592.3,352.6,551.2
 2021-06-09,11:56:45,Burn08a,585.9,578.8,351.3,540.3
 2021-06-09,11:57:00,Burn08a,516.7,570.3,352.4,549.1
 2021-06-09,11:57:15,Burn08a,485.4,562.9,352.9,554.6
 2021-06-09,11:57:30,Burn08a,476.7,553.9,353.2,550.7
 2021-06-09,11:57:45,Burn08a,433.6,551.2,358.8,550.7
 2021-06-09,11:58:00,Burn08a,401.3,551.5,363.4,543.8
 2021-06-09,11:58:15,Burn08a,374.5,550.7,359.4,524.7
 2021-06-09,11:58:30,Burn08a,355.7,545.4,357.8,509.4
 2021-06-09,11:58:45,Burn08a,369.2,542.3,360.3,500.7
 2021-06-09,11:59:00,Burn08a,368.2,536.8,361.4,487.2
 2021-06-09,11:59:15,Burn08a,346.9,529.2,365.3,476.1
 2021-06-09,11:59:30,Burn08a,323.7,522.3,366.6,462.3
 2021-06-09,11:59:45,Burn08a,306.9,522.4,365.1,443.2
 2021-06-09,12:00:00,Burn08a,295.2,514.7,362.7,425.7
 2021-06-09,12:00:15,Burn08a,283.8,508.1,358.7,412.4
 2021-06-09,12:00:30,Burn08a,272.9,500.8,354.7,399.6
 2021-06-09,12:00:45,Burn08a,260.3,498.7,349.4,388.6
 2021-06-09,12:01:00,Burn08a,257.6,490.3,338.9,381.2
 2021-06-09,12:01:15,Burn08a,245.4,479.2,327.6,375.3
 2021-06-09,12:01:30,Burn08a,245.8,469.1,314.6,366.3
 2021-06-09,12:01:45,Burn08a,253.6,457.5,306.5,356.9
 2021-06-09,12:02:00,Burn08a,259.7,457.8,303.9,348.3
 2021-06-09,12:02:15,Burn08a,257.9,455.2,301.8,340.8
 2021-06-09,12:02:30,Burn08a,258.5,453.4,306.7,330.3
 2021-06-09,12:02:45,Burn08a,253,451.9,308.4,320.4
 2021-06-09,12:03:00,Burn08a,253.8,446.6,301.9,316
 2021-06-09,12:03:15,Burn08a,255.3,439.9,293.2,310.1
 2021-06-09,12:03:30,Burn08a,253.1,437,285,305.2
 2021-06-09,12:03:45,Burn08a,242.3,430.7,277.9,297.6
 2021-06-09,12:04:00,Burn08a,225.5,426.7,272.2,288.9
 2021-06-09,12:04:15,Burn08a,214.6,418.4,264.2,274.7
 2021-06-09,12:04:30,Burn08a,190.3,380.9,242.5,247.5
 2021-06-09,12:04:45,Burn08a,132.9,242.5,158.1,169.4
 2021-06-09,12:05:00,Burn08a,97.4,153.3,111.4,114.9
 2021-06-09,12:05:15,Burn08a,78.62,116.3,85.2,90.6
 2021-06-09,12:05:30,Burn08a,61.46,82.4,64.46,65.83
 2021-06-09,12:05:45,Burn08a,47.51,63.37,49.15,52.44
 2021-06-09,12:06:00,Burn08a,39.22,48.02,40.87,41.15
 2021-06-09,12:06:15,Burn08a,35.07,38.39,36.18,34.8
 2021-06-09,12:06:30,Burn08a,30.35,33.4,31.74,30.91
 2021-06-09,12:06:45,Burn08a,28.39,29.78,28.94,28.11
 2021-06-09,12:07:00,Burn08a,26.16,26.71,27.27,26.16
 2021-06-09,12:07:15,Burn08a,23.92,23.64,24.47,23.36
 2021-06-09,12:07:30,Burn08a,21.66,21.66,21.94,21.66
 2021-06-09,12:07:45,Burn08a,20.8,20.52,21.64,20.52
 2021-06-09,12:08:00,Burn08a,19.95,19.67,20.23,19.95
 2021-06-09,12:08:15,Burn08a,19.92,19.64,19.92,19.92
 2021-06-09,12:08:30,Burn08a,19.89,19.89,20.74,19.89
 2021-06-09,12:08:45,Burn08a,19.88,19.88,20.73,19.88
 2021-06-09,12:09:00,Burn08a,19.87,19.87,20.71,20.71
 2021-06-09,12:09:15,Burn08a,19.84,19.84,21.24,20.68
 2021-06-09,11:44:00,Burn08b,21.58,21.58,24.1,34.94
 2021-06-09,11:44:15,Burn08b,21.57,21.57,23.25,34.93
 2021-06-09,11:44:30,Burn08b,21.53,21.53,23.21,34.89
 2021-06-09,11:44:45,Burn08b,21.51,21.51,23.19,34.32
 2021-06-09,11:45:00,Burn08b,21.47,21.47,23.15,34
 2021-06-09,11:45:15,Burn08b,21.44,21.44,23.12,33.97
 2021-06-09,11:45:30,Burn08b,21.41,21.41,22.25,33.94
 2021-06-09,11:45:45,Burn08b,21.38,21.38,22.22,33.63
 2021-06-09,11:46:00,Burn08b,21.34,21.34,22.18,33.87
 2021-06-09,11:46:15,Burn08b,21.31,21.31,22.71,33.29
 2021-06-09,11:46:30,Burn08b,21.27,21.27,22.95,32.97
 2021-06-09,11:46:45,Burn08b,21.24,21.24,22.92,32.94
 2021-06-09,11:47:00,Burn08b,21.21,21.21,22.89,32.91
 2021-06-09,11:47:15,Burn08b,21.18,21.18,22.85,32.87
 2021-06-09,11:47:30,Burn08b,21.15,21.15,22.82,32.85
 2021-06-09,11:47:45,Burn08b,21.12,21.12,22.8,32.82
 2021-06-09,11:48:00,Burn08b,21.09,21.09,23.05,32.79
 2021-06-09,11:48:15,Burn08b,21.07,21.07,23.31,32.77
 2021-06-09,11:48:30,Burn08b,21.07,21.07,24.42,32.77
 2021-06-09,11:48:45,Burn08b,21.07,21.07,24.42,32.77
 2021-06-09,11:49:00,Burn08b,21.09,21.65,24.44,32.79
 2021-06-09,11:49:15,Burn08b,21.1,21.94,24.45,32.8
 2021-06-09,11:49:30,Burn08b,21.14,22.81,24.49,32.84
 2021-06-09,11:49:45,Burn08b,21.17,22.84,24.52,32.03
 2021-06-09,11:50:00,Burn08b,21.21,22.88,24.84,32.07
 2021-06-09,11:50:15,Burn08b,21.25,22.93,25.72,32.12
 2021-06-09,11:50:30,Burn08b,21.86,22.98,26.33,31.89
 2021-06-09,11:50:45,Burn08b,23.04,23.32,26.39,31.4
 2021-06-09,11:51:00,Burn08b,23.08,24.2,26.43,31.44
 2021-06-09,11:51:15,Burn08b,23.43,24.83,26.5,31.5
 2021-06-09,11:51:30,Burn08b,24.89,24.89,26.57,31.57
 2021-06-09,11:51:45,Burn08b,24.95,25.51,26.63,31.63
 2021-06-09,11:52:00,Burn08b,26.41,26.69,26.69,31.69
 2021-06-09,11:52:15,Burn08b,31.74,28.68,26.74,31.74
 2021-06-09,11:52:30,Burn08b,68.8,49.66,33.15,31.79
 2021-06-09,11:52:45,Burn08b,128.1,91.5,50.84,31.82
 2021-06-09,11:53:00,Burn08b,187.6,126.6,62.89,31.84
 2021-06-09,11:53:15,Burn08b,236.3,166.1,57.43,31.84
 2021-06-09,11:53:30,Burn08b,295.3,215.6,62.34,31.84
 2021-06-09,11:53:45,Burn08b,466.4,325.4,94.5,31.56
 2021-06-09,11:54:00,Burn08b,516.4,412.2,140.8,31.87
 2021-06-09,11:54:15,Burn08b,509.8,459.9,218.5,33.27
 2021-06-09,11:54:30,Burn08b,558.4,488.4,292.4,34.13
 2021-06-09,11:54:45,Burn08b,605.9,507.2,337.5,35.81
 2021-06-09,11:55:00,Burn08b,620.3,504.1,371.5,39.43
 2021-06-09,11:55:15,Burn08b,612.9,557.9,395.2,44.41
 2021-06-09,11:55:30,Burn08b,681.1,628.9,448.3,49.38
 2021-06-09,11:55:45,Burn08b,710.7,668.2,501,53.8
 2021-06-09,11:56:00,Burn08b,718.1,674.4,509.5,58.22
 2021-06-09,11:56:15,Burn08b,700.8,656.2,512.7,64.26
 2021-06-09,11:56:30,Burn08b,701.9,626.4,539.8,66.46
 2021-06-09,11:56:45,Burn08b,710.3,594.7,557,70.29
 2021-06-09,11:57:00,Burn08b,721.4,587.8,568.7,74.37
 2021-06-09,11:57:15,Burn08b,721.1,586.2,578.3,77.39
 2021-06-09,11:57:30,Burn08b,730.6,579.9,585.7,80.9
 2021-06-09,11:57:45,Burn08b,729.2,554.9,586.8,84.2
 2021-06-09,11:58:00,Burn08b,728.7,512.8,588.1,88.3
 2021-06-09,11:58:15,Burn08b,716.8,474.1,605.7,89.7
 2021-06-09,11:58:30,Burn08b,716.3,466.9,606.8,94.1
 2021-06-09,11:58:45,Burn08b,721.5,515,591.1,103.7
 2021-06-09,11:59:00,Burn08b,716.9,569.4,582.1,114.4
 2021-06-09,11:59:15,Burn08b,705.1,614.1,593.9,125.8
 2021-06-09,11:59:30,Burn08b,677.2,615.5,607.2,140.3
 2021-06-09,11:59:45,Burn08b,650.4,578.8,632.8,160
 2021-06-09,12:00:00,Burn08b,622.7,538.8,694,182.7
 2021-06-09,12:00:15,Burn08b,609.7,530.9,756.6,208.2
 2021-06-09,12:00:30,Burn08b,595.2,483.8,755.3,233.5
 2021-06-09,12:00:45,Burn08b,583.5,446.3,723.8,258
 2021-06-09,12:01:00,Burn08b,579.1,423.8,667.8,280.2
 2021-06-09,12:01:15,Burn08b,566.1,514.4,640.9,299.9
 2021-06-09,12:01:30,Burn08b,550.3,585.6,629.5,316.8
 2021-06-09,12:01:45,Burn08b,542.4,605.3,593.6,331.2
 2021-06-09,12:02:00,Burn08b,535.5,610.6,565.2,342.1
 2021-06-09,12:02:15,Burn08b,516.5,587.9,544.1,349.5
 2021-06-09,12:02:30,Burn08b,510.2,565.1,526.7,354.6
 2021-06-09,12:02:45,Burn08b,494.1,501.5,501,359
 2021-06-09,12:03:00,Burn08b,493.6,439.6,481.1,362.8
 2021-06-09,12:03:15,Burn08b,486.2,340.4,471.1,366.1
 2021-06-09,12:03:30,Burn08b,465.2,287.7,453.3,370.1
 2021-06-09,12:03:45,Burn08b,446.7,256.7,433.3,375
 2021-06-09,12:04:00,Burn08b,432.8,242.6,414.1,379
 2021-06-09,12:04:15,Burn08b,420.6,223.6,401.3,381.2
 2021-06-09,12:04:30,Burn08b,408.3,216.6,393.9,381.5
 2021-06-09,12:04:45,Burn08b,399.2,205.9,387.4,382.1
 2021-06-09,12:05:00,Burn08b,387.4,196.8,392.3,384.8
 2021-06-09,12:05:15,Burn08b,374.3,188.7,379.4,388.8
 2021-06-09,12:05:30,Burn08b,367.1,184.1,363.6,394.4
 2021-06-09,12:05:45,Burn08b,362.7,179.6,349.3,397.7
 2021-06-09,12:06:00,Burn08b,354.1,171.1,336.8,399.2
 2021-06-09,12:06:15,Burn08b,347.1,166,320.6,399.2
 2021-06-09,12:06:30,Burn08b,340.9,162.6,307.8,399.2
 2021-06-09,12:06:45,Burn08b,334.6,160.3,301,397.9
 2021-06-09,12:07:00,Burn08b,331.9,155.8,297.1,396.5
 2021-06-09,12:07:15,Burn08b,324.9,152.7,292.2,394.1
 2021-06-09,12:07:30,Burn08b,319.4,152.7,285.6,389.8
 2021-06-09,12:07:45,Burn08b,256.1,131.3,249.6,322.4
 2021-06-09,12:08:00,Burn08b,158.9,79.04,152.7,180.6
 2021-06-09,12:08:15,Burn08b,114.5,56.13,98.1,114.5
 2021-06-09,12:08:30,Burn08b,86.3,46.51,74.37,82.5
 2021-06-09,12:08:45,Burn08b,65.1,37.69,53.9,57.46
 2021-06-09,12:09:00,Burn08b,52.25,32.97,43.47,46.22
 2021-06-09,12:09:15,Burn08b,43.71,29.33,36.82,38.75
