"eV","Pi_Al_GibbSorb_std.xmu.nor","Pi_Apatite_CaDefHydroxy_std.xmu.nor","Pi_Fe_GoethSorb_std.xmu.nor","Pi_K_Pyro_std.xmu.nor","Pi_Mg_Tri_std.xmu.nor","Pi_Na_Tri_std.xmu.nor","Pi_NH4_Mg_std.xmu.nor","Po_Ca_Lecithin_std.xmu.nor"
2106,0.15008297,-9999,-9999,-9999,-9999,-9999,-9999,0.23895908
2108,0.13333872,-9999,-9999,-9999,-9999,-9999,-9999,0.28324201
2110,0.13386438,-9999,-9999,-9999,-9999,-9999,-9999,0.2382542
2112,0.12142443,-9999,-9999,-9999,-9999,-9999,-9999,0.21676613
2114,0.10849733,-9999,-9999,-9999,-9999,-9999,-9999,0.23391681
2116,0.095492072,-9999,-9999,-9999,-9999,-9999,-9999,0.572265
2118,0.088588816,-9999,-9999,-9999,-9999,-9999,-9999,0.13275886
2120,0.076279736,-9999,-9999,-9999,-9999,-9999,-9999,0.088049409
2122,0.067077095,-9999,-9999,-9999,-9999,-9999,-9999,0.072801726
2124,0.038674148,-9999,-9999,-9999,-9999,-9999,-9999,0.047824399
2126,0.026326896,-9999,-9999,-9999,-9999,-9999,-9999,0.036769645
2128,0.020736015,-9999,-9999,-9999,-9999,-9999,-9999,0.036613117
2130,0.014470769,-9999,-9999,-9999,-9999,-9999,-9999,0.01295066
2132,0.0059370409,-9999,-9999,-9999,-9999,-9999,-9999,0.024450636
2134,0.0046032007,-9999,-9999,-9999,-9999,-9999,-9999,0.037340047
2136,0.0033093498,-9999,-9999,-9999,-9999,-9999,-9999,0.0075983503
2138,0.0096170976,-9999,-9999,-9999,-9999,-9999,-9999,-0.0019069754
2140,0.0043497663,-9999,-9999,-9999,-9999,-9999,-9999,-0.015248104
2140.2,0.0016734276,-9999,-9999,-9999,-9999,-9999,-9999,-0.025642368
2140.4,-0.0038003431,-9999,-9999,-9999,-9999,-9999,-9999,-0.019758177
2140.6,0.003344322,-9999,-9999,-9999,-9999,-9999,-9999,-0.017955369
2140.8,-0.002603867,-9999,-9999,-9999,-9999,-9999,-9999,-0.029459191
2141,-0.0078122543,-9999,-9999,-9999,-9999,-9999,-9999,-0.015860967
2141.2,-0.0077765928,-9999,-9999,-9999,-9999,-9999,-9999,-0.022864657
2141.4,-0.00036472655,-9999,-9999,-9999,-9999,-9999,-9999,-0.02375319
2141.6,-0.0031773924,-9999,-9999,-9999,-9999,-9999,-9999,-0.03053516
2141.8,0.00013375483,-9999,-9999,-9999,-9999,-9999,-9999,-0.023940272
2142,-0.0024226161,-9999,-9999,-9999,-9999,-9999,-9999,-0.023843687
2142.2,-0.00374659,-9999,-9999,-9999,-9999,-9999,-9999,-0.027355177
2142.4,-0.0078352775,-9999,-9999,-9999,-9999,-9999,-9999,-0.023882644
2142.6,-0.0022647359,-9999,-9999,-9999,-9999,-9999,-9999,-0.019015835
2142.8,-0.00036411967,-9999,-9999,-9999,-9999,-9999,-9999,-0.018480022
2143,-0.0028568713,-9999,-9999,-9999,-9999,-9999,-9999,-0.016552265
2143.2,0.001543075,-9999,-9999,-9999,-9999,-9999,-9999,-0.013446274
2143.4,0.0026748064,-9999,-9999,-9999,-9999,-9999,-9999,-0.012460286
2143.6,0.0038883341,-9999,-9999,-9999,-9999,-9999,-9999,-0.0061991664
2143.8,0.00025407031,-9999,-9999,-9999,-9999,-9999,-9999,0.0013934476
2144,-0.0078753522,-9999,-9999,-9999,-9999,-9999,-9999,-0.0091300894
2144.2,-0.0024302315,-9999,-9999,-9999,-9999,-9999,-9999,0.0026983622
2144.4,0.0062194847,-9999,-9999,-9999,-9999,-9999,-9999,0.0076342814
2144.6,0.0047301005,-9999,-9999,-9999,-9999,-9999,-9999,0.0031150413
2144.8,0.0038805448,-9999,-9999,-9999,-9999,-9999,-9999,0.0082018729
2145,0.0097128344,-9999,-9999,-9999,-9999,-9999,-9999,0.014986384
2145.2,0.011173569,-9999,-9999,-9999,-9999,-9999,-9999,0.011962487
2145.4,0.011680013,-9999,-9999,-9999,-9999,-9999,-9999,0.012573558
2145.6,0.017370522,-9999,-9999,-9999,-9999,-9999,-9999,0.015060183
2145.8,0.01851316,-9999,-9999,-9999,-9999,-9999,-9999,0.025040112
2146,0.015418752,-9999,-9999,-9999,-9999,-9999,-9999,0.022566534
2146.2,0.021852698,-9999,-9999,-9999,-9999,-9999,-9999,0.024004176
2146.4,0.019952515,-9999,-9999,-9999,-9999,-9999,-9999,0.028584429
2146.6,0.027733373,-9999,-9999,-9999,-9999,-9999,-9999,0.029059843
2146.8,0.019322208,-9999,-9999,-9999,-9999,-9999,-9999,0.03226702
2147,0.028511779,-9999,-9999,-9999,-9999,-9999,-9999,0.039189333
2147.2,0.020244212,-9999,-9999,-9999,-9999,-9999,-9999,0.037065497
2147.4,0.04153963,-9999,-9999,-9999,-9999,-9999,-9999,0.042499752
2147.6,0.037520015,-9999,-9999,-9999,-9999,-9999,-9999,0.05179965
2147.8,0.040912958,-9999,-9999,-9999,-9999,-9999,-9999,0.054748205
2148,0.048771977,-9999,-9999,-9999,-9999,-9999,-9999,0.061070996
2148.2,0.058121506,-9999,-9999,-9999,-9999,-9999,-9999,0.075235052
2148.4,0.068743421,-9999,-9999,-9999,-9999,-9999,-9999,0.084455376
2148.6,0.076566086,-9999,-9999,-9999,-9999,-9999,-9999,0.096814693
2148.8,0.077888675,-9999,-9999,-9999,-9999,-9999,-9999,0.1089148
2149,0.088806874,-9999,-9999,-9999,-9999,-9999,-9999,0.13427706
2149.2,0.10188631,-9999,-9999,-9999,-9999,-9999,-9999,0.14211873
2149.4,0.12228561,-9999,-9999,-9999,-9999,-9999,-9999,0.16801105
2149.6,0.1438973,-9999,-9999,-9999,-9999,-9999,-9999,0.21070114
2149.8,0.16796834,-9999,-9999,-9999,-9999,-9999,-9999,0.25842097
2150,0.19915929,-9999,-9999,-9999,-9999,-9999,-9999,0.32573265
2150.2,0.24366848,-9999,-9999,-9999,-9999,-9999,-9999,0.46018258
2150.4,0.30941017,-9999,-9999,-9999,-9999,-9999,-9999,0.65693718
2150.6,0.39305614,-9999,-9999,-9999,-9999,-9999,-9999,0.95058442
2150.8,0.52886632,-9999,-9999,-9999,-9999,-9999,-9999,1.2984294
2151,0.68432214,-9999,-9999,-9999,-9999,-9999,-9999,1.6739875
2151.2,0.9090503,-9999,-9999,-9999,-9999,-9999,-9999,2.1848214
2151.4,1.2223802,-9999,-9999,-9999,-9999,-9999,-9999,3.0891466
2151.6,1.6599585,-9999,-9999,-9999,-9999,-9999,-9999,4.2073932
2151.8,2.3201354,-9999,-9999,-9999,-9999,-9999,-9999,5.3928577
2152,3.3255652,-9999,-9999,-9999,-9999,-9999,-9999,6.1715558
2152.2,4.6887355,-9999,-9999,-9999,-9999,-9999,-9999,6.4966913
2152.4,6.1465168,-9999,-9999,-9999,-9999,-9999,-9999,6.440554
2152.6,7.4097684,-9999,-9999,-9999,-9999,-9999,-9999,6.1252162
2152.8,8.2352828,-9999,-9999,-9999,-9999,-9999,-9999,5.8284406
2153,8.4463982,-9999,-9999,-9999,-9999,-9999,-9999,5.4121659
2153.2,8.2063074,-9999,-9999,-9999,-9999,-9999,-9999,4.9552292
2153.4,7.5964247,-9999,-9999,-9999,-9999,-9999,-9999,4.5095651
2153.6,6.6561215,-9999,-9999,-9999,-9999,-9999,-9999,4.0298084
2153.8,5.599086,-9999,-9999,-9999,-9999,-9999,-9999,3.6673711
2154,4.6073602,-9999,-9999,-9999,-9999,-9999,-9999,3.2984817
2154.2,3.718425,-9999,-9999,-9999,-9999,-9999,-9999,2.9915119
2154.4,3.0383794,-9999,-9999,-9999,-9999,-9999,-9999,2.7158615
2154.6,2.4881171,-9999,-9999,-9999,-9999,-9999,-9999,2.4560083
2154.8,2.1374013,-9999,-9999,-9999,-9999,-9999,-9999,2.2779313
2155,1.8960562,-9999,-9999,-9999,-9999,-9999,-9999,2.1168666
2155.2,1.6881931,-9999,-9999,-9999,-9999,-9999,-9999,1.9678352
2155.4,1.5634531,-9999,-9999,-9999,-9999,-9999,-9999,1.8308756
2155.6,1.4784479,-9999,-9999,-9999,-9999,-9999,-9999,1.7366068
2155.8,1.4395758,-9999,-9999,-9999,-9999,-9999,-9999,1.6488791
2156,1.4012672,-9999,-9999,-9999,-9999,-9999,-9999,1.586163
2156.2,1.3884481,-9999,-9999,-9999,-9999,-9999,-9999,1.5036449
2156.4,1.3480783,-9999,-9999,-9999,-9999,-9999,-9999,1.4735109
2156.6,1.3550975,-9999,-9999,-9999,-9999,-9999,-9999,1.4246475
2156.8,1.3633346,-9999,-9999,-9999,-9999,-9999,-9999,1.3815658
2157,1.3547308,-9999,-9999,-9999,-9999,-9999,-9999,1.3617738
2157.2,1.3671613,-9999,-9999,-9999,-9999,-9999,-9999,1.3428987
2157.4,1.3606441,-9999,-9999,-9999,-9999,-9999,-9999,1.3230401
2157.6,1.385046,-9999,-9999,-9999,-9999,-9999,-9999,1.300842
2157.8,1.3682771,-9999,-9999,-9999,-9999,-9999,-9999,1.3024141
2158,1.3942294,-9999,-9999,-9999,-9999,-9999,-9999,1.2868084
2158.2,1.3813031,-9999,-9999,-9999,-9999,-9999,-9999,1.2808587
2158.4,1.4185561,-9999,-9999,-9999,-9999,-9999,-9999,1.2745846
2158.6,1.4184136,-9999,-9999,-9999,-9999,-9999,-9999,1.2589179
2158.8,1.3975167,-9999,-9999,-9999,-9999,-9999,-9999,1.2618739
2159,1.3992755,-9999,-9999,-9999,-9999,-9999,-9999,1.2495083
2159.2,1.4162303,-9999,-9999,-9999,-9999,-9999,-9999,1.2680348
2159.4,1.4191761,-9999,-9999,-9999,-9999,-9999,-9999,1.2657347
2159.6,1.4116701,-9999,-9999,-9999,-9999,-9999,-9999,1.2718116
2159.8,1.4213123,-9999,-9999,-9999,-9999,-9999,-9999,1.2806666
2160,1.4086677,-9999,-9999,-9999,-9999,-9999,-9999,1.2862318
2160.5,1.4196221,-9999,-9999,-9999,-9999,-9999,-9999,1.3065725
2161,1.4128522,-9999,-9999,-9999,-9999,-9999,-9999,1.3385674
2161.5,1.4033121,-9999,-9999,-9999,-9999,-9999,-9999,1.3772141
2162,1.4155517,-9999,-9999,-9999,-9999,-9999,-9999,1.4264038
2162.5,1.4379758,-9999,-9999,-9999,-9999,-9999,-9999,1.4833611
2163,1.455094,-9999,-9999,-9999,-9999,-9999,-9999,1.5326275
2163.5,1.4760148,-9999,-9999,-9999,-9999,-9999,-9999,1.5929312
2164,1.5028614,-9999,-9999,-9999,-9999,-9999,-9999,1.6443975
2164.5,1.5526617,-9999,-9999,-9999,-9999,-9999,-9999,1.6921129
2165,1.5978106,-9999,-9999,-9999,-9999,-9999,-9999,1.7359123
2165.5,1.6463004,-9999,-9999,-9999,-9999,-9999,-9999,1.7820671
2166,1.7145122,-9999,-9999,-9999,-9999,-9999,-9999,1.8105905
2166.5,1.7585124,-9999,-9999,-9999,-9999,-9999,-9999,1.8412874
2167,1.8024216,-9999,-9999,-9999,-9999,-9999,-9999,1.8595285
2167.5,1.8399507,-9999,-9999,-9999,-9999,-9999,-9999,1.8703557
2168,1.8647196,-9999,-9999,-9999,-9999,-9999,-9999,1.8707638
2168.5,1.9204075,-9999,-9999,-9999,-9999,-9999,-9999,1.8682399
2169,1.920074,-9999,-9999,-9999,-9999,-9999,-9999,1.8721023
2169.5,1.9241757,-9999,-9999,-9999,-9999,-9999,-9999,1.8380995
2170,1.9266597,-9999,-9999,-9999,-9999,-9999,-9999,1.8309102
2170.5,1.9181103,-9999,-9999,-9999,-9999,-9999,-9999,1.8239818
2171,1.9133962,-9999,-9999,-9999,-9999,-9999,-9999,1.8165565
2171.5,1.8732552,-9999,-9999,-9999,-9999,-9999,-9999,1.7736237
2172,1.8338595,-9999,-9999,-9999,-9999,-9999,-9999,1.7484312
2172.5,1.8100596,-9999,-9999,-9999,-9999,-9999,-9999,1.7201054
2173,1.7577582,-9999,-9999,-9999,-9999,-9999,-9999,1.6785199
2173.5,1.7042209,-9999,-9999,-9999,-9999,-9999,-9999,1.6364189
2174,1.6513124,-9999,-9999,-9999,-9999,-9999,-9999,1.6098753
2174.5,1.6129946,-9999,-9999,-9999,-9999,-9999,-9999,1.5719078
2175,1.5783758,-9999,-9999,-9999,-9999,-9999,-9999,1.5412546
2175.5,1.5245803,-9999,-9999,-9999,-9999,-9999,-9999,1.5078978
2176,1.4568558,-9999,-9999,-9999,-9999,-9999,-9999,1.4817278
2176.5,1.4094131,-9999,-9999,-9999,-9999,-9999,-9999,1.4666817
2177,1.3715006,-9999,-9999,-9999,-9999,-9999,-9999,1.4373429
2177.5,1.3344534,-9999,-9999,-9999,-9999,-9999,-9999,1.4022544
2178,1.3120568,-9999,-9999,-9999,-9999,-9999,-9999,1.3770847
2178.5,1.2864482,-9999,-9999,-9999,-9999,-9999,-9999,1.3560808
2179,1.2542288,-9999,-9999,-9999,-9999,-9999,-9999,1.3257998
2179.5,1.2411878,-9999,-9999,-9999,-9999,-9999,-9999,1.3193862
2180,1.2340816,-9999,-9999,-9999,-9999,-9999,-9999,1.3058013
2180.5,1.2143697,-9999,-9999,-9999,-9999,-9999,-9999,1.303046
2181,1.2022485,-9999,-9999,-9999,-9999,-9999,-9999,1.3023569
2181.5,1.1987632,-9999,-9999,-9999,-9999,-9999,-9999,1.2768724
2182,1.1873145,-9999,-9999,-9999,-9999,-9999,-9999,1.2801654
2182.5,1.1811172,-9999,-9999,-9999,-9999,-9999,-9999,1.272977
2183,1.1769357,-9999,-9999,-9999,-9999,-9999,-9999,1.2645068
2183.5,1.1885717,-9999,-9999,-9999,-9999,-9999,-9999,1.2572308
2184,1.1790316,-9999,-9999,-9999,-9999,-9999,-9999,1.2543707
2184.5,1.191064,-9999,-9999,-9999,-9999,-9999,-9999,1.2547295
2185,1.187824,-9999,-9999,-9999,-9999,-9999,-9999,1.2590977
2185.5,1.1964409,-9999,-9999,-9999,-9999,-9999,-9999,1.2622218
2186,1.1966509,-9999,-9999,-9999,-9999,-9999,-9999,1.2655408
2186.5,1.1973099,-9999,-9999,-9999,-9999,-9999,-9999,1.264321
2187,1.210182,-9999,-9999,-9999,-9999,-9999,-9999,1.266203
2187.5,1.2111409,-9999,-9999,-9999,-9999,-9999,-9999,1.2707334
2188,1.2253017,-9999,-9999,-9999,-9999,-9999,-9999,1.2735805
2188.5,1.2169577,-9999,-9999,-9999,-9999,-9999,-9999,1.2760311
2189,1.2005885,-9999,-9999,-9999,-9999,-9999,-9999,1.275534
2189.5,1.2242123,-9999,-9999,-9999,-9999,-9999,-9999,1.2681719
2190,1.2189165,-9999,-9999,-9999,-9999,-9999,-9999,1.2860212
2190.5,1.2277861,-9999,-9999,-9999,-9999,-9999,-9999,1.3004458
2191,1.2237936,-9999,-9999,-9999,-9999,-9999,-9999,1.2946925
2191.5,1.2314834,-9999,-9999,-9999,-9999,-9999,-9999,1.2955544
2192,1.2257678,-9999,-9999,-9999,-9999,-9999,-9999,1.2966165
2192.5,1.2479174,-9999,-9999,-9999,-9999,-9999,-9999,1.3051079
2193,1.2463297,-9999,-9999,-9999,-9999,-9999,-9999,1.3134023
2193.5,1.2566461,-9999,-9999,-9999,-9999,-9999,-9999,1.3245393
2194,1.2615985,-9999,-9999,-9999,-9999,-9999,-9999,1.328025
2194.5,1.2568444,-9999,-9999,-9999,-9999,-9999,-9999,1.3357421
2195,1.27353,-9999,-9999,-9999,-9999,-9999,-9999,1.3386624
2195.5,1.2671128,-9999,-9999,-9999,-9999,-9999,-9999,1.3572357
2196,1.2707219,-9999,-9999,-9999,-9999,-9999,-9999,1.3606972
2196.5,1.2841629,-9999,-9999,-9999,-9999,-9999,-9999,1.3483385
2197,1.2777274,-9999,-9999,-9999,-9999,-9999,-9999,1.3488958
2197.5,1.2855336,-9999,-9999,-9999,-9999,-9999,-9999,1.3624329
2198,1.2965044,-9999,-9999,-9999,-9999,-9999,-9999,1.3901071
2198.5,1.3059301,-9999,-9999,-9999,-9999,-9999,-9999,1.388007
2199,1.3098919,-9999,-9999,-9999,-9999,-9999,-9999,1.3849111
2199.5,1.3226531,-9999,-9999,-9999,-9999,-9999,-9999,1.3952744
2200,1.3296395,-9999,-9999,-9999,-9999,-9999,-9999,1.4019619
2201,1.3439158,-9999,-9999,-9999,-9999,-9999,-9999,1.4032888
2202,1.3479168,-9999,-9999,-9999,-9999,-9999,-9999,1.4127283
2203,1.3609698,-9999,-9999,-9999,-9999,-9999,-9999,1.4218811
2204,1.3835385,-9999,-9999,-9999,-9999,-9999,-9999,1.4313249
2205,1.3758098,-9999,-9999,-9999,-9999,-9999,-9999,1.4519796
2206,1.4106788,-9999,-9999,-9999,-9999,-9999,-9999,1.4823318
2207,1.4239809,-9999,-9999,-9999,-9999,-9999,-9999,1.4909369
2208,1.4295632,-9999,-9999,-9999,-9999,-9999,-9999,1.4935275
2209,1.4486455,-9999,-9999,-9999,-9999,-9999,-9999,1.505219
2210,1.4699782,-9999,-9999,-9999,-9999,-9999,-9999,1.5122288
2211,1.5013554,-9999,-9999,-9999,-9999,-9999,-9999,1.5355604
2212,1.5000359,-9999,-9999,-9999,-9999,-9999,-9999,1.5443472
2213,1.5192109,-9999,-9999,-9999,-9999,-9999,-9999,1.5722317
2214,1.5240044,-9999,-9999,-9999,-9999,-9999,-9999,1.5899725
2215,1.5535548,-9999,-9999,-9999,-9999,-9999,-9999,1.6146244
2216,1.5819965,-9999,-9999,-9999,-9999,-9999,-9999,1.6256747
2217,1.5783976,-9999,-9999,-9999,-9999,-9999,-9999,1.6491775
2218,1.5951496,-9999,-9999,-9999,-9999,-9999,-9999,1.6643488
2219,1.629557,-9999,-9999,-9999,-9999,-9999,-9999,1.6968556
2220,1.6444295,-9999,-9999,-9999,-9999,-9999,-9999,1.7170151
2221,1.6711843,-9999,-9999,-9999,-9999,-9999,-9999,1.7471131
2222,1.6879,-9999,-9999,-9999,-9999,-9999,-9999,1.7599578
2223,1.7159072,-9999,-9999,-9999,-9999,-9999,-9999,1.7880556
2224,1.7425948,-9999,-9999,-9999,-9999,-9999,-9999,1.8156539
2225,1.7616662,-9999,-9999,-9999,-9999,-9999,-9999,1.8399787
2226,1.798611,-9999,-9999,-9999,-9999,-9999,-9999,1.8570453
2227,1.8011051,-9999,-9999,-9999,-9999,-9999,-9999,1.8771416
2228,1.8221215,-9999,-9999,-9999,-9999,-9999,-9999,1.8942182
2229,1.8513556,-9999,-9999,-9999,-9999,-9999,-9999,1.9159981
2230,1.8660137,-9999,-9999,-9999,-9999,-9999,-9999,1.9202991
2231,1.8851124,-9999,-9999,-9999,-9999,-9999,-9999,1.9356088
2232,1.9050617,-9999,-9999,-9999,-9999,-9999,-9999,1.9438289
2233,1.914234,-9999,-9999,-9999,-9999,-9999,-9999,1.9641204
2234,1.9363337,-9999,-9999,-9999,-9999,-9999,-9999,1.9608075
2235,1.9449388,-9999,-9999,-9999,-9999,-9999,-9999,1.9860826
2236,1.9599259,-9999,-9999,-9999,-9999,-9999,-9999,1.9870743
2237,1.9780721,-9999,-9999,-9999,-9999,-9999,-9999,2.0129744
2238,1.986141,-9999,-9999,-9999,-9999,-9999,-9999,2.0332705
2125.49,-9999,0.26861966,-9999,0.057015983,0.036403854,-9999,0.15894668,-9999
2127.49,-9999,0.22669259,-9999,0.047674827,0.02556655,-9999,0.1334519,-9999
2129.49,-9999,0.18729807,-9999,0.041076242,0.016644914,-9999,0.091933323,-9999
2131.49,-9999,0.086372194,-9999,0.017468527,0.017903612,-9999,0.065339606,-9999
2133.49,-9999,0.042704476,-9999,0.0040493573,0.026427082,-9999,0.047361047,-9999
2135.49,-9999,0.021710921,-9999,0.0041644473,0.014915017,-9999,0.028543645,-9999
2137.49,-9999,0.00031215784,-9999,-0.0095247772,0.0066212883,-9999,0.023870135,-9999
2139.49,-9999,-0.0028502582,-9999,-0.0058180195,-0.0041464454,-9999,0.014465199,-9999
2140.49,-9999,-0.026209008,-9999,-0.0017155224,-0.0088385138,-9999,0.0067420128,-9999
2140.59,-9999,-0.0066728574,-9999,-0.0023298126,-0.0073152771,-9999,0.0093751766,-9999
2140.69,-9999,-0.0056818312,-9999,-0.00011439761,-0.0083842438,-9999,0.0051702766,-9999
2140.79,-9999,-0.016168151,-9999,-0.0059882688,-0.0072706199,-9999,0.0015631881,-9999
2140.89,-9999,-0.016549575,-9999,0.005902773,-0.0085440381,-9999,0.00010290975,-9999
2140.99,-9999,-0.0097083461,-9999,0.0016294557,-0.0075617459,-9999,0.00038295713,-9999
2141.09,-9999,-0.017582238,-9999,0.0068587324,-0.0108346,-9999,-1.7193218e-05,-9999
2141.19,-9999,-0.0072509525,-9999,0.0012128938,-0.0082937204,-9999,0.0031606735,-9999
2141.29,-9999,-0.017030105,-9999,-0.0013523419,-0.0079304619,-9999,-0.0013438131,-9999
2141.39,-9999,-0.015286131,-9999,-0.0021798334,-0.0088794553,-9999,-0.00091329152,-9999
2141.49,-9999,-0.015643203,-9999,-0.0027446856,-0.011060127,-9999,-0.0011806705,-9999
2141.59,-9999,-0.025120398,-9999,-0.0071965975,-0.0075055086,-9999,-0.0046509025,-9999
2141.69,-9999,-0.0088863098,-9999,-0.0090678479,-0.0068529654,-9999,-0.00017391942,-9999
2141.79,-9999,-0.022587027,-9999,-0.0078677649,-0.0096161107,-9999,-0.0027113477,-9999
2141.89,-9999,-0.016639011,-9999,-0.0093373319,-0.0098679814,-9999,-0.0016339915,-9999
2141.99,-9999,-0.020742317,-9999,-0.011497176,-0.0071886709,-9999,-0.00029517787,-9999
2142.09,-9999,-0.017442769,-9999,-0.013325168,-0.0048511779,-9999,0.00074541091,-9999
2142.19,-9999,-0.010405754,-9999,-0.0082510034,-0.0051328644,-9999,-0.0028929981,-9999
2142.29,-9999,-0.020109904,-9999,-0.01248477,-0.006933384,-9999,0.00078803793,-9999
2142.39,-9999,-0.0093977614,-9999,-0.0093355958,-0.004795373,-9999,-0.0039200313,-9999
2142.49,-9999,-0.011780878,-9999,-0.0072307982,-0.0056691169,-9999,-0.0029243805,-9999
2142.59,-9999,-0.012944472,-9999,-0.010062999,-0.0054197975,-9999,-0.0016883796,-9999
2142.69,-9999,-0.0095426481,-9999,-0.0069354535,-0.0056127464,-9999,-0.0064978998,-9999
2142.79,-9999,-0.0075580809,-9999,-0.0080224942,-0.0061599359,-9999,-0.0070737168,-9999
2142.89,-9999,0.00082800727,-9999,-0.0069212872,-0.0069932154,-9999,-0.0021636949,-9999
2142.99,-9999,0.0052272687,-9999,-0.0089451773,-0.0064201811,-9999,-0.0073129735,-9999
2143.09,-9999,0.0048331819,-9999,-0.0064047077,-0.0048153058,-9999,-0.0057018085,-9999
2143.19,-9999,4.5111427e-05,-9999,-0.0114301,-0.005608476,-9999,-0.0066139795,-9999
2143.29,-9999,-0.007495652,-9999,-0.0061705424,-0.0051845209,-9999,-0.0048754902,-9999
2143.39,-9999,-0.0039418745,-9999,-0.0073712905,-0.0023327046,-9999,-0.0058448551,-9999
2143.49,-9999,-0.0068597502,-9999,-0.012457862,-0.0064546003,-9999,-0.0082474694,-9999
2143.59,-9999,-0.0015477947,-9999,-0.010518682,-0.0054857963,-9999,-0.0069474658,-9999
2143.69,-9999,-0.0068774425,-9999,-0.0081611326,-0.0039831467,-9999,-0.0064413668,-9999
2143.79,-9999,-0.011304137,-9999,-0.0057016176,-0.003987262,-9999,-0.0051542999,-9999
2143.89,-9999,-0.0081029689,-9999,-0.011505658,-0.0037035123,-9999,-0.0052289903,-9999
2143.99,-9999,-0.0082973734,-9999,-0.010430406,-0.0062682403,-9999,-0.0060458384,-9999
2144.09,-9999,-0.012620817,-9999,-0.002437547,-0.0060629348,-9999,-0.0011426253,-9999
2144.19,-9999,-0.010960612,-9999,-0.0075704668,-0.0034996932,-9999,-0.0029719398,-9999
2144.29,-9999,-0.011662502,-9999,-0.011157832,-0.0054262202,-9999,-0.0045193706,-9999
2144.39,-9999,-0.0094159125,-9999,-0.0041253061,-0.0022627573,-9999,-0.0019182081,-9999
2144.49,-9999,-0.014324766,-9999,-0.0055639743,-0.0015023092,-9999,-0.0062054943,-9999
2144.59,-9999,-0.0083533724,-9999,-0.0071552822,-0.00095518635,-9999,-0.0039025566,-9999
2144.69,-9999,-0.016728905,-9999,-0.0027571812,-0.0019112788,-9999,-0.0071766956,-9999
2144.79,-9999,-0.011708194,-9999,-0.002072489,0.00103105,-9999,-0.0033656118,-9999
2144.89,-9999,-0.0062121408,-9999,-0.0049646333,0.0041352361,-9999,-0.0015406508,-9999
2144.99,-9999,-0.0053457942,-9999,-0.0017172008,0.00012266509,-9999,-0.0020456565,-9999
2145.09,-9999,-0.011473197,-9999,-0.0010182952,0.0024466701,-9999,-0.0031055782,-9999
2145.19,-9999,-0.013195901,-9999,-0.0027165127,0.0037306701,-9999,-0.0048313992,-9999
2145.29,-9999,-0.0019509476,-9999,0.00043266179,0.0019929768,-9999,-0.0043498117,-9999
2145.39,-9999,-0.0013670784,-9999,0.0028754914,0.0055578886,-9999,-0.0045919982,-9999
2145.49,-9999,-0.0012799796,-9999,0.0031158599,0.0052804615,-9999,-0.0020521148,-9999
2145.59,-9999,0.0019698912,-9999,0.0074737926,0.0074539675,-9999,0.0026447921,-9999
2145.69,-9999,0.0068503382,-9999,0.0091083116,0.0080933775,-9999,-0.0037511752,-9999
2145.79,-9999,0.0071322489,-9999,0.0073816672,0.0054700827,-9999,0.0032784217,-9999
2145.89,-9999,0.017070988,-9999,0.006187099,0.0057683853,-9999,0.0038832482,-9999
2145.99,-9999,0.013204378,-9999,0.011957721,0.0063655561,-9999,0.0027988149,-9999
2146.09,-9999,0.022547967,-9999,0.010879332,0.0090753923,-9999,0.0030339243,-9999
2146.19,-9999,0.018583951,-9999,0.014108843,0.010198955,-9999,0.0010650296,-9999
2146.29,-9999,0.027007054,-9999,0.017117738,0.0088101777,-9999,0.0063066394,-9999
2146.39,-9999,0.030695252,-9999,0.020503596,0.010947834,-9999,0.005800272,-9999
2146.49,-9999,0.032591179,-9999,0.014291075,0.010096807,-9999,0.0062341979,-9999
2146.59,-9999,0.032341253,-9999,0.020069113,0.013302154,-9999,0.010607007,-9999
2146.69,-9999,0.042870273,-9999,0.020866895,0.014339463,-9999,0.013569716,-9999
2146.79,-9999,0.036990282,-9999,0.019090194,0.017102897,-9999,0.0089726296,-9999
2146.89,-9999,0.035861754,-9999,0.020717916,0.017695808,-9999,0.014991803,-9999
2146.99,-9999,0.053066979,-9999,0.023118105,0.015991835,-9999,0.016414364,-9999
2147.09,-9999,0.039754912,-9999,0.025640036,0.02010621,-9999,0.017082513,-9999
2147.19,-9999,0.051327149,-9999,0.027130566,0.024547495,-9999,0.019932877,-9999
2147.29,-9999,0.063275374,-9999,0.033129839,0.023747581,-9999,0.010327929,-9999
2147.39,-9999,0.076484032,-9999,0.033849138,0.025687884,-9999,0.021066271,-9999
2147.49,-9999,0.067741279,-9999,0.039561671,0.027043584,-9999,0.020190187,-9999
2147.59,-9999,0.084841306,-9999,0.042167646,0.030641152,-9999,0.026820789,-9999
2147.69,-9999,0.08585571,-9999,0.045928615,0.033344244,-9999,0.029473698,-9999
2147.79,-9999,0.098080567,-9999,0.043922028,0.036944651,-9999,0.027055424,-9999
2147.89,-9999,0.091271323,-9999,0.050235232,0.037510941,-9999,0.034878244,-9999
2147.99,-9999,0.091466542,-9999,0.05016476,0.038868061,-9999,0.03470006,-9999
2148.09,-9999,0.096104448,-9999,0.059808228,0.047016093,-9999,0.037470081,-9999
2148.19,-9999,0.1021226,-9999,0.059272421,0.046958025,-9999,0.03761191,-9999
2148.29,-9999,0.095611415,-9999,0.070192625,0.048894779,-9999,0.044763384,-9999
2148.39,-9999,0.10300201,-9999,0.072750397,0.051796999,-9999,0.050189512,-9999
2148.49,-9999,0.10022343,-9999,0.076564512,0.056953154,-9999,0.053005832,-9999
2148.59,-9999,0.1001878,-9999,0.084095744,0.062904397,-9999,0.059523408,-9999
2148.69,-9999,0.099932026,-9999,0.082920333,0.066764983,-9999,0.066214609,-9999
2148.79,-9999,0.11556901,-9999,0.096831534,0.073209608,-9999,0.07684333,-9999
2148.89,-9999,0.11736656,-9999,0.10668573,0.080445773,-9999,0.077943155,-9999
2148.99,-9999,0.13295582,-9999,0.11228456,0.084831685,-9999,0.088868058,-9999
2149.09,-9999,0.13771256,-9999,0.12167589,0.092298568,-9999,0.097014977,-9999
2149.19,-9999,0.15388529,-9999,0.13536091,0.10076286,-9999,0.1104319,-9999
2149.29,-9999,0.16603514,-9999,0.1493197,0.10912067,-9999,0.12748471,-9999
2149.39,-9999,0.20278975,-9999,0.17073002,0.11946265,-9999,0.13537289,-9999
2149.49,-9999,0.21477401,-9999,0.18696171,0.1307843,-9999,0.15352873,-9999
2149.59,-9999,0.24654143,-9999,0.20161757,0.1413499,-9999,0.17463957,-9999
2149.69,-9999,0.26807148,-9999,0.2287009,0.15464152,-9999,0.19907311,-9999
2149.79,-9999,0.31613492,-9999,0.25666793,0.17117738,-9999,0.22119166,-9999
2149.89,-9999,0.35219794,-9999,0.27945016,0.18974712,-9999,0.2581057,-9999
2149.99,-9999,0.40791749,-9999,0.33336594,0.20980054,-9999,0.29510144,-9999
2150.09,-9999,0.45226003,-9999,0.39001934,0.23529891,-9999,0.34467301,-9999
2150.19,-9999,0.49815131,-9999,0.46582996,0.26607539,-9999,0.39746514,-9999
2150.29,-9999,0.56022173,-9999,0.54215967,0.30422419,-9999,0.45551365,-9999
2150.39,-9999,0.655079,-9999,0.6526263,0.34586571,-9999,0.52178718,-9999
2150.49,-9999,0.76345622,-9999,0.79481356,0.40714663,-9999,0.5920847,-9999
2150.59,-9999,0.90237022,-9999,0.94018956,0.47393639,-9999,0.67749772,-9999
2150.69,-9999,1.099007,-9999,1.1368451,0.55538205,-9999,0.77200047,-9999
2150.79,-9999,1.3625617,-9999,1.3400573,0.65725156,-9999,0.88487333,-9999
2150.89,-9999,1.6346004,-9999,1.5764239,0.77314872,-9999,1.0111595,-9999
2150.99,-9999,1.9601832,-9999,1.8026372,0.89273381,-9999,1.174928,-9999
2151.09,-9999,2.3247382,-9999,2.0852035,1.0135754,-9999,1.359511,-9999
2151.19,-9999,2.7341486,-9999,2.3736282,1.1359007,-9999,1.5883103,-9999
2151.29,-9999,3.1704917,-9999,2.7516593,1.2824514,-9999,1.8768226,-9999
2151.39,-9999,3.6757594,-9999,3.1783249,1.4463059,-9999,2.2048258,-9999
2151.49,-9999,4.2853683,-9999,3.6931199,1.653113,-9999,2.596144,-9999
2151.59,-9999,5.1530154,-9999,4.305079,1.9197115,-9999,3.0358999,-9999
2151.69,-9999,6.1593686,-9999,4.9395324,2.2807126,-9999,3.5057097,-9999
2151.79,-9999,7.1511401,-9999,5.5534196,2.7218509,-9999,3.9952923,-9999
2151.89,-9999,8.2017253,-9999,6.0956465,3.2488836,-9999,4.4516207,-9999
2151.99,-9999,9.0429754,-9999,6.5558743,3.8573384,-9999,4.8463773,-9999
2152.09,-9999,9.6671952,-9999,6.825766,4.4811626,-9999,5.1802429,-9999
2152.19,-9999,9.9250711,-9999,7.0385569,5.1130442,-9999,5.4335947,-9999
2152.29,-9999,10.086223,-9999,7.1815166,5.7008764,-9999,5.616564,-9999
2152.39,-9999,9.9645077,-9999,7.2486508,6.1986932,-9999,5.7207488,-9999
2152.49,-9999,9.7369123,-9999,7.2821673,6.5838132,-9999,5.7383191,-9999
2152.59,-9999,9.4013909,-9999,7.3178466,6.8480016,-9999,5.7248958,-9999
2152.69,-9999,8.9916463,-9999,7.2385827,6.9790125,-9999,5.6316939,-9999
2152.79,-9999,8.548842,-9999,7.1333021,7.0583782,-9999,5.5413041,-9999
2152.89,-9999,8.1375584,-9999,6.90764,7.0115234,-9999,5.391065,-9999
2152.99,-9999,7.588377,-9999,6.6662196,6.9067408,-9999,5.2202158,-9999
2153.09,-9999,7.1801909,-9999,6.3880915,6.6682483,-9999,5.0096645,-9999
2153.19,-9999,6.7225127,-9999,6.0444581,6.3913146,-9999,4.7960084,-9999
2153.29,-9999,6.3194599,-9999,5.7001326,6.0493895,-9999,4.5325937,-9999
2153.39,-9999,5.9298782,-9999,5.3024882,5.6729278,-9999,4.2678581,-9999
2153.49,-9999,5.6272996,-9999,4.9173887,5.2555047,-9999,4.0179929,-9999
2153.59,-9999,5.3578585,-9999,4.5839519,4.8380462,-9999,3.7787153,-9999
2153.69,-9999,5.0972327,-9999,4.2079676,4.4155474,-9999,3.529599,-9999
2153.79,-9999,4.9292594,-9999,3.8682459,4.0036616,-9999,3.3137301,-9999
2153.89,-9999,4.7458181,-9999,3.5694095,3.6124339,-9999,3.1146788,-9999
2153.99,-9999,4.6201385,-9999,3.2720253,3.2483954,-9999,2.9213129,-9999
2154.09,-9999,4.5508277,-9999,3.0239802,2.921829,-9999,2.750382,-9999
2154.19,-9999,4.4874003,-9999,2.8111288,2.6576984,-9999,2.6040852,-9999
2154.29,-9999,4.4611916,-9999,2.6435439,2.4280833,-9999,2.4829333,-9999
2154.39,-9999,4.4769747,-9999,2.4760147,2.2297215,-9999,2.3807574,-9999
2154.49,-9999,4.4772995,-9999,2.3503039,2.0579738,-9999,2.2910757,-9999
2154.59,-9999,4.5054434,-9999,2.2467783,1.9321426,-9999,2.2189062,-9999
2154.69,-9999,4.4931054,-9999,2.1430117,1.808718,-9999,2.1742714,-9999
2154.79,-9999,4.5268112,-9999,2.0576916,1.71578,-9999,2.1394208,-9999
2154.89,-9999,4.5274379,-9999,2.0020467,1.6376506,-9999,2.1091526,-9999
2154.99,-9999,4.5065769,-9999,1.9500046,1.5716747,-9999,2.0944084,-9999
2155.09,-9999,4.4992456,-9999,1.9070961,1.5235705,-9999,2.0692399,-9999
2155.19,-9999,4.431581,-9999,1.8712264,1.4865834,-9999,2.0764268,-9999
2155.29,-9999,4.3543998,-9999,1.8388915,1.4626797,-9999,2.0818842,-9999
2155.39,-9999,4.2402044,-9999,1.8216104,1.4396599,-9999,2.0758689,-9999
2155.49,-9999,4.1691598,-9999,1.7945777,1.4192348,-9999,2.084043,-9999
2155.59,-9999,4.0375774,-9999,1.7853921,1.4057206,-9999,2.1004422,-9999
2155.69,-9999,3.9068619,-9999,1.7674498,1.3967,-9999,2.1002347,-9999
2155.79,-9999,3.7960172,-9999,1.7610822,1.3849002,-9999,2.1256487,-9999
2155.89,-9999,3.6381352,-9999,1.7595904,1.3919908,-9999,2.1129812,-9999
2155.99,-9999,3.512553,-9999,1.7515666,1.3876449,-9999,2.110983,-9999
2156.09,-9999,3.4093547,-9999,1.731449,1.3827382,-9999,2.1085082,-9999
2156.19,-9999,3.2731162,-9999,1.7338999,1.3883984,-9999,2.0990408,-9999
2156.29,-9999,3.1170265,-9999,1.7279154,1.3972815,-9999,2.0806403,-9999
2156.39,-9999,2.9803692,-9999,1.7337157,1.4004997,-9999,2.0809503,-9999
2156.49,-9999,2.834361,-9999,1.7222065,1.4146361,-9999,2.0524523,-9999
2156.59,-9999,2.6719009,-9999,1.7207456,1.4219361,-9999,2.0342969,-9999
2156.69,-9999,2.5538677,-9999,1.7192538,1.4323562,-9999,2.018899,-9999
2156.79,-9999,2.4387469,-9999,1.7207653,1.4348715,-9999,1.9907483,-9999
2156.89,-9999,2.3129309,-9999,1.7145522,1.4517339,-9999,1.9682897,-9999
2156.99,-9999,2.1640005,-9999,1.7054222,1.4558572,-9999,1.9307837,-9999
2157.09,-9999,2.1073817,-9999,1.7132865,1.4607365,-9999,1.914705,-9999
2157.19,-9999,2.0255348,-9999,1.7072402,1.4753201,-9999,1.8757828,-9999
2157.29,-9999,1.9479056,-9999,1.6847682,1.4716203,-9999,1.8408914,-9999
2157.39,-9999,1.8665067,-9999,1.6797724,1.4790552,-9999,1.812693,-9999
2157.49,-9999,1.8064495,-9999,1.6640919,1.4934862,-9999,1.791957,-9999
2157.59,-9999,1.7550225,-9999,1.6655664,1.490695,-9999,1.7659647,-9999
2157.69,-9999,1.6870462,-9999,1.6449606,1.4955282,-9999,1.7238764,-9999
2157.79,-9999,1.6281481,-9999,1.6238358,1.4947354,-9999,1.7116514,-9999
2157.89,-9999,1.5833155,-9999,1.616535,1.4866945,-9999,1.6784962,-9999
2157.99,-9999,1.5417265,-9999,1.6024736,1.4876764,-9999,1.6590812,-9999
2158.09,-9999,1.4843966,-9999,1.5899818,1.4848,-9999,1.6369426,-9999
2158.19,-9999,1.4471714,-9999,1.5816985,1.4796555,-9999,1.6119784,-9999
2158.29,-9999,1.4221511,-9999,1.5666915,1.4857381,-9999,1.5861767,-9999
2158.39,-9999,1.4078163,-9999,1.5282078,1.4779811,-9999,1.5755246,-9999
2158.49,-9999,1.361883,-9999,1.5115138,1.466018,-9999,1.5402247,-9999
2158.59,-9999,1.3723574,-9999,1.4842215,1.4720438,-9999,1.5167243,-9999
2158.69,-9999,1.3502594,-9999,1.4598276,1.4687699,-9999,1.5067667,-9999
2158.79,-9999,1.3546265,-9999,1.4432263,1.4614637,-9999,1.4833685,-9999
2158.89,-9999,1.3619352,-9999,1.4275705,1.462073,-9999,1.4647977,-9999
2158.99,-9999,1.3737247,-9999,1.4025339,1.4612092,-9999,1.4436941,-9999
2159.09,-9999,1.3921085,-9999,1.3855989,1.4526962,-9999,1.4348123,-9999
2159.19,-9999,1.3958328,-9999,1.3636583,1.4578736,-9999,1.4179097,-9999
2159.29,-9999,1.4178693,-9999,1.3567406,1.4582167,-9999,1.4066175,-9999
2159.39,-9999,1.4120283,-9999,1.3416905,1.4636461,-9999,1.407336,-9999
2159.49,-9999,1.453322,-9999,1.326597,1.4640886,-9999,1.3878393,-9999
2159.59,-9999,1.4587996,-9999,1.3270889,1.4554726,-9999,1.3792434,-9999
2159.69,-9999,1.4888234,-9999,1.3169887,1.4509528,-9999,1.3646966,-9999
2159.79,-9999,1.5089216,-9999,1.3190812,1.4510332,-9999,1.3602677,-9999
2159.89,-9999,1.5156362,-9999,1.3046737,1.4397977,-9999,1.3493568,-9999
2159.99,-9999,1.5672452,-9999,1.297892,1.4305997,-9999,1.3444037,-9999
2160.09,-9999,1.5718753,-9999,1.3125973,1.4282096,-9999,1.329605,-9999
2160.19,-9999,1.5981393,-9999,1.2969909,1.4302031,-9999,1.3248492,-9999
2160.29,-9999,1.6026233,-9999,1.3092429,1.4125857,-9999,1.3165734,-9999
2160.39,-9999,1.6095425,-9999,1.3133561,1.4023299,-9999,1.3136152,-9999
2160.49,-9999,1.6252866,-9999,1.3125193,1.3995316,-9999,1.2914017,-9999
2160.99,-9999,1.7482296,-9999,1.3588364,1.3660037,-9999,1.2643821,-9999
2161.49,-9999,1.9102909,-9999,1.4033243,1.3412253,-9999,1.2383837,-9999
2161.99,-9999,2.1178894,-9999,1.4752317,1.3143208,-9999,1.228461,-9999
2162.49,-9999,2.3185623,-9999,1.5348908,1.3152515,-9999,1.26366,-9999
2162.99,-9999,2.3632396,-9999,1.5809422,1.3626771,-9999,1.3147712,-9999
2163.49,-9999,2.256889,-9999,1.6254547,1.4498289,-9999,1.4081037,-9999
2163.99,-9999,2.1222418,-9999,1.6525281,1.5345918,-9999,1.5379448,-9999
2164.49,-9999,2.0773056,-9999,1.6920722,1.5922861,-9999,1.6858838,-9999
2164.99,-9999,2.1189536,-9999,1.7141893,1.6059489,-9999,1.8509672,-9999
2165.49,-9999,2.1588969,-9999,1.7555626,1.6151251,-9999,1.9676334,-9999
2165.99,-9999,2.1821157,-9999,1.780541,1.6206098,-9999,2.0686938,-9999
2166.49,-9999,2.2120068,-9999,1.8227239,1.63527,-9999,2.1159921,-9999
2166.99,-9999,2.2532456,-9999,1.8538388,1.6773288,-9999,2.1331002,-9999
2167.49,-9999,2.3175113,-9999,1.8752329,1.7180743,-9999,2.1260031,-9999
2167.99,-9999,2.3938844,-9999,1.8884018,1.7496691,-9999,2.1056492,-9999
2168.49,-9999,2.4860666,-9999,1.9001,1.7798655,-9999,2.0604978,-9999
2168.99,-9999,2.5113796,-9999,1.9030229,1.8034882,-9999,2.0020284,-9999
2169.49,-9999,2.5280722,-9999,1.8980975,1.8185814,-9999,1.9500341,-9999
2169.99,-9999,2.4769117,-9999,1.8849592,1.8237005,-9999,1.8878335,-9999
2170.49,-9999,2.3910552,-9999,1.856452,1.8226115,-9999,1.8443366,-9999
2170.99,-9999,2.3063969,-9999,1.8565878,1.8078889,-9999,1.81347,-9999
2171.49,-9999,2.2214755,-9999,1.8120626,1.7870327,-9999,1.7832775,-9999
2171.99,-9999,2.1441323,-9999,1.7823256,1.7451848,-9999,1.728192,-9999
2172.49,-9999,2.0690295,-9999,1.7476509,1.6869736,-9999,1.6648271,-9999
2172.99,-9999,2.0091999,-9999,1.6957224,1.6299906,-9999,1.6025447,-9999
2173.49,-9999,1.9374673,-9999,1.6592927,1.5731318,-9999,1.5445451,-9999
2173.99,-9999,1.8498868,-9999,1.6060664,1.5071188,-9999,1.477449,-9999
2174.49,-9999,1.7845343,-9999,1.5550834,1.4316358,-9999,1.4128925,-9999
2174.99,-9999,1.6987557,-9999,1.5216447,1.3854006,-9999,1.3518834,-9999
2175.49,-9999,1.6244126,-9999,1.4640246,1.3291275,-9999,1.291528,-9999
2175.99,-9999,1.5239063,-9999,1.41835,1.2694185,-9999,1.2558544,-9999
2176.49,-9999,1.4838014,-9999,1.3905658,1.235816,-9999,1.2003604,-9999
2176.99,-9999,1.3925097,-9999,1.32718,1.1960303,-9999,1.1609419,-9999
2177.49,-9999,1.3432097,-9999,1.3057732,1.1493835,-9999,1.1320907,-9999
2177.99,-9999,1.2728213,-9999,1.267848,1.1238774,-9999,1.0949124,-9999
2178.49,-9999,1.2367393,-9999,1.2359295,1.0923976,-9999,1.075362,-9999
2178.99,-9999,1.1941603,-9999,1.206761,1.0692804,-9999,1.0594815,-9999
2179.49,-9999,1.1583511,-9999,1.1773391,1.0487366,-9999,1.0434377,-9999
2179.99,-9999,1.127003,-9999,1.1591335,1.0244729,-9999,1.0338485,-9999
2180.49,-9999,1.0768653,-9999,1.1388391,1.0058991,-9999,1.0288076,-9999
2180.99,-9999,1.060245,-9999,1.1116666,0.99258914,-9999,1.0156984,-9999
2181.49,-9999,1.032423,-9999,1.1025885,0.98220756,-9999,1.0122507,-9999
2181.99,-9999,0.99463642,-9999,1.094567,0.97699405,-9999,1.0037919,-9999
2182.49,-9999,0.97176266,-9999,1.0759721,0.96219689,-9999,1.0079156,-9999
2182.99,-9999,0.95575602,-9999,1.0683029,0.95626284,-9999,0.98769114,-9999
2183.49,-9999,0.94002213,-9999,1.0577663,0.94855403,-9999,0.99070506,-9999
2183.99,-9999,0.93378531,-9999,1.0504679,0.95138371,-9999,0.98828557,-9999
2184.49,-9999,0.92981805,-9999,1.0457341,0.94735219,-9999,0.98854874,-9999
2184.99,-9999,0.92700993,-9999,1.0463519,0.94255753,-9999,0.98007623,-9999
2185.49,-9999,0.92864352,-9999,1.0482923,0.95073276,-9999,0.97441576,-9999
2185.99,-9999,0.92373142,-9999,1.0384602,0.93800496,-9999,0.98559341,-9999
2186.49,-9999,0.91884855,-9999,1.0389359,0.93994016,-9999,0.97258626,-9999
2186.99,-9999,0.90297828,-9999,1.0309577,0.93390673,-9999,0.97233196,-9999
2187.49,-9999,0.91170302,-9999,1.0244565,0.93562896,-9999,0.96618125,-9999
2187.99,-9999,0.89419634,-9999,1.0315508,0.93644606,-9999,0.96206637,-9999
2188.49,-9999,0.88438472,-9999,1.0356787,0.93387694,-9999,0.95941538,-9999
2188.99,-9999,0.87532313,-9999,1.0225034,0.93706157,-9999,0.96238164,-9999
2189.49,-9999,0.87227149,-9999,1.0252656,0.93971732,-9999,0.95630583,-9999
2189.99,-9999,0.87550254,-9999,1.026452,0.93726888,-9999,0.9473499,-9999
2190.49,-9999,0.85554122,-9999,1.0315872,0.93746483,-9999,0.93286524,-9999
2190.99,-9999,0.8502882,-9999,1.0256484,0.93548137,-9999,0.93124238,-9999
2191.49,-9999,0.8534608,-9999,1.0278853,0.94067502,-9999,0.9253504,-9999
2191.99,-9999,0.84635708,-9999,1.0298504,0.93906427,-9999,0.92225003,-9999
2192.49,-9999,0.83839617,-9999,1.0329278,0.93609405,-9999,0.91966713,-9999
2192.99,-9999,0.85054961,-9999,1.0304187,0.94173494,-9999,0.91982817,-9999
2193.49,-9999,0.84377706,-9999,1.0226197,0.93204196,-9999,0.90099269,-9999
2193.99,-9999,0.8462873,-9999,1.0312404,0.93993678,-9999,0.90718632,-9999
2194.49,-9999,0.835375,-9999,1.0232251,0.93389979,-9999,0.9045898,-9999
2194.99,-9999,0.83978465,-9999,1.020302,0.93505765,-9999,0.89278099,-9999
2195.49,-9999,0.84196371,-9999,1.019962,0.93577892,-9999,0.89812351,-9999
2195.99,-9999,0.84398693,-9999,1.0224894,0.93962021,-9999,0.89667087,-9999
2196.49,-9999,0.84838684,-9999,1.0147584,0.93364001,-9999,0.89453054,-9999
2196.99,-9999,0.83666607,-9999,1.0128673,0.94093496,-9999,0.89170252,-9999
2197.49,-9999,0.83455927,-9999,1.028539,0.93743232,-9999,0.90319337,-9999
2197.99,-9999,0.84442366,-9999,1.0237866,0.94023006,-9999,0.89096923,-9999
2198.49,-9999,0.83277107,-9999,1.0287056,0.93882872,-9999,0.89019746,-9999
2198.99,-9999,0.82053405,-9999,1.0190589,0.94439152,-9999,0.89122322,-9999
2199.49,-9999,0.81550507,-9999,1.0266166,0.94503115,-9999,0.88895352,-9999
2199.99,-9999,0.80394014,-9999,1.0278524,0.94193315,-9999,0.88918264,-9999
2200.49,-9999,0.78977448,-9999,1.0269439,0.95278826,-9999,0.88763468,-9999
2201.49,-9999,0.78282377,-9999,1.0384565,0.9581743,-9999,0.87552391,-9999
2202.49,-9999,0.74274528,-9999,1.0489928,0.96778425,-9999,0.86600048,-9999
2203.49,-9999,0.72639489,-9999,1.0493571,0.97156236,-9999,0.8528752,-9999
2204.49,-9999,0.70098575,-9999,1.0532934,0.97679223,-9999,0.85585271,-9999
2205.49,-9999,0.6937623,-9999,1.0579094,0.9790547,-9999,0.85514666,-9999
2206.49,-9999,0.66776872,-9999,1.0647254,0.98126394,-9999,0.84884378,-9999
2207.49,-9999,0.65209043,-9999,1.0764173,0.98281296,-9999,0.83722325,-9999
2208.49,-9999,0.64652288,-9999,1.0814597,0.97752209,-9999,0.82131318,-9999
2209.49,-9999,0.64643929,-9999,1.0858656,0.96064209,-9999,0.82022583,-9999
2210.49,-9999,0.63127725,-9999,1.0937137,0.95968872,-9999,0.81676222,-9999
2211.49,-9999,0.64782086,-9999,1.0993617,0.96435776,-9999,0.81711834,-9999
2212.49,-9999,0.64050001,-9999,1.1100586,0.97882343,-9999,0.82629184,-9999
2213.49,-9999,0.66537183,-9999,1.1245314,0.98621494,-9999,0.82354996,-9999
2214.49,-9999,0.67343138,-9999,1.1215587,0.99128863,-9999,0.82357245,-9999
2215.49,-9999,0.69154322,-9999,1.141896,1.0019066,-9999,0.83745763,-9999
2216.49,-9999,0.749348,-9999,1.1544283,0.99863543,-9999,0.84341057,-9999
2217.49,-9999,0.73549121,-9999,1.1594954,1.0072551,-9999,0.85069123,-9999
2218.49,-9999,0.78831854,-9999,1.1797091,1.0144052,-9999,0.86104264,-9999
2219.49,-9999,0.81463197,-9999,1.191747,1.0199758,-9999,0.882969,-9999
2220.49,-9999,0.81422694,-9999,1.1964372,1.0261712,-9999,0.89816146,-9999
2221.49,-9999,0.83333233,-9999,1.2011089,1.027777,-9999,0.91063041,-9999
2222.49,-9999,0.83150517,-9999,1.2080423,1.0443546,-9999,0.92446793,-9999
2223.49,-9999,0.83768479,-9999,1.2181336,1.0501133,-9999,0.94300351,-9999
2224.49,-9999,0.82453905,-9999,1.2298811,1.0475236,-9999,0.96225401,-9999
2225.49,-9999,0.8039028,-9999,1.2379578,1.0562711,-9999,0.98224667,-9999
2226.49,-9999,0.79022133,-9999,1.24478,1.062076,-9999,1.0008095,-9999
2227.49,-9999,0.7786341,-9999,1.2531842,1.0766126,-9999,1.0102417,-9999
2228.49,-9999,0.77665109,-9999,1.2606862,1.0909008,-9999,1.0160585,-9999
2229.49,-9999,0.78754515,-9999,1.2679039,1.0920594,-9999,1.0372563,-9999
2230.49,-9999,0.76777581,-9999,1.2859547,1.1005938,-9999,1.0337791,-9999
2231.49,-9999,0.78865399,-9999,1.2854786,1.1131463,-9999,1.0321062,-9999
2232.49,-9999,0.8338934,-9999,1.3018485,1.1239383,-9999,1.0228483,-9999
2233.49,-9999,0.81504942,-9999,1.3098943,1.1326715,-9999,1.0227414,-9999
2234.49,-9999,0.80625773,-9999,1.3110188,1.142214,-9999,1.0247861,-9999
2235.49,-9999,0.8012941,-9999,1.3322583,1.1500528,-9999,1.027573,-9999
2236.49,-9999,0.80226249,-9999,1.3326968,1.159219,-9999,1.0166673,-9999
2237.49,-9999,0.80459457,-9999,1.3328758,1.1674198,-9999,1.0147357,-9999
2238.49,-9999,0.78782534,-9999,1.3335492,1.1758513,-9999,1.008855,-9999
2108.1,-9999,-9999,0.17609087,-9999,-9999,-9999,-9999,-9999
2110.1,-9999,-9999,0.14883408,-9999,-9999,-9999,-9999,-9999
2112.1,-9999,-9999,0.12942365,-9999,-9999,-9999,-9999,-9999
2114.1,-9999,-9999,0.11659814,-9999,-9999,-9999,-9999,-9999
2116.1,-9999,-9999,0.090673685,-9999,-9999,-9999,-9999,-9999
2118.1,-9999,-9999,0.062170897,-9999,-9999,-9999,-9999,-9999
2120.1,-9999,-9999,0.041348524,-9999,-9999,-9999,-9999,-9999
2122.1,-9999,-9999,0.039095665,-9999,-9999,-9999,-9999,-9999
2124.1,-9999,-9999,0.032742502,-9999,-9999,-9999,-9999,-9999
2126.1,-9999,-9999,0.019443212,-9999,-9999,-9999,-9999,-9999
2128.1,-9999,-9999,-0.0036176564,-9999,-9999,-9999,-9999,-9999
2130.1,-9999,-9999,-0.0075103479,-9999,-9999,-9999,-9999,-9999
2132.1,-9999,-9999,-0.0060345344,-9999,-9999,-9999,-9999,-9999
2134.1,-9999,-9999,-0.00053389477,-9999,-9999,-9999,-9999,-9999
2136.1,-9999,-9999,0.0003713179,-9999,-9999,-9999,-9999,-9999
2138.1,-9999,-9999,-0.0058470456,-9999,-9999,-9999,-9999,-9999
2140.1,-9999,-9999,0.00078586136,-9999,-9999,-9999,-9999,-9999
2140.3,-9999,-9999,-0.0066445384,-9999,-9999,-9999,-9999,-9999
2140.5,-9999,-9999,-0.0041818206,-9999,-9999,-9999,-9999,-9999
2140.7,-9999,-9999,-0.0087212091,-9999,-9999,-9999,-9999,-9999
2140.9,-9999,-9999,-0.0041856012,-9999,-9999,-9999,-9999,-9999
2141.1,-9999,-9999,-0.0014071072,-9999,-9999,-9999,-9999,-9999
2141.3,-9999,-9999,0.0040089559,-9999,-9999,-9999,-9999,-9999
2141.5,-9999,-9999,0.0024341167,-9999,-9999,-9999,-9999,-9999
2141.7,-9999,-9999,-0.0011698694,-9999,-9999,-9999,-9999,-9999
2141.9,-9999,-9999,0.0039788032,-9999,-9999,-9999,-9999,-9999
2142.1,-9999,-9999,0.0012080627,-9999,-9999,-9999,-9999,-9999
2142.3,-9999,-9999,0.00078267861,-9999,-9999,-9999,-9999,-9999
2142.5,-9999,-9999,-0.0053088292,-9999,-9999,-9999,-9999,-9999
2142.7,-9999,-9999,-0.0057874479,-9999,-9999,-9999,-9999,-9999
2142.9,-9999,-9999,-0.0038967134,-9999,-9999,-9999,-9999,-9999
2143.1,-9999,-9999,-0.0024688724,-9999,-9999,-9999,-9999,-9999
2143.3,-9999,-9999,-0.0018747104,-9999,-9999,-9999,-9999,-9999
2143.5,-9999,-9999,0.00034711043,-9999,-9999,-9999,-9999,-9999
2143.7,-9999,-9999,0.0065853183,-9999,-9999,-9999,-9999,-9999
2143.9,-9999,-9999,0.012084019,-9999,-9999,-9999,-9999,-9999
2144.1,-9999,-9999,0.017160742,-9999,-9999,-9999,-9999,-9999
2144.3,-9999,-9999,0.019991068,-9999,-9999,-9999,-9999,-9999
2144.5,-9999,-9999,0.0214766,-9999,-9999,-9999,-9999,-9999
2144.7,-9999,-9999,0.019372097,-9999,-9999,-9999,-9999,-9999
2144.9,-9999,-9999,0.026423474,-9999,-9999,-9999,-9999,-9999
2145.1,-9999,-9999,0.026729509,-9999,-9999,-9999,-9999,-9999
2145.3,-9999,-9999,0.034835984,-9999,-9999,-9999,-9999,-9999
2145.5,-9999,-9999,0.025799528,-9999,-9999,-9999,-9999,-9999
2145.7,-9999,-9999,0.030613813,-9999,-9999,-9999,-9999,-9999
2145.9,-9999,-9999,0.034872147,-9999,-9999,-9999,-9999,-9999
2146.1,-9999,-9999,0.040842923,-9999,-9999,-9999,-9999,-9999
2146.3,-9999,-9999,0.046946002,-9999,-9999,-9999,-9999,-9999
2146.5,-9999,-9999,0.049894021,-9999,-9999,-9999,-9999,-9999
2146.7,-9999,-9999,0.056039914,-9999,-9999,-9999,-9999,-9999
2146.9,-9999,-9999,0.069015933,-9999,-9999,-9999,-9999,-9999
2147.1,-9999,-9999,0.084100724,-9999,-9999,-9999,-9999,-9999
2147.3,-9999,-9999,0.10192908,-9999,-9999,-9999,-9999,-9999
2147.5,-9999,-9999,0.11944159,-9999,-9999,-9999,-9999,-9999
2147.7,-9999,-9999,0.14195755,-9999,-9999,-9999,-9999,-9999
2147.9,-9999,-9999,0.16846853,-9999,-9999,-9999,-9999,-9999
2148.1,-9999,-9999,0.1888501,-9999,-9999,-9999,-9999,-9999
2148.3,-9999,-9999,0.20705194,-9999,-9999,-9999,-9999,-9999
2148.5,-9999,-9999,0.22516281,-9999,-9999,-9999,-9999,-9999
2148.7,-9999,-9999,0.24449682,-9999,-9999,-9999,-9999,-9999
2148.9,-9999,-9999,0.27177768,-9999,-9999,-9999,-9999,-9999
2149.1,-9999,-9999,0.28810907,-9999,-9999,-9999,-9999,-9999
2149.3,-9999,-9999,0.30734292,-9999,-9999,-9999,-9999,-9999
2149.5,-9999,-9999,0.31659262,-9999,-9999,-9999,-9999,-9999
2149.7,-9999,-9999,0.32739008,-9999,-9999,-9999,-9999,-9999
2149.9,-9999,-9999,0.34472195,-9999,-9999,-9999,-9999,-9999
2150.1,-9999,-9999,0.37897172,-9999,-9999,-9999,-9999,-9999
2150.3,-9999,-9999,0.43911291,-9999,-9999,-9999,-9999,-9999
2150.5,-9999,-9999,0.5332781,-9999,-9999,-9999,-9999,-9999
2150.7,-9999,-9999,0.65627168,-9999,-9999,-9999,-9999,-9999
2150.9,-9999,-9999,0.83216645,-9999,-9999,-9999,-9999,-9999
2151.1,-9999,-9999,1.0810951,-9999,-9999,-9999,-9999,-9999
2151.3,-9999,-9999,1.4503269,-9999,-9999,-9999,-9999,-9999
2151.5,-9999,-9999,2.0075215,-9999,-9999,-9999,-9999,-9999
2151.7,-9999,-9999,2.7732185,-9999,-9999,-9999,-9999,-9999
2151.9,-9999,-9999,3.657331,-9999,-9999,-9999,-9999,-9999
2152.1,-9999,-9999,4.5929401,-9999,-9999,-9999,-9999,-9999
2152.3,-9999,-9999,5.3899287,-9999,-9999,-9999,-9999,-9999
2152.5,-9999,-9999,5.9558505,-9999,-9999,-9999,-9999,-9999
2152.7,-9999,-9999,6.1852136,-9999,-9999,-9999,-9999,-9999
2152.9,-9999,-9999,6.1406568,-9999,-9999,-9999,-9999,-9999
2153.1,-9999,-9999,5.8150825,-9999,-9999,-9999,-9999,-9999
2153.3,-9999,-9999,5.279151,-9999,-9999,-9999,-9999,-9999
2153.5,-9999,-9999,4.5896419,-9999,-9999,-9999,-9999,-9999
2153.7,-9999,-9999,3.9149356,-9999,-9999,-9999,-9999,-9999
2153.9,-9999,-9999,3.3044547,-9999,-9999,-9999,-9999,-9999
2154.1,-9999,-9999,2.7529096,-9999,-9999,-9999,-9999,-9999
2154.3,-9999,-9999,2.3116849,-9999,-9999,-9999,-9999,-9999
2154.5,-9999,-9999,1.9619774,-9999,-9999,-9999,-9999,-9999
2154.7,-9999,-9999,1.7243575,-9999,-9999,-9999,-9999,-9999
2154.9,-9999,-9999,1.5487979,-9999,-9999,-9999,-9999,-9999
2155.1,-9999,-9999,1.4166408,-9999,-9999,-9999,-9999,-9999
2155.3,-9999,-9999,1.3357407,-9999,-9999,-9999,-9999,-9999
2155.5,-9999,-9999,1.2694832,-9999,-9999,-9999,-9999,-9999
2155.7,-9999,-9999,1.2224493,-9999,-9999,-9999,-9999,-9999
2155.9,-9999,-9999,1.181493,-9999,-9999,-9999,-9999,-9999
2156.1,-9999,-9999,1.1732259,-9999,-9999,-9999,-9999,-9999
2156.3,-9999,-9999,1.1647722,-9999,-9999,-9999,-9999,-9999
2156.5,-9999,-9999,1.1584253,-9999,-9999,-9999,-9999,-9999
2156.7,-9999,-9999,1.1414679,-9999,-9999,-9999,-9999,-9999
2156.9,-9999,-9999,1.1325483,-9999,-9999,-9999,-9999,-9999
2157.1,-9999,-9999,1.1191615,-9999,-9999,-9999,-9999,-9999
2157.3,-9999,-9999,1.1357525,-9999,-9999,-9999,-9999,-9999
2157.5,-9999,-9999,1.1410806,-9999,-9999,-9999,-9999,-9999
2157.7,-9999,-9999,1.1756279,-9999,-9999,-9999,-9999,-9999
2157.9,-9999,-9999,1.1686791,-9999,-9999,-9999,-9999,-9999
2158.1,-9999,-9999,1.173499,-9999,-9999,-9999,-9999,-9999
2158.3,-9999,-9999,1.1754715,-9999,-9999,-9999,-9999,-9999
2158.5,-9999,-9999,1.1818934,-9999,-9999,-9999,-9999,-9999
2158.7,-9999,-9999,1.2080774,-9999,-9999,-9999,-9999,-9999
2158.9,-9999,-9999,1.222393,-9999,-9999,-9999,-9999,-9999
2159.1,-9999,-9999,1.2276874,-9999,-9999,-9999,-9999,-9999
2159.3,-9999,-9999,1.2228085,-9999,-9999,-9999,-9999,-9999
2159.5,-9999,-9999,1.2223571,-9999,-9999,-9999,-9999,-9999
2159.7,-9999,-9999,1.2350312,-9999,-9999,-9999,-9999,-9999
2159.9,-9999,-9999,1.2506137,-9999,-9999,-9999,-9999,-9999
2160.1,-9999,-9999,1.2546379,-9999,-9999,-9999,-9999,-9999
2160.6,-9999,-9999,1.2697697,-9999,-9999,-9999,-9999,-9999
2161.1,-9999,-9999,1.2687765,-9999,-9999,-9999,-9999,-9999
2161.6,-9999,-9999,1.2645286,-9999,-9999,-9999,-9999,-9999
2162.1,-9999,-9999,1.2560703,-9999,-9999,-9999,-9999,-9999
2162.6,-9999,-9999,1.2667198,-9999,-9999,-9999,-9999,-9999
2163.1,-9999,-9999,1.2878414,-9999,-9999,-9999,-9999,-9999
2163.6,-9999,-9999,1.3033976,-9999,-9999,-9999,-9999,-9999
2164.1,-9999,-9999,1.3253639,-9999,-9999,-9999,-9999,-9999
2164.6,-9999,-9999,1.3462103,-9999,-9999,-9999,-9999,-9999
2165.1,-9999,-9999,1.3776006,-9999,-9999,-9999,-9999,-9999
2165.6,-9999,-9999,1.4117331,-9999,-9999,-9999,-9999,-9999
2166.1,-9999,-9999,1.4421995,-9999,-9999,-9999,-9999,-9999
2166.6,-9999,-9999,1.4693064,-9999,-9999,-9999,-9999,-9999
2167.1,-9999,-9999,1.470352,-9999,-9999,-9999,-9999,-9999
2167.6,-9999,-9999,1.4796461,-9999,-9999,-9999,-9999,-9999
2168.1,-9999,-9999,1.4982736,-9999,-9999,-9999,-9999,-9999
2168.6,-9999,-9999,1.5189753,-9999,-9999,-9999,-9999,-9999
2169.1,-9999,-9999,1.5372592,-9999,-9999,-9999,-9999,-9999
2169.6,-9999,-9999,1.5341329,-9999,-9999,-9999,-9999,-9999
2170.1,-9999,-9999,1.545203,-9999,-9999,-9999,-9999,-9999
2170.6,-9999,-9999,1.5229191,-9999,-9999,-9999,-9999,-9999
2171.1,-9999,-9999,1.5149066,-9999,-9999,-9999,-9999,-9999
2171.6,-9999,-9999,1.4806962,-9999,-9999,-9999,-9999,-9999
2172.1,-9999,-9999,1.461206,-9999,-9999,-9999,-9999,-9999
2172.6,-9999,-9999,1.4213685,-9999,-9999,-9999,-9999,-9999
2173.1,-9999,-9999,1.3867979,-9999,-9999,-9999,-9999,-9999
2173.6,-9999,-9999,1.3525489,-9999,-9999,-9999,-9999,-9999
2174.1,-9999,-9999,1.3311372,-9999,-9999,-9999,-9999,-9999
2174.6,-9999,-9999,1.2855876,-9999,-9999,-9999,-9999,-9999
2175.1,-9999,-9999,1.2468971,-9999,-9999,-9999,-9999,-9999
2175.6,-9999,-9999,1.19714,-9999,-9999,-9999,-9999,-9999
2176.1,-9999,-9999,1.1791376,-9999,-9999,-9999,-9999,-9999
2176.6,-9999,-9999,1.1624629,-9999,-9999,-9999,-9999,-9999
2177.1,-9999,-9999,1.158729,-9999,-9999,-9999,-9999,-9999
2177.6,-9999,-9999,1.1353357,-9999,-9999,-9999,-9999,-9999
2178.1,-9999,-9999,1.1132226,-9999,-9999,-9999,-9999,-9999
2178.6,-9999,-9999,1.0874639,-9999,-9999,-9999,-9999,-9999
2179.1,-9999,-9999,1.0723614,-9999,-9999,-9999,-9999,-9999
2179.6,-9999,-9999,1.0693712,-9999,-9999,-9999,-9999,-9999
2180.1,-9999,-9999,1.0672418,-9999,-9999,-9999,-9999,-9999
2180.6,-9999,-9999,1.0799833,-9999,-9999,-9999,-9999,-9999
2181.1,-9999,-9999,1.0786911,-9999,-9999,-9999,-9999,-9999
2181.6,-9999,-9999,1.0757121,-9999,-9999,-9999,-9999,-9999
2182.1,-9999,-9999,1.0744889,-9999,-9999,-9999,-9999,-9999
2182.6,-9999,-9999,1.0632964,-9999,-9999,-9999,-9999,-9999
2183.1,-9999,-9999,1.0641866,-9999,-9999,-9999,-9999,-9999
2183.6,-9999,-9999,1.0618705,-9999,-9999,-9999,-9999,-9999
2184.1,-9999,-9999,1.0769966,-9999,-9999,-9999,-9999,-9999
2184.6,-9999,-9999,1.0777561,-9999,-9999,-9999,-9999,-9999
2185.1,-9999,-9999,1.0668967,-9999,-9999,-9999,-9999,-9999
2185.6,-9999,-9999,1.055433,-9999,-9999,-9999,-9999,-9999
2186.1,-9999,-9999,1.0667068,-9999,-9999,-9999,-9999,-9999
2186.6,-9999,-9999,1.0601962,-9999,-9999,-9999,-9999,-9999
2187.1,-9999,-9999,1.0541865,-9999,-9999,-9999,-9999,-9999
2187.6,-9999,-9999,1.0314044,-9999,-9999,-9999,-9999,-9999
2188.1,-9999,-9999,1.0431594,-9999,-9999,-9999,-9999,-9999
2188.6,-9999,-9999,1.0519559,-9999,-9999,-9999,-9999,-9999
2189.1,-9999,-9999,1.0587362,-9999,-9999,-9999,-9999,-9999
2189.6,-9999,-9999,1.0494064,-9999,-9999,-9999,-9999,-9999
2190.1,-9999,-9999,1.0550502,-9999,-9999,-9999,-9999,-9999
2190.6,-9999,-9999,1.059745,-9999,-9999,-9999,-9999,-9999
2191.1,-9999,-9999,1.0780009,-9999,-9999,-9999,-9999,-9999
2191.6,-9999,-9999,1.0774601,-9999,-9999,-9999,-9999,-9999
2192.1,-9999,-9999,1.0797623,-9999,-9999,-9999,-9999,-9999
2192.6,-9999,-9999,1.0840215,-9999,-9999,-9999,-9999,-9999
2193.1,-9999,-9999,1.0879984,-9999,-9999,-9999,-9999,-9999
2193.6,-9999,-9999,1.0932225,-9999,-9999,-9999,-9999,-9999
2194.1,-9999,-9999,1.0957959,-9999,-9999,-9999,-9999,-9999
2194.6,-9999,-9999,1.1011863,-9999,-9999,-9999,-9999,-9999
2195.1,-9999,-9999,1.1036832,-9999,-9999,-9999,-9999,-9999
2195.6,-9999,-9999,1.0996129,-9999,-9999,-9999,-9999,-9999
2196.1,-9999,-9999,1.1038417,-9999,-9999,-9999,-9999,-9999
2196.6,-9999,-9999,1.1006807,-9999,-9999,-9999,-9999,-9999
2197.1,-9999,-9999,1.1152231,-9999,-9999,-9999,-9999,-9999
2197.6,-9999,-9999,1.1253266,-9999,-9999,-9999,-9999,-9999
2198.1,-9999,-9999,1.135382,-9999,-9999,-9999,-9999,-9999
2198.6,-9999,-9999,1.1262214,-9999,-9999,-9999,-9999,-9999
2199.1,-9999,-9999,1.1275745,-9999,-9999,-9999,-9999,-9999
2199.6,-9999,-9999,1.1294751,-9999,-9999,-9999,-9999,-9999
2200.1,-9999,-9999,1.1393612,-9999,-9999,-9999,-9999,-9999
2201.1,-9999,-9999,1.1426321,-9999,-9999,-9999,-9999,-9999
2202.1,-9999,-9999,1.1561612,-9999,-9999,-9999,-9999,-9999
2203.1,-9999,-9999,1.1661163,-9999,-9999,-9999,-9999,-9999
2204.1,-9999,-9999,1.1915521,-9999,-9999,-9999,-9999,-9999
2205.1,-9999,-9999,1.2133264,-9999,-9999,-9999,-9999,-9999
2206.1,-9999,-9999,1.2253904,-9999,-9999,-9999,-9999,-9999
2207.1,-9999,-9999,1.2399902,-9999,-9999,-9999,-9999,-9999
2208.1,-9999,-9999,1.2567975,-9999,-9999,-9999,-9999,-9999
2209.1,-9999,-9999,1.2802652,-9999,-9999,-9999,-9999,-9999
2210.1,-9999,-9999,1.2929548,-9999,-9999,-9999,-9999,-9999
2211.1,-9999,-9999,1.3061305,-9999,-9999,-9999,-9999,-9999
2212.1,-9999,-9999,1.3275664,-9999,-9999,-9999,-9999,-9999
2213.1,-9999,-9999,1.3403622,-9999,-9999,-9999,-9999,-9999
2214.1,-9999,-9999,1.3558213,-9999,-9999,-9999,-9999,-9999
2215.1,-9999,-9999,1.3648774,-9999,-9999,-9999,-9999,-9999
2216.1,-9999,-9999,1.3891553,-9999,-9999,-9999,-9999,-9999
2217.1,-9999,-9999,1.4045764,-9999,-9999,-9999,-9999,-9999
2218.1,-9999,-9999,1.4280188,-9999,-9999,-9999,-9999,-9999
2219.1,-9999,-9999,1.4355696,-9999,-9999,-9999,-9999,-9999
2220.1,-9999,-9999,1.4447121,-9999,-9999,-9999,-9999,-9999
2221.1,-9999,-9999,1.4630957,-9999,-9999,-9999,-9999,-9999
2222.1,-9999,-9999,1.4759568,-9999,-9999,-9999,-9999,-9999
2223.1,-9999,-9999,1.4888919,-9999,-9999,-9999,-9999,-9999
2224.1,-9999,-9999,1.5016392,-9999,-9999,-9999,-9999,-9999
2225.1,-9999,-9999,1.5186585,-9999,-9999,-9999,-9999,-9999
2226.1,-9999,-9999,1.5444922,-9999,-9999,-9999,-9999,-9999
2227.1,-9999,-9999,1.5554172,-9999,-9999,-9999,-9999,-9999
2228.1,-9999,-9999,1.5651563,-9999,-9999,-9999,-9999,-9999
2229.1,-9999,-9999,1.5712484,-9999,-9999,-9999,-9999,-9999
2230.1,-9999,-9999,1.5857882,-9999,-9999,-9999,-9999,-9999
2231.1,-9999,-9999,1.5973553,-9999,-9999,-9999,-9999,-9999
2232.1,-9999,-9999,1.6168712,-9999,-9999,-9999,-9999,-9999
2233.1,-9999,-9999,1.6320659,-9999,-9999,-9999,-9999,-9999
2234.1,-9999,-9999,1.6590721,-9999,-9999,-9999,-9999,-9999
2235.1,-9999,-9999,1.6777955,-9999,-9999,-9999,-9999,-9999
2236.1,-9999,-9999,1.681274,-9999,-9999,-9999,-9999,-9999
2125.46,-9999,-9999,-9999,-9999,-9999,-0.029214082,-9999,-9999
2127.46,-9999,-9999,-9999,-9999,-9999,-0.028501732,-9999,-9999
2129.46,-9999,-9999,-9999,-9999,-9999,-0.032948112,-9999,-9999
2131.46,-9999,-9999,-9999,-9999,-9999,-0.017692028,-9999,-9999
2133.46,-9999,-9999,-9999,-9999,-9999,0.016118216,-9999,-9999
2135.46,-9999,-9999,-9999,-9999,-9999,0.0014838836,-9999,-9999
2137.46,-9999,-9999,-9999,-9999,-9999,-0.0018098765,-9999,-9999
2139.46,-9999,-9999,-9999,-9999,-9999,-0.00038955015,-9999,-9999
2140.46,-9999,-9999,-9999,-9999,-9999,0.0089350447,-9999,-9999
2140.66,-9999,-9999,-9999,-9999,-9999,0.0051965899,-9999,-9999
2140.76,-9999,-9999,-9999,-9999,-9999,0.006880195,-9999,-9999
2140.86,-9999,-9999,-9999,-9999,-9999,-0.0011104376,-9999,-9999
2140.96,-9999,-9999,-9999,-9999,-9999,4.6502222e-05,-9999,-9999
2141.06,-9999,-9999,-9999,-9999,-9999,0.0032021801,-9999,-9999
2141.16,-9999,-9999,-9999,-9999,-9999,-5.70984e-05,-9999,-9999
2141.26,-9999,-9999,-9999,-9999,-9999,0.0016524083,-9999,-9999
2141.36,-9999,-9999,-9999,-9999,-9999,0.0053865546,-9999,-9999
2141.46,-9999,-9999,-9999,-9999,-9999,0.005839835,-9999,-9999
2141.56,-9999,-9999,-9999,-9999,-9999,-0.00070030946,-9999,-9999
2141.66,-9999,-9999,-9999,-9999,-9999,0.0031806125,-9999,-9999
2141.76,-9999,-9999,-9999,-9999,-9999,-0.0040113883,-9999,-9999
2141.86,-9999,-9999,-9999,-9999,-9999,0.0018812225,-9999,-9999
2141.96,-9999,-9999,-9999,-9999,-9999,-0.0016716071,-9999,-9999
2142.06,-9999,-9999,-9999,-9999,-9999,-0.0055697911,-9999,-9999
2142.16,-9999,-9999,-9999,-9999,-9999,0.00034440435,-9999,-9999
2142.26,-9999,-9999,-9999,-9999,-9999,0.001812163,-9999,-9999
2142.36,-9999,-9999,-9999,-9999,-9999,0.00073725056,-9999,-9999
2142.46,-9999,-9999,-9999,-9999,-9999,-0.0092564371,-9999,-9999
2142.56,-9999,-9999,-9999,-9999,-9999,-0.014691448,-9999,-9999
2142.66,-9999,-9999,-9999,-9999,-9999,0.0037720601,-9999,-9999
2142.76,-9999,-9999,-9999,-9999,-9999,-0.0036271532,-9999,-9999
2142.86,-9999,-9999,-9999,-9999,-9999,-0.0042228866,-9999,-9999
2142.96,-9999,-9999,-9999,-9999,-9999,-0.0037091692,-9999,-9999
2143.06,-9999,-9999,-9999,-9999,-9999,-0.0071842942,-9999,-9999
2143.16,-9999,-9999,-9999,-9999,-9999,0.0027748637,-9999,-9999
2143.26,-9999,-9999,-9999,-9999,-9999,-0.00089020612,-9999,-9999
2143.36,-9999,-9999,-9999,-9999,-9999,-0.0050905751,-9999,-9999
2143.46,-9999,-9999,-9999,-9999,-9999,0.0003099058,-9999,-9999
2143.56,-9999,-9999,-9999,-9999,-9999,0.0073076504,-9999,-9999
2143.66,-9999,-9999,-9999,-9999,-9999,-0.0043480548,-9999,-9999
2143.76,-9999,-9999,-9999,-9999,-9999,-0.0012441801,-9999,-9999
2143.86,-9999,-9999,-9999,-9999,-9999,0.0042555902,-9999,-9999
2143.96,-9999,-9999,-9999,-9999,-9999,0.0061593587,-9999,-9999
2144.06,-9999,-9999,-9999,-9999,-9999,0.0036641766,-9999,-9999
2144.16,-9999,-9999,-9999,-9999,-9999,0.0054772896,-9999,-9999
2144.26,-9999,-9999,-9999,-9999,-9999,0.005563631,-9999,-9999
2144.36,-9999,-9999,-9999,-9999,-9999,0.0072256515,-9999,-9999
2144.46,-9999,-9999,-9999,-9999,-9999,0.0054470796,-9999,-9999
2144.56,-9999,-9999,-9999,-9999,-9999,0.0092891492,-9999,-9999
2144.66,-9999,-9999,-9999,-9999,-9999,0.0029519003,-9999,-9999
2144.76,-9999,-9999,-9999,-9999,-9999,0.0037116827,-9999,-9999
2144.86,-9999,-9999,-9999,-9999,-9999,0.0082012916,-9999,-9999
2144.96,-9999,-9999,-9999,-9999,-9999,0.004825456,-9999,-9999
2145.06,-9999,-9999,-9999,-9999,-9999,0.011292218,-9999,-9999
2145.16,-9999,-9999,-9999,-9999,-9999,0.002313009,-9999,-9999
2145.26,-9999,-9999,-9999,-9999,-9999,0.0027360709,-9999,-9999
2145.36,-9999,-9999,-9999,-9999,-9999,0.0034699517,-9999,-9999
2145.46,-9999,-9999,-9999,-9999,-9999,0.015004789,-9999,-9999
2145.56,-9999,-9999,-9999,-9999,-9999,0.0038368963,-9999,-9999
2145.66,-9999,-9999,-9999,-9999,-9999,0.01465944,-9999,-9999
2145.76,-9999,-9999,-9999,-9999,-9999,0.019110197,-9999,-9999
2145.86,-9999,-9999,-9999,-9999,-9999,0.0099453592,-9999,-9999
2145.96,-9999,-9999,-9999,-9999,-9999,0.0059478859,-9999,-9999
2146.06,-9999,-9999,-9999,-9999,-9999,0.013575902,-9999,-9999
2146.16,-9999,-9999,-9999,-9999,-9999,0.013519785,-9999,-9999
2146.26,-9999,-9999,-9999,-9999,-9999,0.021536325,-9999,-9999
2146.36,-9999,-9999,-9999,-9999,-9999,0.024294845,-9999,-9999
2146.46,-9999,-9999,-9999,-9999,-9999,0.02437687,-9999,-9999
2146.56,-9999,-9999,-9999,-9999,-9999,0.024022884,-9999,-9999
2146.66,-9999,-9999,-9999,-9999,-9999,0.017879897,-9999,-9999
2146.76,-9999,-9999,-9999,-9999,-9999,0.023401252,-9999,-9999
2146.86,-9999,-9999,-9999,-9999,-9999,0.026807312,-9999,-9999
2146.96,-9999,-9999,-9999,-9999,-9999,0.025892126,-9999,-9999
2147.06,-9999,-9999,-9999,-9999,-9999,0.029078022,-9999,-9999
2147.16,-9999,-9999,-9999,-9999,-9999,0.032920092,-9999,-9999
2147.26,-9999,-9999,-9999,-9999,-9999,0.028559996,-9999,-9999
2147.36,-9999,-9999,-9999,-9999,-9999,0.031922887,-9999,-9999
2147.46,-9999,-9999,-9999,-9999,-9999,0.033494252,-9999,-9999
2147.56,-9999,-9999,-9999,-9999,-9999,0.038130636,-9999,-9999
2147.66,-9999,-9999,-9999,-9999,-9999,0.044437672,-9999,-9999
2147.76,-9999,-9999,-9999,-9999,-9999,0.034560542,-9999,-9999
2147.86,-9999,-9999,-9999,-9999,-9999,0.05462563,-9999,-9999
2147.96,-9999,-9999,-9999,-9999,-9999,0.052877277,-9999,-9999
2148.06,-9999,-9999,-9999,-9999,-9999,0.054211211,-9999,-9999
2148.16,-9999,-9999,-9999,-9999,-9999,0.056650279,-9999,-9999
2148.26,-9999,-9999,-9999,-9999,-9999,0.075765643,-9999,-9999
2148.36,-9999,-9999,-9999,-9999,-9999,0.070874565,-9999,-9999
2148.46,-9999,-9999,-9999,-9999,-9999,0.075372808,-9999,-9999
2148.56,-9999,-9999,-9999,-9999,-9999,0.075895159,-9999,-9999
2148.66,-9999,-9999,-9999,-9999,-9999,0.085642787,-9999,-9999
2148.76,-9999,-9999,-9999,-9999,-9999,0.087935079,-9999,-9999
2148.86,-9999,-9999,-9999,-9999,-9999,0.092670753,-9999,-9999
2148.96,-9999,-9999,-9999,-9999,-9999,0.10544887,-9999,-9999
2149.06,-9999,-9999,-9999,-9999,-9999,0.11528715,-9999,-9999
2149.16,-9999,-9999,-9999,-9999,-9999,0.11849463,-9999,-9999
2149.26,-9999,-9999,-9999,-9999,-9999,0.13672071,-9999,-9999
2149.36,-9999,-9999,-9999,-9999,-9999,0.15583175,-9999,-9999
2149.46,-9999,-9999,-9999,-9999,-9999,0.15404887,-9999,-9999
2149.56,-9999,-9999,-9999,-9999,-9999,0.18693955,-9999,-9999
2149.66,-9999,-9999,-9999,-9999,-9999,0.20463464,-9999,-9999
2149.76,-9999,-9999,-9999,-9999,-9999,0.23035059,-9999,-9999
2149.86,-9999,-9999,-9999,-9999,-9999,0.25841495,-9999,-9999
2149.96,-9999,-9999,-9999,-9999,-9999,0.29801846,-9999,-9999
2150.06,-9999,-9999,-9999,-9999,-9999,0.34382108,-9999,-9999
2150.16,-9999,-9999,-9999,-9999,-9999,0.39705313,-9999,-9999
2150.26,-9999,-9999,-9999,-9999,-9999,0.44383138,-9999,-9999
2150.36,-9999,-9999,-9999,-9999,-9999,0.51395989,-9999,-9999
2150.46,-9999,-9999,-9999,-9999,-9999,0.59540307,-9999,-9999
2150.56,-9999,-9999,-9999,-9999,-9999,0.68014007,-9999,-9999
2150.66,-9999,-9999,-9999,-9999,-9999,0.77314399,-9999,-9999
2150.76,-9999,-9999,-9999,-9999,-9999,0.86502983,-9999,-9999
2150.86,-9999,-9999,-9999,-9999,-9999,1.0005728,-9999,-9999
2150.96,-9999,-9999,-9999,-9999,-9999,1.1367632,-9999,-9999
2151.06,-9999,-9999,-9999,-9999,-9999,1.298933,-9999,-9999
2151.16,-9999,-9999,-9999,-9999,-9999,1.5483954,-9999,-9999
2151.26,-9999,-9999,-9999,-9999,-9999,1.835864,-9999,-9999
2151.36,-9999,-9999,-9999,-9999,-9999,2.2209859,-9999,-9999
2151.46,-9999,-9999,-9999,-9999,-9999,2.6581656,-9999,-9999
2151.56,-9999,-9999,-9999,-9999,-9999,3.138657,-9999,-9999
2151.66,-9999,-9999,-9999,-9999,-9999,3.6697774,-9999,-9999
2151.76,-9999,-9999,-9999,-9999,-9999,4.2611665,-9999,-9999
2151.86,-9999,-9999,-9999,-9999,-9999,4.8925303,-9999,-9999
2151.96,-9999,-9999,-9999,-9999,-9999,5.4137261,-9999,-9999
2152.06,-9999,-9999,-9999,-9999,-9999,5.8108533,-9999,-9999
2152.16,-9999,-9999,-9999,-9999,-9999,6.1782801,-9999,-9999
2152.26,-9999,-9999,-9999,-9999,-9999,6.4587207,-9999,-9999
2152.36,-9999,-9999,-9999,-9999,-9999,6.626101,-9999,-9999
2152.46,-9999,-9999,-9999,-9999,-9999,6.6808526,-9999,-9999
2152.56,-9999,-9999,-9999,-9999,-9999,6.6708503,-9999,-9999
2152.66,-9999,-9999,-9999,-9999,-9999,6.6763026,-9999,-9999
2152.76,-9999,-9999,-9999,-9999,-9999,6.5582907,-9999,-9999
2152.86,-9999,-9999,-9999,-9999,-9999,6.3942604,-9999,-9999
2152.96,-9999,-9999,-9999,-9999,-9999,6.171304,-9999,-9999
2153.06,-9999,-9999,-9999,-9999,-9999,5.9492973,-9999,-9999
2153.16,-9999,-9999,-9999,-9999,-9999,5.6558885,-9999,-9999
2153.26,-9999,-9999,-9999,-9999,-9999,5.378323,-9999,-9999
2153.36,-9999,-9999,-9999,-9999,-9999,5.0869432,-9999,-9999
2153.46,-9999,-9999,-9999,-9999,-9999,4.7524374,-9999,-9999
2153.56,-9999,-9999,-9999,-9999,-9999,4.4243637,-9999,-9999
2153.66,-9999,-9999,-9999,-9999,-9999,4.1791319,-9999,-9999
2153.76,-9999,-9999,-9999,-9999,-9999,3.8904718,-9999,-9999
2153.86,-9999,-9999,-9999,-9999,-9999,3.5959407,-9999,-9999
2153.96,-9999,-9999,-9999,-9999,-9999,3.3544172,-9999,-9999
2154.06,-9999,-9999,-9999,-9999,-9999,3.1704988,-9999,-9999
2154.16,-9999,-9999,-9999,-9999,-9999,2.9681039,-9999,-9999
2154.26,-9999,-9999,-9999,-9999,-9999,2.7997264,-9999,-9999
2154.36,-9999,-9999,-9999,-9999,-9999,2.6448652,-9999,-9999
2154.46,-9999,-9999,-9999,-9999,-9999,2.4956549,-9999,-9999
2154.56,-9999,-9999,-9999,-9999,-9999,2.3680421,-9999,-9999
2154.66,-9999,-9999,-9999,-9999,-9999,2.2563114,-9999,-9999
2154.76,-9999,-9999,-9999,-9999,-9999,2.1550017,-9999,-9999
2154.86,-9999,-9999,-9999,-9999,-9999,2.0968656,-9999,-9999
2154.96,-9999,-9999,-9999,-9999,-9999,2.0176759,-9999,-9999
2155.06,-9999,-9999,-9999,-9999,-9999,1.9326453,-9999,-9999
2155.16,-9999,-9999,-9999,-9999,-9999,1.8676842,-9999,-9999
2155.26,-9999,-9999,-9999,-9999,-9999,1.8309817,-9999,-9999
2155.36,-9999,-9999,-9999,-9999,-9999,1.7783453,-9999,-9999
2155.46,-9999,-9999,-9999,-9999,-9999,1.7336349,-9999,-9999
2155.56,-9999,-9999,-9999,-9999,-9999,1.7069649,-9999,-9999
2155.66,-9999,-9999,-9999,-9999,-9999,1.6876812,-9999,-9999
2155.76,-9999,-9999,-9999,-9999,-9999,1.6507197,-9999,-9999
2155.86,-9999,-9999,-9999,-9999,-9999,1.6290055,-9999,-9999
2155.96,-9999,-9999,-9999,-9999,-9999,1.593693,-9999,-9999
2156.06,-9999,-9999,-9999,-9999,-9999,1.5697557,-9999,-9999
2156.16,-9999,-9999,-9999,-9999,-9999,1.5503338,-9999,-9999
2156.26,-9999,-9999,-9999,-9999,-9999,1.5376938,-9999,-9999
2156.36,-9999,-9999,-9999,-9999,-9999,1.5239315,-9999,-9999
2156.46,-9999,-9999,-9999,-9999,-9999,1.4897069,-9999,-9999
2156.56,-9999,-9999,-9999,-9999,-9999,1.4760654,-9999,-9999
2156.66,-9999,-9999,-9999,-9999,-9999,1.4570277,-9999,-9999
2156.76,-9999,-9999,-9999,-9999,-9999,1.4604165,-9999,-9999
2156.86,-9999,-9999,-9999,-9999,-9999,1.4257861,-9999,-9999
2156.96,-9999,-9999,-9999,-9999,-9999,1.4348301,-9999,-9999
2157.06,-9999,-9999,-9999,-9999,-9999,1.4140441,-9999,-9999
2157.16,-9999,-9999,-9999,-9999,-9999,1.4100034,-9999,-9999
2157.26,-9999,-9999,-9999,-9999,-9999,1.4157061,-9999,-9999
2157.36,-9999,-9999,-9999,-9999,-9999,1.4085573,-9999,-9999
2157.46,-9999,-9999,-9999,-9999,-9999,1.3701539,-9999,-9999
2157.56,-9999,-9999,-9999,-9999,-9999,1.3715612,-9999,-9999
2157.66,-9999,-9999,-9999,-9999,-9999,1.3606912,-9999,-9999
2157.76,-9999,-9999,-9999,-9999,-9999,1.3595083,-9999,-9999
2157.86,-9999,-9999,-9999,-9999,-9999,1.3681551,-9999,-9999
2157.96,-9999,-9999,-9999,-9999,-9999,1.3645332,-9999,-9999
2158.06,-9999,-9999,-9999,-9999,-9999,1.3586665,-9999,-9999
2158.16,-9999,-9999,-9999,-9999,-9999,1.3467518,-9999,-9999
2158.26,-9999,-9999,-9999,-9999,-9999,1.3528991,-9999,-9999
2158.36,-9999,-9999,-9999,-9999,-9999,1.3588306,-9999,-9999
2158.46,-9999,-9999,-9999,-9999,-9999,1.3617488,-9999,-9999
2158.56,-9999,-9999,-9999,-9999,-9999,1.3510903,-9999,-9999
2158.66,-9999,-9999,-9999,-9999,-9999,1.35618,-9999,-9999
2158.76,-9999,-9999,-9999,-9999,-9999,1.3462899,-9999,-9999
2158.86,-9999,-9999,-9999,-9999,-9999,1.3517077,-9999,-9999
2158.96,-9999,-9999,-9999,-9999,-9999,1.3560073,-9999,-9999
2159.06,-9999,-9999,-9999,-9999,-9999,1.3666702,-9999,-9999
2159.16,-9999,-9999,-9999,-9999,-9999,1.3573283,-9999,-9999
2159.26,-9999,-9999,-9999,-9999,-9999,1.3699726,-9999,-9999
2159.36,-9999,-9999,-9999,-9999,-9999,1.362146,-9999,-9999
2159.46,-9999,-9999,-9999,-9999,-9999,1.3741428,-9999,-9999
2159.56,-9999,-9999,-9999,-9999,-9999,1.3771215,-9999,-9999
2159.66,-9999,-9999,-9999,-9999,-9999,1.3795519,-9999,-9999
2159.76,-9999,-9999,-9999,-9999,-9999,1.3870979,-9999,-9999
2159.86,-9999,-9999,-9999,-9999,-9999,1.3803505,-9999,-9999
2159.96,-9999,-9999,-9999,-9999,-9999,1.3922437,-9999,-9999
2160.06,-9999,-9999,-9999,-9999,-9999,1.3787231,-9999,-9999
2160.16,-9999,-9999,-9999,-9999,-9999,1.3944237,-9999,-9999
2160.26,-9999,-9999,-9999,-9999,-9999,1.3829968,-9999,-9999
2160.36,-9999,-9999,-9999,-9999,-9999,1.3857726,-9999,-9999
2160.46,-9999,-9999,-9999,-9999,-9999,1.3963923,-9999,-9999
2160.96,-9999,-9999,-9999,-9999,-9999,1.398555,-9999,-9999
2161.46,-9999,-9999,-9999,-9999,-9999,1.3933661,-9999,-9999
2161.96,-9999,-9999,-9999,-9999,-9999,1.3877066,-9999,-9999
2162.46,-9999,-9999,-9999,-9999,-9999,1.3997768,-9999,-9999
2162.96,-9999,-9999,-9999,-9999,-9999,1.4218708,-9999,-9999
2163.46,-9999,-9999,-9999,-9999,-9999,1.4534406,-9999,-9999
2163.96,-9999,-9999,-9999,-9999,-9999,1.4829813,-9999,-9999
2164.46,-9999,-9999,-9999,-9999,-9999,1.5317756,-9999,-9999
2164.96,-9999,-9999,-9999,-9999,-9999,1.5678176,-9999,-9999
2165.46,-9999,-9999,-9999,-9999,-9999,1.615455,-9999,-9999
2165.96,-9999,-9999,-9999,-9999,-9999,1.6541908,-9999,-9999
2166.46,-9999,-9999,-9999,-9999,-9999,1.709223,-9999,-9999
2166.96,-9999,-9999,-9999,-9999,-9999,1.7167431,-9999,-9999
2167.46,-9999,-9999,-9999,-9999,-9999,1.7783371,-9999,-9999
2167.96,-9999,-9999,-9999,-9999,-9999,1.7756217,-9999,-9999
2168.46,-9999,-9999,-9999,-9999,-9999,1.8011175,-9999,-9999
2168.96,-9999,-9999,-9999,-9999,-9999,1.8050114,-9999,-9999
2169.46,-9999,-9999,-9999,-9999,-9999,1.7886373,-9999,-9999
2169.96,-9999,-9999,-9999,-9999,-9999,1.7532255,-9999,-9999
2170.46,-9999,-9999,-9999,-9999,-9999,1.7288263,-9999,-9999
2170.96,-9999,-9999,-9999,-9999,-9999,1.6754302,-9999,-9999
2171.46,-9999,-9999,-9999,-9999,-9999,1.6462305,-9999,-9999
2171.96,-9999,-9999,-9999,-9999,-9999,1.6107151,-9999,-9999
2172.46,-9999,-9999,-9999,-9999,-9999,1.5471657,-9999,-9999
2172.96,-9999,-9999,-9999,-9999,-9999,1.4976375,-9999,-9999
2173.46,-9999,-9999,-9999,-9999,-9999,1.455936,-9999,-9999
2173.96,-9999,-9999,-9999,-9999,-9999,1.4114026,-9999,-9999
2174.46,-9999,-9999,-9999,-9999,-9999,1.3752138,-9999,-9999
2174.96,-9999,-9999,-9999,-9999,-9999,1.3448183,-9999,-9999
2175.46,-9999,-9999,-9999,-9999,-9999,1.2912539,-9999,-9999
2175.96,-9999,-9999,-9999,-9999,-9999,1.2589935,-9999,-9999
2176.46,-9999,-9999,-9999,-9999,-9999,1.2182935,-9999,-9999
2176.96,-9999,-9999,-9999,-9999,-9999,1.1683035,-9999,-9999
2177.46,-9999,-9999,-9999,-9999,-9999,1.1494687,-9999,-9999
2177.96,-9999,-9999,-9999,-9999,-9999,1.135715,-9999,-9999
2178.46,-9999,-9999,-9999,-9999,-9999,1.1102451,-9999,-9999
2178.96,-9999,-9999,-9999,-9999,-9999,1.0974843,-9999,-9999
2179.46,-9999,-9999,-9999,-9999,-9999,1.0759169,-9999,-9999
2179.96,-9999,-9999,-9999,-9999,-9999,1.055295,-9999,-9999
2180.46,-9999,-9999,-9999,-9999,-9999,1.043812,-9999,-9999
2180.96,-9999,-9999,-9999,-9999,-9999,1.0345392,-9999,-9999
2181.46,-9999,-9999,-9999,-9999,-9999,1.0297345,-9999,-9999
2181.96,-9999,-9999,-9999,-9999,-9999,1.0201509,-9999,-9999
2182.46,-9999,-9999,-9999,-9999,-9999,1.009609,-9999,-9999
2182.96,-9999,-9999,-9999,-9999,-9999,1.0180443,-9999,-9999
2183.46,-9999,-9999,-9999,-9999,-9999,1.0170212,-9999,-9999
2183.96,-9999,-9999,-9999,-9999,-9999,1.000319,-9999,-9999
2184.46,-9999,-9999,-9999,-9999,-9999,1.0049986,-9999,-9999
2184.96,-9999,-9999,-9999,-9999,-9999,1.0021192,-9999,-9999
2185.46,-9999,-9999,-9999,-9999,-9999,1.0002025,-9999,-9999
2185.96,-9999,-9999,-9999,-9999,-9999,1.002348,-9999,-9999
2186.46,-9999,-9999,-9999,-9999,-9999,0.99499199,-9999,-9999
2186.96,-9999,-9999,-9999,-9999,-9999,1.0045583,-9999,-9999
2187.46,-9999,-9999,-9999,-9999,-9999,0.99132263,-9999,-9999
2187.96,-9999,-9999,-9999,-9999,-9999,0.99499203,-9999,-9999
2188.46,-9999,-9999,-9999,-9999,-9999,0.98862457,-9999,-9999
2188.96,-9999,-9999,-9999,-9999,-9999,0.99803549,-9999,-9999
2189.46,-9999,-9999,-9999,-9999,-9999,0.9940553,-9999,-9999
2189.96,-9999,-9999,-9999,-9999,-9999,0.99176302,-9999,-9999
2190.46,-9999,-9999,-9999,-9999,-9999,0.98412639,-9999,-9999
2190.96,-9999,-9999,-9999,-9999,-9999,0.99550583,-9999,-9999
2191.46,-9999,-9999,-9999,-9999,-9999,0.99644693,-9999,-9999
2191.96,-9999,-9999,-9999,-9999,-9999,0.98093191,-9999,-9999
2192.46,-9999,-9999,-9999,-9999,-9999,0.98048728,-9999,-9999
2192.96,-9999,-9999,-9999,-9999,-9999,0.97772877,-9999,-9999
2193.46,-9999,-9999,-9999,-9999,-9999,0.98169604,-9999,-9999
2193.96,-9999,-9999,-9999,-9999,-9999,0.98349622,-9999,-9999
2194.46,-9999,-9999,-9999,-9999,-9999,0.98189465,-9999,-9999
2194.96,-9999,-9999,-9999,-9999,-9999,0.98001248,-9999,-9999
2195.46,-9999,-9999,-9999,-9999,-9999,0.98477839,-9999,-9999
2195.96,-9999,-9999,-9999,-9999,-9999,0.98261562,-9999,-9999
2196.46,-9999,-9999,-9999,-9999,-9999,0.98399705,-9999,-9999
2196.96,-9999,-9999,-9999,-9999,-9999,0.97759506,-9999,-9999
2197.46,-9999,-9999,-9999,-9999,-9999,0.98673401,-9999,-9999
2197.96,-9999,-9999,-9999,-9999,-9999,0.98675561,-9999,-9999
2198.46,-9999,-9999,-9999,-9999,-9999,0.98402733,-9999,-9999
2198.96,-9999,-9999,-9999,-9999,-9999,0.99311879,-9999,-9999
2199.46,-9999,-9999,-9999,-9999,-9999,0.99858404,-9999,-9999
2199.96,-9999,-9999,-9999,-9999,-9999,1.0119968,-9999,-9999
2200.46,-9999,-9999,-9999,-9999,-9999,0.99353326,-9999,-9999
2201.46,-9999,-9999,-9999,-9999,-9999,1.0109046,-9999,-9999
2202.46,-9999,-9999,-9999,-9999,-9999,1.0204019,-9999,-9999
2203.46,-9999,-9999,-9999,-9999,-9999,1.0249779,-9999,-9999
2204.46,-9999,-9999,-9999,-9999,-9999,1.0421075,-9999,-9999
2205.46,-9999,-9999,-9999,-9999,-9999,1.0427205,-9999,-9999
2206.46,-9999,-9999,-9999,-9999,-9999,1.0688595,-9999,-9999
2207.46,-9999,-9999,-9999,-9999,-9999,1.0775711,-9999,-9999
2208.46,-9999,-9999,-9999,-9999,-9999,1.0933625,-9999,-9999
2209.46,-9999,-9999,-9999,-9999,-9999,1.0919552,-9999,-9999
2210.46,-9999,-9999,-9999,-9999,-9999,1.1069004,-9999,-9999
2211.46,-9999,-9999,-9999,-9999,-9999,1.1340151,-9999,-9999
2212.46,-9999,-9999,-9999,-9999,-9999,1.1328193,-9999,-9999
2213.46,-9999,-9999,-9999,-9999,-9999,1.1587468,-9999,-9999
2214.46,-9999,-9999,-9999,-9999,-9999,1.1777068,-9999,-9999
2215.46,-9999,-9999,-9999,-9999,-9999,1.1854082,-9999,-9999
2216.46,-9999,-9999,-9999,-9999,-9999,1.2071267,-9999,-9999
2217.46,-9999,-9999,-9999,-9999,-9999,1.2133043,-9999,-9999
2218.46,-9999,-9999,-9999,-9999,-9999,1.2435055,-9999,-9999
2219.46,-9999,-9999,-9999,-9999,-9999,1.2559167,-9999,-9999
2220.46,-9999,-9999,-9999,-9999,-9999,1.2642096,-9999,-9999
2221.46,-9999,-9999,-9999,-9999,-9999,1.2917732,-9999,-9999
2222.46,-9999,-9999,-9999,-9999,-9999,1.3128053,-9999,-9999
2223.46,-9999,-9999,-9999,-9999,-9999,1.3326416,-9999,-9999
2224.46,-9999,-9999,-9999,-9999,-9999,1.3502029,-9999,-9999
2225.46,-9999,-9999,-9999,-9999,-9999,1.3637452,-9999,-9999
2226.46,-9999,-9999,-9999,-9999,-9999,1.3771406,-9999,-9999
2227.46,-9999,-9999,-9999,-9999,-9999,1.3857788,-9999,-9999
2228.46,-9999,-9999,-9999,-9999,-9999,1.4030466,-9999,-9999
2229.46,-9999,-9999,-9999,-9999,-9999,1.4286892,-9999,-9999
2230.46,-9999,-9999,-9999,-9999,-9999,1.4419033,-9999,-9999
2231.46,-9999,-9999,-9999,-9999,-9999,1.4572241,-9999,-9999
2232.46,-9999,-9999,-9999,-9999,-9999,1.4631815,-9999,-9999
2233.46,-9999,-9999,-9999,-9999,-9999,1.4806996,-9999,-9999
2234.46,-9999,-9999,-9999,-9999,-9999,1.5013216,-9999,-9999
2235.46,-9999,-9999,-9999,-9999,-9999,1.5190124,-9999,-9999
2236.46,-9999,-9999,-9999,-9999,-9999,1.5255138,-9999,-9999
2237.46,-9999,-9999,-9999,-9999,-9999,1.5377695,-9999,-9999
2238.46,-9999,-9999,-9999,-9999,-9999,1.5558748,-9999,-9999
