"","Parent_ID","Sample_ID","Land_Coverage_Category","Burn_Treatment","Burn_Severity","Char_leached_g","Leachate_vol_mL","C_weight_per","N_weight_per","Solid_Ca_mg_kg","Solid_Mg_mg_kg","Solid_P_mg_kg","Solid_K_mg_kg","Solid_Na_mg_kg","Solid_S_mg_kg","Solid_Al_mg_kg","Solid_Fe_mg_kg","Total_Extractable_Ca_mg_per_kg","Total_Extractable_Mg_mg_per_kg","Total_Extractable_P_mg_per_kg","Total_Extractable_K_mg_per_kg","Total_Extractable_S_mg_per_kg","Total_Extractable_Al_mg_per_kg","Total_Extractable_Fe_mg_per_kg","NPOC_mg_C_per_L","TN_mg_N_per_L","Leachate_Ca_mg_L_filt0.7","Leachate_Mg_mg_L_filt0.7","Leachate_P_mg_L_filt0.7","Leachate_K_mg_L_filt0.7","Leachate_Na_mg_L_filt0.7","Leachate_S_mg_L_filt0.7","Leachate_Al_mg_L_filt0.7","Leachate_Fe_mg_L_filt0.7","Leachate_Ca_mg_L_unfilt","Leachate_Mg_mg_L_unfilt","Leachate_P_mg_L_unfilt","Leachate_K_mg_L_unfilt","Leachate_Na_mg_L_unfilt","Leachate_S_mg_L_unfilt","Leachate_Al_mg_L_unfilt","Leachate_Fe_mg_L_unfilt","MBD_P_mg_per_L_filt0.7","pH","MBD_P_mg_kgchar","MBD_P_percentofsolid","Leachate_Ca_mg_L_part","Leachate_Mg_mg_L_part","Leachate_P_mg_L_part","Leachate_K_mg_L_part","Leachate_Na_mg_L_part","Leachate_S_mg_L_part","Leachate_Al_mg_L_part","Leachate_Fe_mg_L_part","Leachate_Ca_mg_kgchar_part","Leachate_Mg_mg_kgchar_part","Leachate_P_mg_kgchar_part","Leachate_K_mg_kgchar_part","Leachate_Na_mg_kgchar_part","Leachate_S_mg_kgchar_part","Leachate_Al_mg_kgchar_part","Leachate_Fe_mg_kgchar_part","Leachate_Ca_mg_kgchar_filt0.7","Leachate_Mg_mg_kgchar_filt0.7","Leachate_P_mg_kgchar_filt0.7","Leachate_K_mg_kgchar_filt0.7","Leachate_Na_mg_kgchar_filt0.7","Leachate_S_mg_kgchar_filt0.7","Leachate_Al_mg_kgchar_filt0.7","Leachate_Fe_mg_kgchar_filt0.7","Leachate_Ca_mg_kgchar_unfilt","Leachate_Mg_mg_kgchar_unfilt","Leachate_P_mg_kgchar_unfilt","Leachate_K_mg_kgchar_unfilt","Leachate_Na_mg_kgchar_unfilt","Leachate_S_mg_kgchar_unfilt","Leachate_Al_mg_kgchar_unfilt","Leachate_Fe_mg_kgchar_unfilt","Leachate_Ca_perc_solid_part","Leachate_Mg_perc_solid_part","Leachate_P_perc_solid_part","Leachate_K_perc_solid_part","Leachate_Na_perc_solid_part","Leachate_S_perc_solid_part","Leachate_Al_perc_solid_part","Leachate_Fe_perc_solid_part","Leachate_Ca_perc_solid_filt0.7","Leachate_Mg_perc_solid_filt0.7","Leachate_P_perc_solid_filt0.7","Leachate_K_perc_solid_filt0.7","Leachate_Na_perc_solid_filt0.7","Leachate_S_perc_solid_filt0.7","Leachate_Al_perc_solid_filt0.7","Leachate_Fe_perc_solid_filt0.7"
"1","BSLE_0001","BSLE_0001A","Douglas-fir forest","burn table","Low",25.1,1000,23.2,0.82,11120.49,1934.45,2123.76,8635,287.7,783.1,827.6,725.2,9536.39,1158.74,1363.87,6159.97,334.86,26.75,68.34,225.06,3.24,12.76,4.49,5.89,50.87,2.21,1.65,0.19,0.1,96.05,7.99,12.25,117.18,1.63,1.87,1.55,1.84,5.13,6.13,204.382470119522,9.62361425582561,83.29,3.5,6.36,66.31,-0.58,0.22,1.36,1.74,3318.32669322709,139.442231075697,253.386454183267,2641.83266932271,-23.1075697211155,8.76494023904383,54.1832669322709,69.3227091633466,508.366533864542,178.884462151394,234.661354581673,2026.69322709163,88.0478087649402,65.7370517928287,7.56972111553785,3.98406374501992,3826.69322709163,318.326693227092,488.04780876494,4668.52589641434,64.9402390438247,74.5019920318725,61.7529880478088,73.3067729083665,156.24772541281,6.56581869305841,11.9310305393861,124.394125010487,-1.08804995484968,0.412708603563672,2.55128954930269,3.26414986454904,23.9370990066929,8.42300740909493,11.0493348863183,95.4294848331089,4.14584551761688,3.09531452672753,0.356430157623171,0.187594819801669
"2","BSLE_0001","BSLE_0001B","Douglas-fir forest","burn table","Low",25.1,1000,23.2,0.82,11120.49,1934.45,2123.76,8635,287.7,783.1,827.6,725.2,9536.39,1158.74,1363.87,6159.97,334.86,26.75,68.34,189.06,2.59,9.42,3.51,5.24,44.3,1.09,1.48,0.16,0.09,19.27,5.83,8.33,60.41,1.25,2.22,1.06,1.26,4.59,6.1,182.868525896414,8.61060222889659,9.85,2.32,3.09,16.11,0.16,0.74,0.9,1.17,392.430278884462,92.4302788844622,123.107569721116,641.832669322709,6.37450199203187,29.4820717131474,35.8565737051793,46.6135458167331,375.298804780876,139.840637450199,208.764940239044,1764.94023904382,43.4262948207171,58.9641434262948,6.37450199203187,3.58565737051793,767.729083665339,232.270916334661,331.872509960159,2406.77290836653,49.800796812749,88.4462151394422,42.2310756972112,50.199203187251,18.4780897504644,4.35219981939871,5.79667993187156,30.2215254700488,0.30015171168267,1.38820166653235,1.68835337821502,2.19485939167952,17.6714320253172,6.58457817503857,9.82996855760744,83.1045051721393,2.04478353583819,2.7764033330647,0.30015171168267,0.168835337821502
"3","BSLE_0001","BSLE_0001C","Douglas-fir forest","burn table","Low",25,1000,23.2,0.82,11120.49,1934.45,2123.76,8635,287.7,783.1,827.6,725.2,9536.39,1158.74,1363.87,6159.97,334.86,26.75,68.34,168.24,1.69,9.53,3.68,5.35,45.75,2.38,1.5,0.16,0.08,12.9,4.23,6.55,49.49,0.92,1.64,1.21,1.45,4.73,6.04,189.2,8.90872791652541,3.37,0.55,1.2,3.74,-1.46,0.14,1.05,1.37,134.8,22,48,149.6,-58.4,5.6,42,54.8,381.2,147.2,214,1830,95.2,60,6.4,3.2,516,169.2,262,1979.6,36.8,65.6,48.4,58,6.3472332090255,1.03589859494482,2.26014238897051,7.04411044562474,-2.74983990658078,0.263683278713225,1.97762459034919,2.58032922740799,17.9492974724074,6.93110332617622,10.0764681508268,86.1679285795005,4.48261573812484,2.82517798621313,0.301352318529401,0.1506761592647
"4","BSLE_0051","BSLE_0051A","Douglas-fir forest","burn table","Low",16.6,640,9.23,0.41,19170.49,2484.45,2985.76,12630,NA,333,252.6,679.6,13543.38,557.04,899.49,9518.43,106.4,47.36,10.24,89.58,1.54,5.81,2.92,3.24,85.77,1.15,2.34,0.21,0.05,7.87,4.5,8.05,149.88,1.91,6.81,3.92,3.96,3.05,9.12,117.590361445783,3.93837285802553,2.06,1.58,4.81,64.11,0.76,4.47,3.71,3.91,79.421686746988,60.9156626506024,185.44578313253,2471.71084337349,29.3012048192771,172.33734939759,143.036144578313,150.746987951807,224,112.578313253012,124.915662650602,3306.79518072289,44.3373493975904,90.2168674698795,8.09638554216867,1.92771084337349,303.421686746988,173.493975903614,310.361445783133,5778.50602409638,73.6385542168675,262.55421686747,151.132530120482,152.674698795181,2.66001576640413,2.04020626743618,6.21100768757469,82.7833062059072,0.981365040032591,5.77197595913906,4.79061091910647,5.04886487700978,7.50227747709126,3.77050778538838,4.18371411803368,110.752209846836,1.48496025794405,3.02157130746877,0.271166655798479,0.0645634894758284
"5","BSLE_0051","BSLE_0051B","Douglas-fir forest","burn table","Low",16.3,640,9.23,0.41,19170.49,2484.45,2985.76,12630,NA,333,252.6,679.6,13543.38,557.04,899.49,9518.43,106.4,47.36,10.24,106.92,1.59,5.33,2.04,3.64,79.28,0.98,1.07,0.18,0.07,109.09,11.35,17.01,126.28,1.85,3.54,3.33,3.63,3.11,8.57,122.110429447853,4.08976037752039,103.76,9.31,13.37,47,0.87,2.47,3.15,3.56,4074.01226993865,365.546012269939,524.957055214724,1845.39877300613,34.159509202454,96.9815950920245,123.680981595092,139.779141104294,209.276073619632,80.0981595092024,142.920245398773,3112.83435582822,38.478527607362,42.0122699386503,7.06748466257669,2.74846625766871,4283.28834355828,445.644171779141,667.877300613497,4958.23312883436,72.6380368098159,138.993865030675,130.748466257669,142.527607361963,136.448082563188,12.2429804227379,17.5820245168642,61.8066680847133,1.14408087731278,3.24813766317536,4.14236179716695,4.68152634854424,7.00913916790472,2.68267240197479,4.78672918783737,104.256013739491,1.28873478134083,1.4070879755456,0.23670638840954,0.0920524843814878
"6","BSLE_0051","BSLE_0051C","Douglas-fir forest","burn table","Low",16.8,540,9.23,0.41,19170.49,2484.45,2985.76,12630,NA,333,252.6,679.6,13543.38,557.04,899.49,9518.43,106.4,47.36,10.24,171.36,3.36,6.64,2.74,4.96,91.33,1.31,1.6,0.17,0.09,72.06,6.1,10.33,99.86,1.3,1.93,2.94,2.83,4.27,8.11,137.25,4.59681957022667,65.42,3.36,5.37,8.53,-0.01,0.33,2.77,2.74,2102.78571428571,108,172.607142857143,274.178571428571,-0.321428571428572,10.6071428571429,89.0357142857143,88.0714285714286,213.428571428571,88.0714285714286,159.428571428571,2935.60714285714,42.1071428571429,51.4285714285714,5.46428571428571,2.89285714285714,2316.21428571429,196.071428571429,332.035714285714,3209.78571428571,41.7857142857143,62.0357142857143,94.5,90.9642857142857,70.4271513546204,3.61716949788328,5.78101196536704,9.18287375504299,-0.0107653854103669,0.355257718542108,2.98201175867164,2.94971560244054,7.14821591248364,2.94971560244054,5.33963116354199,98.3202649528811,1.41026548875807,1.72246166565871,0.183011551976238,0.0968884686933023
"7","BSLE_0052","BSLE_0052A","Douglas-fir forest","burn table","Moderate",13,520,16.09,0.7,14940.49,2386.45,2673.76,11650,269.6,525.5,1017,841.8,13317.05,1156.06,1583.5,9760.16,287.2,65.3,47.43,105.96,4.18,6.72,2.12,3.75,57.29,0.99,1.28,NA,0.09,32.34,4.27,5.95,60.64,1.04,1.45,2.66,2.73,2.89,7.81,115.6,4.323499491353,25.62,2.15,2.2,3.35,0.05,0.17,NA,2.64,1024.8,86,88,134,2,6.8,NA,105.6,268.8,84.8,150,2291.6,39.6,51.2,NA,3.6,1293.6,170.8,238,2425.6,41.6,58,106.4,109.2,38.3280473939321,3.21644425827299,3.29124528753516,5.0116689605649,0.0748010292621627,0.254323499491353,NA,3.94949434504219,10.0532583328347,3.1715636407157,5.6100771946622,85.707019328586,1.48106037939082,1.91490634911136,NA,0.134641852671893
"8","BSLE_0052","BSLE_0052B","Douglas-fir forest","burn table","Moderate",13.1,520,16.09,0.7,14940.49,2386.45,2673.76,11650,269.6,525.5,1017,841.8,13317.05,1156.06,1583.5,9760.16,287.2,65.3,47.43,156.78,4.7,6.95,3.62,5.87,103.48,1.48,2.28,0.14,0.15,50.59,6.26,10.56,102.48,1.47,2.68,2.86,3.11,4.27,8.7,169.496183206107,6.33924447991244,43.64,2.64,4.69,-1,-0.01,0.4,2.72,2.96,1732.27480916031,104.793893129771,186.167938931298,-39.6946564885496,-0.396946564885497,15.8778625954199,107.969465648855,117.496183206107,275.87786259542,143.69465648855,233.007633587786,4107.60305343511,58.7480916030534,90.5038167938931,5.55725190839695,5.95419847328244,2008.15267175573,248.488549618321,419.175572519084,4067.90839694657,58.3511450381679,106.381679389313,113.526717557252,123.450381679389,64.7879693450536,3.91934553324797,6.96277672383825,-1.48460058077575,-0.0148460058077575,0.593840232310299,4.03811357971003,4.39441771909621,10.3179740363914,5.37425410240821,8.71460540915364,153.626468098674,2.19720885954811,3.3848893241687,0.207844081308605,0.222690087116362
"9","BSLE_0052","BSLE_0052C","Douglas-fir forest","burn table","Moderate",13.1,520,16.09,0.7,14940.49,2386.45,2673.76,11650,269.6,525.5,1017,841.8,13317.05,1156.06,1583.5,9760.16,287.2,65.3,47.43,205.02,5.89,7.56,4.43,5.13,156.78,1.98,4.78,0.4,0.13,72.7,11.28,16.31,179.68,2.29,5.58,4.78,4.59,4.08,9.88,161.954198473282,6.05717036956505,65.14,6.85,11.18,22.9,0.31,0.8,4.38,4.46,2585.70992366412,271.908396946565,443.786259541985,909.007633587787,12.3053435114504,31.7557251908397,173.862595419847,177.038167938931,300.091603053435,175.847328244275,203.63358778626,6223.32824427481,78.5954198473282,189.740458015267,15.8778625954198,5.16030534351145,2885.80152671756,447.75572519084,647.419847328244,7132.3358778626,90.9007633587786,221.496183206107,189.740458015267,182.198473282443,96.7068818317322,10.1695139783139,16.5978344930728,33.9973532997646,0.460226180040482,1.1876804646206,6.50255054379777,6.62131859025983,11.2235803906646,6.57678057283656,7.61600097937958,232.755679054022,2.93950914993598,7.09639077610807,0.593840232310299,0.192998075500847
"10","BSLE_0073","BSLE_0073A","Douglas-fir forest","burn table","High",1.0021,40,19.69,0.91,46550.49,7591.45,8169.76,33650,643.4,1656,3000,2855,38680.73,14.61,4752.85,26723.79,1495.22,111.15,4.64,163.68,4.1,9.49,5.72,1.6,345.58,5.28,22.62,0.24,0.08,867.69,123.3,156.68,671.88,11.32,40.02,42.65,38.33,2.25,10.72,89.8113960682567,1.09931498683262,858.2,117.58,155.08,326.3,6.04,17.4,42.41,38.25,34256.0622692346,4693.34397764694,6190.20057878455,13024.6482386987,241.093703223231,694.541462927852,1692.84502544656,1526.79373316036,378.804510527891,228.320526893524,63.8658816485381,13794.2321125636,210.757409440176,902.903901806207,9.57988224728071,3.1932940824269,34634.8667797625,4921.66450454046,6254.06646043309,26818.8803512623,451.851112663407,1597.44536473406,1702.42490769384,1529.98702724279,419.303165199891,57.4477582896798,75.7696747368901,159.42510231266,2.95105000909734,8.5013692315056,20.7208660406984,18.6883547761545,4.6366663222407,2.79470298874782,0.781735101747641,168.845010288719,2.57972583576722,11.0517800009573,0.117260265262146,0.039086755087382
"11","BSLE_0073","BSLE_0073B","Douglas-fir forest","burn table","High",1.0736,40,19.69,0.91,46550.49,7591.45,8169.76,33650,643.4,1656,3000,2855,38680.73,14.61,4752.85,26723.79,1495.22,111.15,4.64,207.3,4.64,10.55,6.9,1.99,353.48,5.48,22.94,0.29,0.1,611.49,84.99,102.88,477.58,8.53,26.1,34,28.85,2.7,10.6,100.596125186289,1.23132289303834,600.94,78.09,100.89,124.1,3.05,3.16,33.71,28.75,22389.7168405365,2909.46348733234,3758.94187779434,4623.69597615499,113.636363636364,117.734724292101,1255.96125186289,1071.16244411326,393.070044709389,257.078986587183,74.1430700447094,13169.8956780924,204.172876304024,854.694485842027,10.8047690014903,3.725782414307,22782.7868852459,3166.54247391952,3833.08494783905,17793.5916542474,317.809239940387,972.429210134128,1266.76602086438,1074.88822652757,274.055992349059,35.6125943397644,46.0104321031993,56.5952485281696,1.39093882361738,1.4411038303708,15.3732943423417,13.1113085832786,4.81128019316833,3.14671405998687,0.907530576720851,161.202968974516,2.49912942735189,10.4616841356665,0.132253199622637,0.0456045515940126
"12","BSLE_0073","BSLE_0073C","Douglas-fir forest","burn table","High",1.0195,40,19.69,0.91,46550.49,7591.45,8169.76,33650,643.4,1656,3000,2855,38680.73,14.61,4752.85,26723.79,1495.22,111.15,4.64,168.06,5.86,9.54,3.94,1.05,532.38,7.37,37.09,0.19,0.02,1078.99,156.2,182.98,806.08,13.74,44.19,60.51,57.21,NA,11,NA,NA,1069.45,152.26,181.93,273.7,6.37,7.09999999999999,60.32,57.19,41959.7842079451,5973.90877881314,7138.00882785679,10738.597351643,249.926434526729,278.567925453654,2366.65031878372,2243.84502206964,374.301128003923,154.585581167239,41.1966650318784,20887.8862187347,289.161353604708,1455.22314860226,7.45463462481609,0.784698381559588,42334.085335949,6128.49435998038,7179.20549288867,31626.4835703776,539.087788131437,1733.79107405591,2374.10495340853,2244.6297204512,513.598737391858,73.1222065129593,87.3710956975087,131.443241314836,3.05916495131716,3.40974429424675,28.96841913084,27.46525016732,4.58154374184705,1.89216796046933,0.504257959008323,255.673192587477,3.53941062656318,17.812312094875,0.0912466782967442,0.00960491350492044
"13","BSLE_0068","BSLE_0068A","Sagebrush shrubland","burn table","Moderate",6,240,13.4,0.6,43920.49,12042.45,11985.76,98320,1872,5045,9541,11030,34784.31,1209.27,8139.5,87855.3,4879.75,29.25,21.6,327.66,19,18.57,39.08,2.46,1804.98,16.93,101.29,NA,0.06,288.49,80.63,80.54,1828.98,18.36,108.79,18.33,22.08,2.61,10.72,104.4,0.871033626570196,269.92,41.55,78.08,24,1.43,7.5,NA,22.02,10796.8,1662,3123.2,960,57.2,300,NA,880.8,742.8,1563.2,98.4,72199.2,677.2,4051.6,NA,2.4,11539.6,3225.2,3221.6,73159.2,734.4,4351.6,733.2,883.2,90.0802285378649,13.8664548597669,26.0575883381613,8.00950461213974,0.477232983139993,2.50297019129367,NA,7.34872048163821,6.19735419364312,13.0421433434342,0.820974222744323,602.374818117499,5.65003804514691,33.8034467568181,NA,0.0200237615303493
"14","BSLE_0068","BSLE_0068B","Sagebrush shrubland","burn table","Moderate",6,240,13.4,0.6,43920.49,12042.45,11985.76,98320,1872,5045,9541,11030,34784.31,1209.27,8139.5,87855.3,4879.75,29.25,21.6,452.58,25.35,21.1,39.15,2.68,1621.98,14.81,94.03,NA,0.14,268.79,79.47,77.4,1765.98,17.31,107.29,14.13,18.58,1.35,10.63,54,0.45053463443286,247.69,40.32,74.72,144,2.5,13.26,NA,18.44,9907.6,1612.8,2988.8,5760,99.9999999999999,530.4,NA,737.6,844,1566,107.2,64879.2,592.4,3761.2,NA,5.6,10751.6,3178.8,3096,70639.2,692.4,4291.6,565.2,743.2,82.6614248908705,13.4559677483948,24.9362576924617,48.0570276728384,0.834323397097889,4.42525129820721,NA,6.15396937699403,7.04168947150619,13.0655043985529,0.894394681688938,541.302345449934,4.9425318044079,31.3805716116458,NA,0.0467221102374818
"15","BSLE_0068","BSLE_0068C","Sagebrush shrubland","burn table","Moderate",6.1,240,13.4,0.6,43920.49,12042.45,11985.76,98320,1872,5045,9541,11030,34784.31,1209.27,8139.5,87855.3,4879.75,29.25,21.6,464.82,25.54,22.52,45.9,2.57,1893.98,17.25,111.69,NA,0.13,454.69,119.3,129.08,2127.98,22.88,113.29,38.03,46.33,0.93,10.69,36.5901639344262,0.305280298741392,432.17,73.4,126.51,234,5.63,1.60000000000001,NA,46.2,17003.4098360656,2887.86885245902,4977.44262295082,9206.55737704918,221.508196721311,62.9508196721315,NA,1817.70491803279,886.032786885246,1805.90163934426,101.114754098361,74517.2459016394,678.688524590164,4394.36065573771,NA,5.11475409836066,17889.4426229508,4693.77049180328,5078.55737704918,83723.8032786885,900.196721311475,4457.31147540984,1496.26229508197,1822.81967213115,141.863426566739,24.0941655135679,41.5279683804016,76.8124622639631,1.84809471173552,0.525213417189494,NA,15.1655374213466,7.39237884694209,15.0670599056235,0.84362405136062,621.714817430345,5.6624571540742,36.6631791036839,NA,0.0426735901466462
"16","BSLE_0009","BSLE_0009A","Sagebrush shrubland","burn table","Low",25,1000,21.36,0.99,23460.49,5698.45,5855.76,48460,940.7,3120.5,4464.5,4546,19824.54,3924.14,4912.24,41681.79,2750.55,204.45,320.94,381.42,17.39,19.76,10.52,10.59,293.88,3.33,15.34,0.12,0.41,30.86,10.8,12.2,269.23,2.76,14.4,1.78,2.48,8.92,7.21,356.8,6.0931458939574,11.1,0.280000000000001,1.61,-24.65,-0.57,-0.94,1.66,2.07,444,11.2,64.4,-985.999999999999,-22.8,-37.6,66.4,82.8,790.4,420.8,423.6,11755.2,133.2,613.6,4.8,16.4,1234.4,432,488,10769.2,110.4,576,71.2,99.2,7.58227796221156,0.191264669317049,1.09977184857303,-16.8381217809473,-0.389360219681135,-0.64210281842152,1.13392625380822,1.41399237673675,13.497820948946,7.18608686148339,7.23390302881266,200.745932210336,2.27468338866347,10.4785715261554,0.0819705725644494,0.280066122928535
"17","BSLE_0009","BSLE_0009B","Sagebrush shrubland","burn table","Low",25.3,1000,21.36,0.99,23460.49,5698.45,5855.76,48460,940.7,3120.5,4464.5,4546,19824.54,3924.14,4912.24,41681.79,2750.55,204.45,320.94,405.12,18.86,21.65,11.74,11.42,298.38,3.38,17.39,0.18,0.37,51.86,17.63,18.41,353.48,3.96,21.23,2.27,3.3,9.48,7.31,374.703557312253,6.39888856975445,30.21,5.89,6.99,55.1,0.58,3.84,2.09,2.93,1194.07114624506,232.806324110672,276.284584980237,2177.86561264822,22.9249011857708,151.778656126482,82.6086956521739,115.810276679842,855.731225296443,464.03162055336,451.383399209486,11793.6758893281,133.596837944664,687.351778656126,7.11462450592885,14.6245059288538,2049.8023715415,696.837944664032,727.667984189723,13971.5415019763,156.521739130435,839.130434782609,89.7233201581028,130.434782608696,20.3913949042491,3.97568076749511,4.71816783782527,37.1918523410833,0.391493182537719,2.591954863698,1.4107254336273,1.97771556006124,14.613495520589,7.92436200516004,7.70836576651854,201.402992768284,2.28146027065085,11.738045593674,0.121497884235844,0.249745650929235
"18","BSLE_0009","BSLE_0009C","Sagebrush shrubland","burn table","Low",25,1000,21.36,0.99,23460.49,5698.45,5855.76,48460,940.7,3120.5,4464.5,4546,19824.54,3924.14,4912.24,41681.79,2750.55,204.45,320.94,443.04,24.8,21.42,11.74,13.15,284.58,3.1,15.8,0.15,0.48,81.23,21.89,29.17,354.98,3.87,20.52,5.19,7.67,10.65,7.46,426,7.27488831509488,59.81,10.15,16.02,70.4,0.77,4.72,5.04,7.19,2392.4,406,640.8,2816,30.8,188.8,201.6,287.6,856.8,469.6,526,11383.2,124,632,6,19.2,3249.2,875.6,1166.8,14199.2,154.8,820.8,207.6,306.8,40.855499542331,6.93334426274301,10.943071437354,48.0894025711436,0.525977840621883,3.22417585420167,3.44276404770687,4.91140347281992,14.6317472027542,8.01945434922196,8.98260857685424,194.393212836592,2.11757312458161,10.7927920543192,0.102463215705562,0.327882290257797
"19","BSLE_0011","BSLE_0011A","Sagebrush shrubland","burn table","Low",25,1000,18.8,0.88,13730.49,3297.45,3957.76,33220,431.4,1628,2267,2550,10048.19,1944.32,2573.29,29630.37,978.1,123.47,131.55,277.98,9.61,9.52,3.68,7.89,165.48,1.76,4.09,0.1,0.09,22.62,7.1,11.94,205.48,1.56,5.42,2.99,4.23,5.29,6.66,211.6,5.34645860284605,13.1,3.42,4.05,40,-0.2,1.33,2.89,4.14,524,136.8,162,1600,-8,53.2,115.6,165.6,380.8,147.2,315.6,6619.2,70.4,163.6,4,3.6,904.8,284,477.6,8219.2,62.4,216.8,119.6,169.2,13.2398124191462,3.45650064683053,4.09322445019405,40.4269081500647,-0.202134540750323,1.34419469598965,2.92084411384217,4.1841849935317,9.62160413971539,3.71927554980595,7.97420763260026,167.246119016818,1.77878395860285,4.13365135834411,0.101067270375162,0.0909605433376455
"20","BSLE_0011","BSLE_0011B","Sagebrush shrubland","burn table","Low",25.1,1000,18.8,0.88,13730.49,3297.45,3957.76,33220,431.4,1628,2267,2550,10048.19,1944.32,2573.29,29630.37,978.1,123.47,131.55,364.02,15.73,7.78,3.24,9.17,162.18,1.12,3.68,NA,0.1,23.15,7.16,11.78,206.98,1.56,5.4,2.77,3.97,5.34,6.54,212.749003984064,5.37549027692593,15.37,3.92,2.61,44.8,0.44,1.72,NA,3.87,612.350597609562,156.175298804781,103.98406374502,1784.86055776892,17.5298804780876,68.5258964143426,NA,154.183266932271,309.96015936255,129.083665338645,365.338645418327,6461.35458167331,44.6215139442231,146.613545816733,NA,3.98406374501992,922.310756972111,285.258964143426,469.322709163347,8246.21513944223,62.1513944223108,215.139442231076,110.358565737052,158.167330677291,15.4721508532494,3.94605278755611,2.62734637130649,45.0977461434984,0.442924292480788,1.73143132515217,NA,3.89572048159239,7.83170680795576,3.26153342644944,9.23094491374734,163.257867623941,1.12744365358746,3.70445771893023,NA,0.100664611927452
"21","BSLE_0011","BSLE_0011C","Sagebrush shrubland","burn table","Low",25.1,1000,18.8,0.88,13730.49,3297.45,3957.76,33220,431.4,1628,2267,2550,10048.19,1944.32,2573.29,29630.37,978.1,123.47,131.55,274.5,15.98,9.22,3.49,10.12,175.48,2.01,4.36,NA,0.12,24.68,6.8,12.48,186.78,1.3,4.56,0.8,1.16,4.84,6.52,192.828685258964,4.87216721728867,15.46,3.31,2.36,11.3,-0.71,0.199999999999999,NA,1.04,615.93625498008,131.872509960159,94.0239043824702,450.199203187251,-28.2868525896414,7.96812749003981,NA,41.4342629482072,367.330677290837,139.043824701195,403.187250996016,6991.23505976096,80.0796812749004,173.705179282869,NA,4.7808764940239,983.266932270916,270.916334661355,497.211155378486,7441.43426294821,51.792828685259,181.673306772908,31.8725099601594,46.2151394422311,15.5627490039841,3.33199865479866,2.37568484148787,11.3751011478021,-0.714718744684908,0.201329223854903,NA,1.0469119640455,9.28127721971106,3.51319495626807,10.1872587270581,176.646261010293,2.02335869974178,4.3889770800369,NA,0.120797534312942
"22","BSLE_0072","BSLE_0072A","Sagebrush shrubland","burn table","Moderate",1.3637,52,17.59,0.46,61020.49,14692.45,16905.76,138700,2327,6285,11240,10990,38191.75,19.75,9134.36,122663.69,6245.69,52.33,12.86,207.96,17.34,11.2,17.06,2.7,1888.98,20.28,99.61,NA,0.02,933.44,202.15,253.63,3011.98,37.33,157.34,98.22,121.5,2.65,10.93,101.048617731173,0.59771709601445,922.24,185.09,250.93,1123,17.05,57.73,NA,121.48,35166.4442326025,7057.76930409914,9568.35081029552,42821.7349857007,650.142993326978,2201.33460438513,NA,4632.22116301239,427.073403241182,650.524308865586,102.955195424214,72029.7426120115,773.307912297426,3798.28408007626,NA,0.762631077216397,35593.5176358437,7708.29361296473,9671.30600571973,114851.477597712,1423.4509056244,5999.61868446139,3745.28122020972,4632.98379408961,208.014571557874,41.7477197363451,56.59817015204,253.296716537444,3.84568924039486,13.0212105482695,NA,27.400253895787,2.52620055674032,3.84794477660624,0.608994777071327,426.066279256369,4.57422743666908,22.4673962015092,NA,0.00451107242275057
"23","BSLE_0072","BSLE_0072B","Sagebrush shrubland","burn table","Moderate",1.3356,52,17.59,0.46,61020.49,14692.45,16905.76,138700,2327,6285,11240,10990,38191.75,19.75,9134.36,122663.69,6245.69,52.33,12.86,166.14,14.84,10.18,12.92,3.16,1914.98,21.17,101.39,NA,NA,1295.49,298.55,370.08,3457.98,46.59,169.04,177.83,224.15,4.75,10.94,184.935609463911,1.09392070787655,1285.31,285.63,366.92,1543,25.42,67.65,NA,NA,50042.0185684337,11120.6648697215,14285.5944893681,60074.8727163822,989.697514225816,2633.87241689128,NA,NA,396.346211440551,503.024857741839,123.030847559149,74557.472297095,824.228811021264,3947.49925127284,NA,NA,50438.3647798742,11623.6897274633,14408.6253369272,134632.345013477,1813.92632524708,6581.37166816412,6923.59988020365,8727.01407607068,296.00573158754,65.7803309033222,84.5013444492769,355.351505737584,5.85420303036253,15.5797338711261,NA,NA,2.34444480130175,2.97546432542423,0.727745144608402,441.01816361462,4.87543187068351,23.3500253834955,NA,NA
"24","BSLE_0072","BSLE_0072C","Sagebrush shrubland","burn table","Moderate",1.3247,52,17.59,0.46,61020.49,14692.45,16905.76,138700,2327,6285,11240,10990,38191.75,19.75,9134.36,122663.69,6245.69,52.33,12.86,216.3,17.058,11.42,16.5,2.96,1855.98,20.07,106.29,NA,0.03,1211.99,277.2,359.38,3509.98,44.04,179.49,140.58,166.1,0.29,10.9,11.3837095191364,0.0673362778078975,1200.57,260.7,356.42,1654,23.97,73.2,NA,166.07,47127.3797841021,10233.5623159961,13990.9715407262,64926.3984298332,940.922473012758,2873.40529931305,NA,6518.9401373896,448.282630029441,647.693817468106,116.192345436703,72854.9558390579,787.831207065751,4172.32580961727,NA,1.17762512266928,47575.6624141315,10881.2561334642,14107.1638861629,137781.354268891,1728.75368007851,7045.73110893032,5518.35132482826,6520.11776251227,278.765224302853,60.5329918086858,82.7586073665201,384.048977566422,5.56569165191484,16.996605294959,NA,38.5604677777846,2.65165618126272,3.83120201320796,0.687294421763367,430.947534089316,4.66013481242932,24.6799067869015,NA,0.00696582184219629
"25","BSLE_0008","BSLE_0008A","Douglas-fir forest","burn table","Low",25.2,1000,25.45,0.53,12990.49,1130.45,1260.76,4948,266.8,408.9,1040,990.9,11611.54,399.1,622.61,3401.31,143.06,16.23,63.86,101.58,2.34,4.06,0.86,1.79,16.94,0.65,0.45,0.08,NA,6.23,1.04,2.1,16.1,0.57,0.55,0.41,0.4,1.34,5.93,53.1746031746032,4.21766261418535,2.17,0.18,0.31,-0.84,-0.0800000000000001,0.1,0.33,NA,86.1111111111111,7.14285714285715,12.3015873015873,-33.3333333333333,-3.17460317460318,3.96825396825397,13.0952380952381,NA,161.111111111111,34.1269841269841,71.031746031746,672.222222222222,25.7936507936508,17.8571428571429,3.17460317460317,NA,247.222222222222,41.2698412698413,83.3333333333333,638.888888888889,22.6190476190476,21.8253968253968,16.2698412698413,15.8730158730159,6.83009542744941,0.566551694442808,0.975727918207058,-2.64390790739977,-0.251800753085693,0.314750941357116,1.03867810647848,NA,12.7788882190989,2.70685809567119,5.63404185029237,53.3188094658954,2.04588111882125,1.41637923610702,0.251800753085692,NA
"26","BSLE_0008","BSLE_0008B","Douglas-fir forest","burn table","Low",25.5,1000,25.45,0.53,12990.49,1130.45,1260.76,4948,266.8,408.9,1040,990.9,11611.54,399.1,622.61,3401.31,143.06,16.23,63.86,89.64,3.02,2.16,0.59,1.81,13.76,1.87,0.48,0.07,0.06,4.65,0.88,2.02,12.93,1.57,0.59,0.68,0.86,1.07,5.16,41.9607843137255,3.32821348343265,2.49,0.29,0.21,-0.83,-0.3,0.11,0.61,0.8,97.6470588235294,11.3725490196078,8.23529411764706,-32.5490196078431,-11.7647058823529,4.31372549019608,23.921568627451,31.3725490196078,84.7058823529412,23.1372549019608,70.9803921568627,539.607843137255,73.3333333333333,18.8235294117647,2.74509803921569,2.35294117647059,182.352941176471,34.5098039215686,79.2156862745098,507.058823529412,61.5686274509804,23.1372549019608,26.6666666666667,33.7254901960784,7.74509492873579,0.902039168406981,0.653200777122296,-2.5816983095786,-0.933143967317566,0.342152788016441,1.89739273354572,2.48838391284684,6.71863656468647,1.83518313572455,5.62996860281598,42.8002033009657,5.81659739627949,1.49303034770811,0.217733592374099,0.186628793463513
"27","BSLE_0008","BSLE_0008C","Douglas-fir forest","burn table","Low",25.3,1000,25.45,0.53,12990.49,1130.45,1260.76,4948,266.8,408.9,1040,990.9,11611.54,399.1,622.61,3401.31,143.06,16.23,63.86,113.82,2.6,5.29,1.42,1.9,15.99,1.07,0.53,0.17,0.04,14.63,2.15,2.62,16.9,1.02,0.76,1.3,1.37,1.35,5.55,53.3596837944664,4.23234269761623,9.34,0.73,0.72,0.909999999999998,-0.05,0.23,1.13,1.33,369.169960474308,28.8537549407115,28.4584980237154,35.9683794466402,-1.97628458498024,9.09090909090909,44.6640316205534,52.5691699604743,209.090909090909,56.1264822134387,75.098814229249,632.01581027668,42.2924901185771,20.9486166007905,6.71936758893281,1.58102766798419,578.260869565217,84.9802371541502,103.557312252964,667.98418972332,40.3162055335968,30.0395256916996,51.3833992094862,54.1501976284585,29.2815413301745,2.28860012537767,2.25724943872866,2.85291248505983,-0.156753433245046,0.72106579292721,3.54262759133803,4.16964132431821,16.5845132373258,4.4517975041593,5.95663046331173,50.1297479517656,3.35452347144398,1.66158639239748,0.532961673033155,0.125402746596036
"28","BSLE_0010","BSLE_0010A","Douglas-fir forest","burn table","Low",25,1000,12.81,0.26,15430.49,1277.45,1377.76,6303,292,276.3,1298,1069,12835.53,293.6,441.72,4611.04,92.62,89.59,36.13,30.86,0.4,7.08,0.57,0.5,25.75,0.75,0.24,0.12,NA,66.48,2.64,3.1,38.49,1.46,0.54,1.86,2.05,0.2,7.41,8,0.580652653582627,59.4,2.07,2.6,12.74,0.71,0.3,1.74,NA,2376,82.8,104,509.6,28.4,12,69.6,NA,283.2,22.8,20,1030,30,9.6,4.8,NA,2659.2,105.6,124,1539.6,58.4,21.6,74.4,82,172.45383811404,6.00975496458019,7.54848449657415,36.9875740332133,2.06131692021833,0.87097898037394,5.05167808616885,NA,20.555103936825,1.65486006271049,1.45163163395657,74.7590291487632,2.17744745093485,0.696783184299152,0.348391592149576,NA
"29","BSLE_0010","BSLE_0010B","Douglas-fir forest","burn table","Low",25,1000,12.81,0.26,15430.49,1277.45,1377.76,6303,292,276.3,1298,1069,12835.53,293.6,441.72,4611.04,92.62,89.59,36.13,44.85,0.88,5.58,0.54,0.72,9.83,0.53,0.3,NA,0.01,11.74,1.17,1.4,12.78,0.81,0.42,0.81,0.95,0.43,6.6,17.2,1.24840320520265,6.16,0.63,0.68,2.95,0.28,0.12,NA,0.94,246.4,25.2,27.2,118,11.2,4.8,NA,37.6,223.2,21.6,28.8,393.2,21.2,12,NA,0.4,469.6,46.8,56,511.2,32.4,16.8,32.4,38,17.8841017303449,1.82905585878527,1.97421902218093,8.56462664034374,0.812913715015678,0.348391592149576,NA,2.72906747183835,16.2002090349553,1.56776216467309,2.09034955289746,28.5390779235861,1.53872953199396,0.87097898037394,NA,0.0290326326791313
"30","BSLE_0010","BSLE_0010C","Douglas-fir forest","burn table","Low",24.9,1000,12.81,0.26,15430.49,1277.45,1377.76,6303,292,276.3,1298,1069,12835.53,293.6,441.72,4611.04,92.62,89.59,36.13,63.12,0.89,7.6,0.82,1.04,27.32,0.85,0.47,0.08,0.03,55.86,3.48,4.41,43.01,1.6,0.87,4.09,4.58,0.92,7.69,36.9477911646586,2.68172912297197,48.26,2.66,3.37,15.69,0.75,0.4,4.01,4.55,1938.15261044177,106.827309236948,135.341365461847,630.120481927711,30.1204819277108,16.0642570281125,161.044176706827,182.730923694779,305.220883534137,32.9317269076305,41.7670682730924,1097.18875502008,34.136546184739,18.8755020080321,3.21285140562249,1.20481927710843,2243.3734939759,139.759036144578,177.10843373494,1727.30923694779,64.2570281124498,34.9397590361446,164.25702811245,183.935742971888,140.674182037638,7.7536950729407,9.82329037436472,45.7351412385111,2.18619221981411,1.16596918390086,11.6888410686061,13.2628994668723,22.1534144941163,2.39023682699676,3.03151987814223,79.6356952604285,2.47768451578932,1.37001379108351,0.233193836780171,0.0874476887925643
"31","BSLE_0050","BSLE_0050A","Douglas-fir forest","burn table","High",20,800,11.1,0.51,36115.49,3662.95,4082.26,16250,567.8,765.45,2224.5,2105.5,32862.02,943.41,2009.05,12179.36,572.41,342.33,4.17,31.9,1.29,12.78,7.01,5.39,67.33,2,4.62,0.43,0.03,181.19,16.53,22.4,90.11,3.18,5.26,7.47,6.98,NA,8.89,NA,NA,168.41,9.52,17.01,22.78,1.18,0.64,7.04,6.95,6736.4,380.8,680.4,911.2,47.2,25.6,281.6,278,511.2,280.4,215.6,2693.2,80,184.8,17.2,1.2,7247.6,661.2,896,3604.4,127.2,210.4,298.8,279.2,165.016436973637,9.32816626084571,16.6672382454817,22.3209692670237,1.15622228863424,0.627103614174501,6.89813975591952,6.80995331017623,12.5224752955471,6.86874427400508,5.28138825062588,65.9732599099518,1.95969879429532,4.52690421482218,0.421335240773493,0.0293954819144298
"32","BSLE_0050","BSLE_0050B","Douglas-fir forest","burn table","High",20.3,800,11.1,0.51,36115.49,3662.95,4082.26,16250,567.8,765.45,2224.5,2105.5,32862.02,943.41,2009.05,12179.36,572.41,342.33,4.17,48.46,1.47,11.78,6.14,2.39,118.58,3.07,7.05,2.2,0.03,275.49,24.25,29.83,137.38,4.36,7.59,12.86,11.51,2.07,9.87,81.5763546798029,1.99831354886271,263.71,18.11,27.44,18.8,1.29,0.54,10.66,11.48,10392.5123152709,713.694581280788,1081.37931034483,740.886699507389,50.8374384236453,21.2807881773399,420.098522167488,452.413793103448,464.23645320197,241.970443349754,94.1871921182266,4673.10344827586,120.985221674877,277.832512315271,86.6995073891626,1.18226600985222,10856.7487684729,955.665024630542,1175.56650246305,5413.99014778325,171.822660098522,299.113300492611,506.79802955665,453.5960591133,254.577423174196,17.4828301303883,26.4897216332332,18.1489346466758,1.2453258347985,0.521299186659838,10.2908320922109,11.0824345608425,11.3720452200979,5.92736482609519,2.30723158540188,114.473439915044,2.9636824130476,6.80585049250344,2.12381150120675,0.0289610659255465
"33","BSLE_0050","BSLE_0050C","Douglas-fir forest","burn table","High",20.1,800,11.1,0.51,36115.49,3662.95,4082.26,16250,567.8,765.45,2224.5,2105.5,32862.02,943.41,2009.05,12179.36,572.41,342.33,4.17,49.91,1.86,10.47,5.88,2.68,211.88,5.28,13.38,1.32,0.01,601.59,53.6,58.8,273.28,9.71,14.61,35.51,30.84,2.74,10.17,109.054726368159,2.67143019719859,591.12,47.72,56.12,61.4,4.43,1.23,34.19,30.83,23527.1641791045,1899.30348258706,2233.63184079602,2443.78109452736,176.318407960199,48.955223880597,1360.7960199005,1227.06467661692,416.716417910448,234.029850746269,106.666666666667,8433.03482587065,210.149253731343,532.537313432836,52.5373134328358,0.398009950248756,23943.8805970149,2133.33333333333,2340.29850746269,10876.815920398,386.467661691542,581.492537313433,1413.33333333333,1227.46268656716,576.326940937238,46.5257843103346,54.7155703163449,59.863435805837,4.3191371436459,1.19921866516579,33.3343789935109,30.0584645911068,10.2079832717771,5.73285020420719,2.61293172572709,206.577602256364,5.14786548949217,13.0451591381449,1.28696637237304,0.00974974524525033
"34","BSLE_0067","BSLE_0067A","Douglas-fir forest","burn table","High",7,281,9.36,0.27,75090.49,6950.45,7484.76,29390,1256,1272,5555,5142,37957.63,2.24,1548.55,22877.5,1137.54,517.09,5.89,23.81,2.25,8.22,2.68,1.97,473.98,11.46,27.94,0.34,0.02,291.39,24.26,32.07,452.88,12.28,27.66,12.69,11.85,2.76,11.01,110.794285714286,1.48026504142131,283.17,21.58,30.1,-21.1,0.819999999999999,-0.280000000000001,12.35,11.83,11367.2528571429,866.282857142857,1208.3,-847.014285714287,32.9171428571428,-11.24,495.764285714286,474.89,329.974285714286,107.582857142857,79.0814285714286,19026.9114285714,460.037142857143,1121.59142857143,13.6485714285714,0.802857142857143,11697.2271428571,973.865714285714,1287.38142857143,18179.8971428571,492.954285714286,1110.35142857143,509.412857142857,475.692857142857,151.871975282345,11.5739563745913,16.1434701981092,-11.3165189760832,0.439788889117925,-0.150171815796366,6.62364973244681,6.34475921739642,4.40861544945043,1.43735880833664,1.05656598971014,254.208704468432,6.14631788937979,14.985001904823,0.182351490609872,0.0107265582711689
"35","BSLE_0067","BSLE_0067B","Douglas-fir forest","burn table","High",7,281,9.36,0.27,75090.49,6950.45,7484.76,29390,1256,1272,5555,5142,37957.63,2.24,1548.55,22877.5,1137.54,517.09,5.89,23.36,2.12,8.4,3.31,1.87,426.68,10.13,24.56,0.51,0.01,477.69,41.11,57.46,457.38,12.55,26.29,21.72,20.3,1.54,10.89,61.82,0.825944986880007,469.29,37.8,55.59,30.7,2.42,1.73,21.21,20.29,18838.6414285714,1517.4,2231.54142857143,1232.38571428571,97.1457142857143,69.4471428571429,851.43,814.498571428571,337.2,132.872857142857,75.0671428571429,17128.1542857143,406.647142857143,985.908571428571,20.4728571428571,0.401428571428571,19175.8414285714,1650.27285714286,2306.60857142857,18360.54,503.792857142857,1055.35571428571,871.902857142857,814.9,251.693326553843,20.2731951325093,29.814468714714,16.4652669462443,1.29791355081144,0.927847290456112,11.3755150465746,10.8820933661009,4.50515447389095,1.77524539387846,1.00293319835429,228.840394157118,5.43300176434706,13.1722135569954,0.273527235914807,0.00536327913558446
"36","BSLE_0067","BSLE_0067C","Douglas-fir forest","burn table","High",7.1,281,9.36,0.27,75090.49,6950.45,7484.76,29390,1256,1272,5555,5142,37957.63,2.24,1548.55,22877.5,1137.54,517.09,5.89,22.22,2.15,8.17,3.33,1.95,427.18,10.5,25.08,0.44,NA,457.29,40.38,52.21,467.08,12.9,26.91,20.79,19.48,1.8,10.91,71.2394366197183,0.951793198709355,449.12,37.05,50.26,39.9,2.4,1.83,20.35,NA,17775.0309859155,1466.34507042254,1989.16338028169,1579.14084507042,94.9859154929578,72.4267605633804,805.401408450704,NA,323.347887323944,131.792957746479,77.1760563380282,16906.7014084507,415.56338028169,992.602816901408,17.4140845070423,NA,18098.3788732394,1598.13802816901,2066.33943661972,18485.8422535211,510.549295774648,1065.02957746479,822.815492957747,770.969014084507,237.48297855797,19.5910766734342,26.5761812039623,21.0980825713907,1.26905759827914,0.967656418687845,10.7605508854085,NA,4.32008357414191,1.76081741761231,1.0311092986018,225.881677013701,5.55212699247124,13.261651902017,0.232660559684509,NA
"37","BSLE_0002","BSLE_0002A","Douglas-fir forest","burn table","Moderate",25.3,1000,26.14,0.6,26860.49,2903.45,2808.76,10860,528.1,753.1,2239,2255,20934.82,1032.25,1473.32,7280.65,558.13,244.18,30.95,110.94,2.9,9.03,4.56,3.88,46.11,1.28,3.02,0.4,0.11,13.55,4.78,7.77,54.41,1.48,1.91,4.59,5.03,3.47,7.97,137.154150197628,4.88308542551263,4.52,0.220000000000001,3.89,8.3,0.2,-1.11,4.19,4.92,178.656126482213,8.69565217391307,153.754940711462,328.063241106719,7.90513833992095,-43.8735177865613,165.612648221344,194.466403162055,356.916996047431,180.237154150198,153.359683794466,1822.52964426877,50.5928853754941,119.367588932806,15.8102766798419,4.34782608695652,535.573122529644,188.932806324111,307.114624505929,2150.59288537549,58.498023715415,75.4940711462451,181.422924901186,198.814229249012,6.3606761162297,0.30959043043596,5.47412170179946,11.6800026028112,0.281445845850872,-1.56202444447234,5.89629047057576,6.92356780793145,12.7072799401669,6.41696528539988,5.46004940950691,64.8873397609185,1.80125341344558,4.24983227234817,0.562891691701744,0.15479521521798
"38","BSLE_0002","BSLE_0002B","Douglas-fir forest","burn table","Moderate",25,1000,26.14,0.6,26860.49,2903.45,2808.76,10860,528.1,753.1,2239,2255,20934.82,1032.25,1473.32,7280.65,558.13,244.18,30.95,93.36,1.69,7.59,3.79,3.56,47.53,1.19,2.65,0.42,0.07,91.99,9.7,12.46,65.78,2.59,4.38,3.38,3.45,3.4,8.28,136,4.8419943320184,84.4,5.91,8.9,18.25,1.4,1.73,2.96,3.38,3376,236.4,356,730,56,69.2,118.4,135.2,303.6,151.6,142.4,1901.2,47.6,106,16.8,2.8,3679.6,388,498.4,2631.2,103.6,175.2,135.2,138,120.195388712457,8.41652544183198,12.6746322220482,25.9901166350988,1.99376237200758,2.46372064540936,4.21538330081602,4.81351201241829,10.8090402882411,5.39739956422051,5.06985288881927,67.6882325296572,1.69469801620644,3.77390734701434,0.598128711602273,0.0996881186003788
"39","BSLE_0002","BSLE_0002C","Douglas-fir forest","burn table","Moderate",25.2,1000,26.14,0.6,26860.49,2903.45,2808.76,10860,528.1,753.1,2239,2255,20934.82,1032.25,1473.32,7280.65,558.13,244.18,30.95,88.08,2.37,9.77,3.34,2.98,28.68,0.85,2.04,0.07,0.07,90.25,7.92,10.46,64.3,2.17,3.42,1.93,2.27,2.91,7.4,115.47619047619,4.11128720418229,80.48,4.58,7.48,35.62,1.32,1.38,1.86,2.2,3193.65079365079,181.746031746032,296.825396825397,1413.49206349206,52.3809523809524,54.7619047619048,73.8095238095238,87.3015873015873,387.698412698413,132.539682539683,118.253968253968,1138.09523809524,33.7301587301587,80.9523809523809,2.77777777777778,2.77777777777778,3581.34920634921,314.285714285714,415.079365079365,2551.5873015873,86.1111111111111,135.714285714286,76.5873015873016,90.0793650793651,113.703228244877,6.47068570280237,10.5678447722624,50.3244158807468,1.86491378334042,1.94968259167408,2.62783305834332,3.1081896389007,13.8031876236636,4.71879699724015,4.21018414723822,40.5194903834873,1.20089145139345,2.88213948334429,0.0988969430559314,0.0988969430559314
"40","BSLE_0007","BSLE_0007A","Douglas-fir forest","burn table","Low",27.3,1000,19.4,0.47,15040.49,1490.45,1411.76,5455,337.5,436.5,1346,1194,13115.2,467.76,690.47,3466.78,175.07,49.17,59.49,81.54,1.76,4.6,0.98,1.43,12.92,0.48,0.48,NA,0.02,11.51,1.64,1.95,13.31,0.42,0.6,0.81,1.02,0.97,5.82,35.5311355311355,2.51679715611262,6.91,0.66,0.52,0.390000000000001,-0.06,0.12,NA,1,253.113553113553,24.1758241758242,19.047619047619,14.2857142857143,-2.1978021978022,4.3956043956044,NA,36.6300366300366,168.498168498168,35.8974358974359,52.3809523809524,473.260073260073,17.5824175824176,17.5824175824176,NA,0.732600732600733,421.611721611722,60.0732600732601,71.4285714285714,487.545787545788,15.3846153846154,21.978021978022,29.6703296703297,37.3626373626374,17.9289364419982,1.71245992065395,1.34921084657584,1.01190813493188,-0.155678174604904,0.311356349209809,NA,2.59463624341507,11.9353267197093,2.54274351854677,3.71032982808355,33.5227002649227,1.24542539683923,1.24542539683923,NA,0.0518927248683014
"41","BSLE_0007","BSLE_0007B","Douglas-fir forest","burn table","Low",25.3,1000,19.4,0.47,15040.49,1490.45,1411.76,5455,337.5,436.5,1346,1194,13115.2,467.76,690.47,3466.78,175.07,49.17,59.49,65.7,1.22,5.12,0.98,0.74,5.24,0.66,0.31,NA,NA,6.06,1.04,0.81,4.97,0.54,0.31,0.26,0.31,0.35,5.08,13.8339920948617,0.979911039756167,0.94,0.0600000000000001,0.0700000000000001,-0.27,-0.12,0,NA,NA,37.1541501976284,2.37154150197629,2.76679841897233,-10.6719367588933,-4.74308300395257,0,NA,NA,202.371541501976,38.7351778656126,29.2490118577075,207.114624505929,26.0869565217391,12.2529644268775,NA,NA,239.525691699605,41.1067193675889,32.0158102766798,196.442687747036,21.3438735177866,12.2529644268775,10.2766798418972,12.2529644268775,2.63176107820227,0.167984749672486,0.195982207951234,-0.755931373526187,-0.335969499344971,0,NA,NA,14.3346986387188,2.74375091131727,2.07181191262732,14.6706681380638,1.84783224639734,0.867921206641176,NA,NA
"42","BSLE_0007","BSLE_0007C","Douglas-fir forest","burn table","Low",29.5,1000,19.4,0.47,15040.49,1490.45,1411.76,5455,337.5,436.5,1346,1194,13115.2,467.76,690.47,3466.78,175.07,49.17,59.49,58.64,1.1,3.02,0.39,0.89,10.12,0.44,0.33,NA,NA,4.81,0.53,1.19,10.29,0.47,0.41,0.38,0.36,0.73,5.97,24.7457627118644,1.75283070152607,1.79,0.14,0.3,0.17,0.03,0.08,NA,NA,60.6779661016949,4.74576271186441,10.1694915254237,5.76271186440678,1.01694915254237,2.71186440677966,NA,NA,102.372881355932,13.2203389830508,30.1694915254237,343.050847457627,14.9152542372881,11.1864406779661,NA,NA,163.050847457627,17.9661016949153,40.3389830508475,348.813559322034,15.9322033898305,13.8983050847458,12.8813559322034,12.2033898305085,4.29803692565981,0.336159312621438,0.720341384188795,0.408193451040317,0.0720341384188794,0.192091035783679,NA,NA,7.25143660083387,0.936443799445433,2.13701277309342,24.2995160266353,1.05650069681023,0.792375522607674,NA,NA
"43","BSLE_0058","BSLE_0058A","Douglas-fir forest","burn table","Moderate",12.1,480,6.11,0.34,20140.49,1415.45,1508.76,6691,290,232.4,881.9,659.1,13630.78,168.32,285.82,4922.58,47.88,119.94,14.15,44.95,0.73,10.77,0.87,1.03,25.38,0.54,0.46,0.2,0.05,75.6,3.46,4.01,35.8,1.36,0.56,3.5,3.03,2.66,8.73,105.520661157025,6.99386656307331,64.83,2.59,2.98,10.42,0.82,0.1,3.3,2.98,2571.76859504132,102.743801652893,118.214876033058,413.355371900826,32.5289256198347,3.96694214876033,130.909090909091,118.214876033058,427.239669421488,34.5123966942149,40.8595041322314,1006.80991735537,21.4214876033058,18.2479338842975,7.93388429752066,1.98347107438017,2999.00826446281,137.256198347107,159.074380165289,1420.1652892562,53.9504132231405,22.2148760330579,138.842975206612,120.198347107438,170.455777926332,6.80981744299243,7.83523396915731,27.3970261606105,2.15600397809027,0.262927314401252,8.67660137524132,7.83523396915731,28.3172717610148,2.28746763529089,2.7081513383329,66.7309523950378,1.41980749776676,1.20946564624576,0.525854628802504,0.131463657200626
"44","BSLE_0058","BSLE_0058B","Douglas-fir forest","burn table","Moderate",12,480,6.11,0.34,20140.49,1415.45,1508.76,6691,290,232.4,881.9,659.1,13630.78,168.32,285.82,4922.58,47.88,119.94,14.15,29.27,0.58,6.04,1.13,0.93,50.99,1.15,0.47,0.35,0.03,92.82,5.48,6.32,74.78,2.23,0.85,4.76,4.28,0.47,9.62,18.8,1.2460563641666,86.78,4.35,5.39,23.79,1.08,0.38,4.41,4.25,3471.2,174,215.6,951.6,43.2,15.2,176.4,170,241.6,45.2,37.2,2039.6,46,18.8,14,1.2,3712.8,219.2,252.8,2991.2,89.2,34,190.4,171.2,230.069726132718,11.5326493279249,14.2898804316127,63.0716614968583,2.86327845382964,1.00744982634746,11.6917203531377,11.2675309525703,16.0131498714176,2.99583764150693,2.46560089079774,135.183859593308,3.04886131657785,1.2460563641666,0.927914313741085,0.0795355126063787
"45","BSLE_0058","BSLE_0058C","Douglas-fir forest","burn table","Moderate",12,480,6.11,0.34,20140.49,1415.45,1508.76,6691,290,232.4,881.9,659.1,13630.78,168.32,285.82,4922.58,47.88,119.94,14.15,23.19,0.5,10.03,1.06,0.72,26.95,0.52,0.37,0.14,0.03,125.19,4.99,6.17,50.63,NA,1.59,4.15,5.62,0.65,9.07,26,1.72326943980487,115.16,3.93,5.45,23.68,NA,1.22,4.01,5.59,4606.4,157.2,218,947.2,NA,48.8,160.4,223.6,401.2,42.4,28.8,1078,20.8,14.8,5.6,1.2,5007.6,199.6,246.8,2025.2,NA,63.6,166,224.8,305.310321058353,10.4191521514356,14.4489514568255,62.7800312839683,NA,3.23444417932607,10.6312468517193,14.8201171823219,26.591373048066,2.81025477875872,1.90885230255309,71.4494021580636,1.3786155518439,0.980937988812004,0.371165725496434,0.0795355126063787
"46","BSLE_0071","BSLE_0071A","Douglas-fir forest","burn table","High",3.5439,140,11.57,0.36,48650.49,4791.45,5047.76,20360,874.7,860.5,3587,3388,38278.85,3.05,1917.36,16744.47,718.49,368.15,0.44,19.96,1.89,7.08,1.94,1.49,371.78,10.35,21.6,0.35,NA,1055.99,94.31,111.88,484.98,16.85,25.54,63.14,58.3,1.86,11.04,73.4783712858715,1.45566293337781,1048.91,92.37,110.39,113.2,6.5,3.94,62.79,NA,41436.6658201417,3649.03072885804,4360.90183131578,4471.90947825842,256.779254493637,155.647732723835,2480.48759840853,NA,279.691864894608,76.6387313411778,58.8617060300799,14686.9832670222,408.871582155253,853.297214932701,13.8265752419651,NA,41716.3576850363,3725.66946019922,4419.76353734586,19158.8927452806,665.65083664889,1008.94494765654,2494.3141736505,2303.11239030447,820.892154542642,72.2900995462946,86.3928124814924,88.5919591711654,5.08699412201921,3.08350105242395,49.1403632187056,NA,5.54091052059939,1.51827209180266,1.16609557566287,290.960411489893,8.10005987121521,16.90447277471,0.273915068108727,NA
"47","BSLE_0071","BSLE_0071B","Douglas-fir forest","burn table","High",3.5148,140,11.57,0.36,48650.49,4791.45,5047.76,20360,874.7,860.5,3587,3388,38278.85,3.05,1917.36,16744.47,718.49,368.15,0.44,16.39,1.6,7.19,2.39,1.54,312.78,8.37,17.16,0.36,NA,128.99,12.03,14.02,316.38,8.58,17.4,5.63,5.2,1.77,10.91,70.5018777739843,1.39669631230455,121.8,9.64,12.48,3.60000000000002,0.210000000000001,0.239999999999998,5.27,NA,4851.48514851485,383.976328667349,497.097985660635,143.393649709799,8.36462956640495,9.55957664731984,209.9123705474,NA,286.388983725959,95.1974507795607,61.3406168203027,12458.5182656197,333.390235575282,683.509730283373,14.3393649709799,NA,5137.87413224081,479.17377944691,558.438602480938,12601.9119153295,341.754865141687,693.069306930693,224.251735518379,207.124160691931,96.1116445416353,7.60686579130841,9.84789264268973,2.84073826231436,0.165709731968337,0.189382550820955,4.1585251784435,NA,5.67358558501115,1.88593456859202,1.21520470110114,246.812809357411,6.60471645988085,13.5408523836984,0.284073826231434,NA
"48","BSLE_0071","BSLE_0071C","Douglas-fir forest","burn table","High",3.5522,140,11.57,0.36,48650.49,4791.45,5047.76,20360,874.7,860.5,3587,3388,38278.85,3.05,1917.36,16744.47,718.49,368.15,0.44,30.48,2.44,7.3,1.21,1.61,563.38,15.57,35.7,0.29,NA,136.09,11.85,15.15,548.08,15.02,33.92,6.46,6.09,NA,11.31,NA,NA,128.79,10.64,13.54,-15.3,-0.550000000000001,-1.78,6.17,NA,5075.89662744215,419.345757558696,533.641123810596,-603.00658746692,-21.6767073926018,-70.1537075615112,243.173244749733,NA,287.709025392714,47.6887562637239,63.4536343674343,22204.0425651709,613.647880186926,1407.01537075615,11.42953662519,NA,5363.60565283486,467.03451382242,597.09475817803,21601.035977704,591.971172794325,1336.86166319464,254.602781374923,240.02026912899,100.557408185852,8.30756132539376,10.5718402580669,-11.9460233344478,-0.429432211369039,-1.38979879315798,4.81744862572176,NA,5.69973662362542,0.944750865011884,1.257065200553,439.879125892889,12.1568355109381,27.8740544470448,0.226427893267311,NA
"49","BSLE_0012","BSLE_0012A","Douglas-fir forest","raw","Unburned",25.1,1000,34.82,1.31,4017.49,869.35,1660.76,6121,154.5,913.8,348.7,306.3,4531.07,1084.35,1368.69,6334.73,238.75,67.48,40.4,111.24,1.04,1.47,0.88,2.23,18.72,0.68,0.38,0.14,0.06,15,5,11.92,202.28,1.24,4.79,0.46,0.61,1.97,4.51,78.4860557768924,4.72591197866594,13.53,4.12,9.69,183.56,0.56,4.41,0.32,0.55,539.043824701195,164.143426294821,386.05577689243,7313.14741035857,22.3107569721115,175.697211155378,12.7490039840637,21.9123505976096,58.5657370517928,35.0597609561753,88.8446215139442,745.816733067729,27.0916334661355,15.1394422310757,5.57768924302789,2.39043824701195,597.609561752988,199.203187250996,474.900398406374,8058.96414342629,49.402390438247,190.836653386454,18.3266932270916,24.3027888446215,32.4576594270813,9.88363317365668,23.2457294788187,440.349443047675,1.34340645078829,10.5793257999578,0.767660829021878,1.31941704988135,3.52644193331925,2.11106727981017,5.34963640224621,44.9081584977799,1.63127926167149,0.91159723446348,0.335851612697072,0.143936405441602
"50","BSLE_0012","BSLE_0012B","Douglas-fir forest","raw","Unburned",25,1000,34.82,1.31,4017.49,869.35,1660.76,6121,154.5,913.8,348.7,306.3,4531.07,1084.35,1368.69,6334.73,238.75,67.48,40.4,143.16,2,2.06,1.15,3.58,29.43,0.57,0.47,0.16,0.08,2.55,1.25,4.06,29.58,0.2,0.52,0.45,0.54,3.48,5.02,139.2,8.38170476167538,0.49,0.1,0.48,0.149999999999999,-0.37,0.05,0.29,0.46,19.6,4,19.2,5.99999999999994,-14.8,2,11.6,18.4,82.4,46,143.2,1177.2,22.8,18.8,6.4,3.2,102,50,162.4,1183.2,8,20.8,18,21.6,1.18018256701751,0.240853585105614,1.15609720850695,0.361280377658418,-0.891158264890773,0.120426792552807,0.698475396806282,1.10792649148583,4.96158385317566,2.76981622871456,8.62255834678099,70.8832100965823,1.372865435102,1.13201184999639,0.385365736168983,0.192682868084491
"51","BSLE_0012","BSLE_0012C","Douglas-fir forest","raw","Unburned",25,1000,34.82,1.31,4017.49,869.35,1660.76,6121,154.5,913.8,348.7,306.3,4531.07,1084.35,1368.69,6334.73,238.75,67.48,40.4,75.72,1.34,0.84,0.51,2.6,20.58,0.75,0.27,NA,0.05,1.98,1.21,3.87,29.24,0.65,0.47,0.64,0.81,2.42,5.29,96.8,5.82865675955587,1.14,0.7,1.27,8.66,-0.1,0.2,NA,0.76,45.6,28,50.8,346.4,-4,8,NA,30.4,33.6,20.4,104,823.2,30,10.8,NA,2,79.2,48.4,154.8,1169.6,26,18.8,25.6,32.4,2.745730870204,1.6859750957393,3.0588405308413,20.8579204701462,-0.240853585105614,0.481707170211228,NA,1.83048724680267,2.02317011488716,1.22835328403863,6.26219321274597,49.5676678147354,1.80640188829211,0.650304679785159,NA,0.120426792552807
"52","BSLE_0013","BSLE_0013A","Douglas-fir forest","raw","Unburned",25,1000,33.19,0.9,5759.49,1064.45,926.36,3011,190.9,609.2,939.5,734.9,6218.04,837.02,855.12,2548.78,204.99,96.13,87.42,42.31,0.69,1,0.35,0.99,10.82,1.34,0.21,NA,0.05,2.09,0.63,1.59,11.71,0.8,0.35,0.33,0.56,0.9,5.26,36,3.88617815967874,1.09,0.28,0.6,0.890000000000001,-0.54,0.14,NA,0.51,43.6,11.2,24,35.6,-21.6,5.6,NA,20.4,40,14,39.6,432.8,53.6,8.4,NA,2,83.6,25.2,63.6,468.4,32,14,13.2,22.4,4.70659354894425,1.20903320523339,2.59078543978583,3.84299840234898,-2.33170689580725,0.604516602616693,NA,2.20216762381795,4.31797573297638,1.51129150654173,4.27479597564662,46.7204974308044,5.78608748218835,0.90677490392504,NA,0.215898786648819
"53","BSLE_0013","BSLE_0013B","Douglas-fir forest","raw","Unburned",25,1000,33.19,0.9,5759.49,1064.45,926.36,3011,190.9,609.2,939.5,734.9,6218.04,837.02,855.12,2548.78,204.99,96.13,87.42,114.42,1.05,1.16,0.33,1.85,16.53,0.72,0.38,0.1,0.07,1.37,0.44,1.95,16.28,0.32,0.37,0.32,0.48,1.6,5.21,64,6.90876117276221,0.21,0.11,0.0999999999999999,-0.25,-0.4,-0.01,0.22,0.41,8.40000000000001,4.4,3.99999999999999,-10,-16,-0.4,8.8,16.4,46.4,13.2,74,661.2,28.8,15.2,4,2.8,54.8,17.6,78,651.2,12.8,14.8,12.8,19.2,0.906774903925041,0.474977330627402,0.431797573297637,-1.0794939332441,-1.72719029319055,-0.0431797573297638,0.949954661254804,1.77037005052032,5.0088518502526,1.42493199188221,7.9882551060063,71.3761388660996,3.10894252774299,1.64083077853102,0.431797573297638,0.302258301308347
"54","BSLE_0013","BSLE_0013C","Douglas-fir forest","raw","Unburned",25.8,1000,33.19,0.9,5759.49,1064.45,926.36,3011,190.9,609.2,939.5,734.9,6218.04,837.02,855.12,2548.78,204.99,96.13,87.42,40.73,0.36,0.69,0.24,0.95,9.46,0.8,0.17,0.09,0.04,1.05,0.45,2.14,17.99,0.74,0.42,0.32,0.34,0.84,5.24,32.5581395348837,3.51463141056217,0.36,0.21,1.19,8.53,-0.0600000000000001,0.25,0.23,0.3,13.953488372093,8.13953488372093,46.1240310077519,330.62015503876,-2.32558139534884,9.68992248062015,8.91472868217054,11.6279069767442,26.7441860465116,9.30232558139535,36.8217054263566,366.666666666667,31.0077519379845,6.58914728682171,3.48837209302326,1.55038759689922,40.6976744186046,17.4418604651163,82.9457364341085,697.286821705426,28.6821705426357,16.2790697674419,12.4031007751938,13.1782945736434,1.50627060452664,0.878657852640543,4.97906116496307,35.6902451572563,-0.251045100754441,1.0460212531435,0.962339552892023,1.2552255037722,2.88701865867607,1.00418040301776,3.97488076194531,39.5814442189502,3.34726801005921,0.711294452137582,0.376567651131661,0.16736340050296
"55","BSLE_0014","BSLE_0014A","Sagebrush shrubland","raw","Unburned",25,1000,34.19,0.84,4076.49,1342.45,1265.76,10790,254.3,1008,1005,1047,4266.64,1256.63,1340.8,10912.5,755,19.38,65.37,451.02,24.13,7.31,2.98,7.11,54.92,0.52,4.14,0.13,0.13,7.84,3.25,7.22,57.17,0.59,4.13,0.52,0.75,4.89,4.23,195.6,15.4531664770573,0.53,0.27,0.109999999999999,2.25,0.07,-0.00999999999999979,0.39,0.62,21.2,10.8,4.39999999999998,90,2.8,-0.399999999999991,15.6,24.8,292.4,119.2,284.4,2196.8,20.8,165.6,5.2,5.2,313.6,130,288.8,2286.8,23.6,165.2,20.8,30,1.67488307420048,0.853242320819113,0.347617241815192,7.11035267349261,0.221210972064214,-0.0316015674377442,1.23246113007205,1.95929718114018,23.1007457969915,9.41726709644798,22.4687144482366,173.555808368095,1.64328150676274,13.0830489192264,0.410820376690684,0.410820376690684
"56","BSLE_0014","BSLE_0014B","Sagebrush shrubland","raw","Unburned",25.1,1000,34.19,0.84,4076.49,1342.45,1265.76,10790,254.3,1008,1005,1047,4266.64,1256.63,1340.8,10912.5,755,19.38,65.37,534,27.14,8.33,3.36,7.9,61.34,0.82,4.62,0.16,0.17,8.5,3.49,7.93,62.09,0.76,4.45,0.47,0.61,5.09,4.37,202.788844621514,16.0211133723229,0.17,0.13,0.0299999999999994,0.75,-0.0599999999999999,-0.17,0.31,0.44,6.77290836653386,5.17928286852591,1.19521912350595,29.8804780876494,-2.39043824701195,-6.77290836653386,12.3505976095618,17.5298804780876,331.872509960159,133.864541832669,314.741035856574,2443.82470119522,32.6693227091633,184.06374501992,6.37450199203187,6.77290836653386,338.645418326693,139.043824701195,315.93625498008,2473.70517928287,30.2788844621514,177.290836653386,18.7250996015936,24.3027888446215,0.535086301236716,0.409183642122196,0.0944269943358892,2.36067485839728,-0.188853988671782,-0.535086301236716,0.975745608137542,1.38492925025974,26.2192287605991,10.5758233656198,24.865775175118,193.071727752119,2.58100451184769,14.5417571277272,0.503610636458086,0.535086301236717
"57","BSLE_0014","BSLE_0014C","Sagebrush shrubland","raw","Unburned",25,1000,34.19,0.84,4076.49,1342.45,1265.76,10790,254.3,1008,1005,1047,4266.64,1256.63,1340.8,10912.5,755,19.38,65.37,486.06,25.5,7.22,2.96,7,53.49,1.01,4.17,0.11,0.11,8.56,3.7,8.59,66.38,1.2,5,0.93,1.21,4.98,4.44,199.2,15.737580583997,1.34,0.74,1.59,12.89,0.19,0.83,0.82,1.1,53.6,29.6,63.6,515.6,7.6,33.2,32.8,44,288.8,118.4,280,2139.6,40.4,166.8,4.4,4.4,342.4,148,343.6,2655.2,48,200,37.2,48.4,4.23461003665782,2.33851599039312,5.02464922260144,40.7344204272532,0.600429781317153,2.62293009733283,2.59132852989508,3.47617241815194,22.8163316900518,9.35406396157249,22.1210972064214,169.036784224498,3.19175831121224,13.1778536215396,0.347617241815194,0.347617241815194
