eV,BSLE_0013-solid_P-XANES.xmu.nor,BSLE_0007-solid_P-XANES.xmu.nor,BSLE_0002-solid_P-XANES.xmu.nor,BSLE_0050-solid_P-XANES.xmu.nor,BSLE_0014-solid_P-XANES.xmu.nor,BSLE_0011-solid_P-XANES.xmu.nor,BSLE_0072-solid_P-XANES.xmu.nor
2125.46,-0.029271033,0.016263238,0.048365709,0.011020563,0.046443132,0.075636984,0.056873816
2127.46,0.002800897,0.010716509,0.043972666,0.007026484,0.013291851,0.070010982,0.047546802
2129.46,0.00655938,0.009423868,0.036052315,0.003993099,0.010059168,0.052982242,0.041172746
2131.46,-0.015167269,0.004285907,0.036350035,0.000923598,0.002552399,0.043609465,0.031948956
2133.46,0.003227742,0.003600993,0.031550705,-0.00014867,-0.002999099,0.029402138,0.023795015
2135.46,-0.001195684,-0.00244494,0.01692047,0.001986192,0.000213734,0.021755446,0.018153852
2137.46,0.003774934,-0.000243153,0.000695868,-0.004833989,-0.009051796,0.011121153,0.009185175
2139.46,0.0010788,-0.001365775,-0.008911187,-0.001713152,-0.009022419,0.00470576,0.003999675
2140.46,0.032625039,0.000805875,-0.00181852,-0.003068224,0.004477745,0.001632147,0.002634927
2140.66,0.019822962,0.003662431,-0.005186781,-0.001579651,0.001494718,0.00604309,0.003358684
2140.76,0.025573575,-0.000244988,0.007133664,-0.003563953,-0.006584782,-0.007337196,0.001059582
2140.86,0.009505762,-0.004481592,0.001448226,0.001387885,-0.00751133,0.001260834,0.001678785
2140.96,0.004882522,0.002951605,0.015067557,-0.003023433,-0.004851576,0.00148905,0.001152932
2141.06,0.009814943,-0.001693768,-0.001581463,-0.001612801,0.010178461,-0.002350554,0.000537127
2141.16,0.020919151,-0.001267516,-0.005118507,-0.003770461,-0.006969961,0.002481815,0.001258817
2141.26,0.011932225,-0.001409199,-0.000591377,-0.000192849,0.000661488,0.001014162,-0.000257991
2141.36,0.001248311,-0.000317341,-0.000982778,0.000647146,-0.002112251,0.00505714,0.000619273
2141.46,0.018120259,0.001219459,0.001974608,0.002063196,0.004605427,-0.002374383,0.001714782
2141.56,0.023052681,0.001540806,-0.005846913,0.000606193,-5.48E-05,-0.001379438,6.75E-05
2141.66,0.011762699,0.003247625,0.00139495,-0.001401585,-0.015582022,-0.002231441,0.000976438
2141.76,0.024897233,-0.001886099,-0.009067434,0.001023917,-0.005769316,-0.006573385,0.000253722
2141.86,0.017334565,-6.71E-05,-0.010554577,-0.003391014,-0.004023333,-0.002367997,-0.000984379
2141.96,0.019337661,-0.000856342,-0.003269623,-0.001870226,0.015781889,-0.003469282,-0.001320741
2142.06,0.021209443,0.000568319,-0.003507127,-0.000858679,-0.000551017,0.005457347,-0.001623186
2142.16,0.013970011,-0.001382075,-0.013113846,0.000291916,-0.002460113,-0.001181009,-0.001003247
2142.26,0.002185075,-0.001270539,-0.009060718,0.00178381,0.004198612,0.000984804,-8.40E-05
2142.36,0.015097383,-0.000319761,0.000464968,0.001524063,0.004431471,-0.003300485,0.000314788
2142.46,0.026848062,-0.000797864,0.002886794,0.001401558,-0.009061871,-0.001055355,0.000445149
2142.56,0.040901797,-0.001261498,-0.001315082,-0.002070737,-0.018408858,-0.001065089,-0.001041429
2142.66,0.038975557,-0.000556704,0.003606022,-0.001844719,0.002310134,-0.009074492,-0.001382214
2142.76,0.034726058,-0.001863197,-0.013615493,-0.002351864,0.006630394,-0.004476297,-0.002000968
2142.86,0.024860335,-0.002015733,-0.008712856,-0.000664941,0.012267269,0.004231266,-0.000834676
2142.96,0.008408679,-0.003962509,-0.009861427,-9.94E-05,-0.011876897,0.003923149,-0.000157963
2143.06,0.024361426,0.000294592,0.009507475,0.000773069,0.002298323,0.000525453,-0.000265019
2143.16,0.033334296,0.000409746,0.003575803,0.003680724,0.0054297,-0.002547421,0.000389574
2143.26,0.019549337,-0.001301898,0.012344318,0.003482374,0.001398299,-0.005329468,0.002508481
2143.36,0.037310185,0.004409407,0.004695161,0.000766717,0.004058053,-0.006453415,-0.001139175
2143.46,0.038242562,-0.001961476,0.011315282,0.000180116,0.003612953,-0.005133648,-0.000766237
2143.56,0.035982984,-0.00116263,-0.008054627,0.003448934,0.011804454,-0.002344631,-0.000462607
2143.66,0.04410736,0.00501894,-0.005140332,0.000453375,-0.000873373,-0.002573431,-0.000978136
2143.76,0.040272007,0.002410175,-0.002016738,-0.000763455,-0.004560881,0.001620626,-0.000670082
2143.86,0.03118407,-0.001960274,0.001550078,0.002720255,0.002490863,0.000364485,-0.001361831
2143.96,0.022833515,0.005954041,0.009389059,0.005685695,0.011370147,-0.001650832,0.000423808
2144.06,0.017159758,-0.001151179,-0.001042546,0.004732515,0.008360597,-0.004878564,0.000956006
2144.16,0.032183201,0.003576188,-0.002209584,0.00206742,-0.002253878,-0.003422825,0.002350867
2144.26,0.036428746,0.005301094,-0.000477214,0.006101904,0.002253066,-0.003817813,0.001137097
2144.36,0.010987092,0.005409013,0.001144351,0.005184839,0.00358638,-0.002649126,0.00101382
2144.46,0.020778153,0.004113372,0.004821972,0.005179712,0.014185123,0.002066157,0.000213686
2144.56,0.059306909,0.005791252,0.002060566,0.005817455,0.009210476,-0.00316338,0.002222732
2144.66,0.043380512,0.004915232,-0.003495599,0.008170724,0.004717278,0.001204419,0.00314276
2144.76,0.066080808,0.000548401,0.007064271,0.006785953,-0.004836045,-0.000882661,0.003541504
2144.86,0.05203322,0.006516543,0.008587342,0.010303973,0.008052037,-0.000469372,0.004213793
2144.96,0.034531048,0.005445182,-0.002823044,0.002604263,0.004541387,0.000922157,0.004990044
2145.06,0.046988806,0.005777381,-0.007899052,0.008531242,0.008881298,-0.001338664,0.004452394
2145.16,0.047719161,0.003306079,-3.54E-05,0.006032283,0.01730861,0.003251978,0.005293529
2145.26,0.040186797,0.006239204,0.008942367,0.006491251,0.023741349,0.000855184,0.005045646
2145.36,0.053765779,0.006104755,0.007972316,0.009655331,0.015661849,0.002707507,0.005498951
2145.46,0.05113246,0.005116596,-0.001418948,0.009532825,0.016307378,0.007165954,0.007191688
2145.56,0.045236478,0.007745857,-0.000911594,0.013040011,0.003845713,0.005528336,0.008188397
2145.66,0.03272426,0.005661619,-0.003863831,0.011769006,0.002034871,0.00673857,0.009157825
2145.76,0.058020545,0.005154576,-0.001602057,0.013228396,0.01599393,-1.31E-05,0.00936118
2145.86,0.038346632,0.010967169,-0.000343688,0.016535136,0.020717035,0.006870181,0.009288041
2145.96,0.038945672,0.005822592,0.008886517,0.012398301,-0.00077425,0.005682025,0.011985741
2146.06,0.051433733,0.007775396,0.012231722,0.015681565,0.029445985,0.001627133,0.010426907
2146.16,0.049366076,0.01278492,0.024613725,0.014415978,0.011541001,0.011105202,0.01233789
2146.26,0.044136769,0.015012648,0.011030322,0.016297929,0.023927983,0.00841758,0.013669341
2146.36,0.055119762,0.008645383,0.023436949,0.020760391,0.013264381,0.013446353,0.016384737
2146.46,0.058930959,0.012233261,0.01142329,0.023785423,0.033256287,0.015665044,0.017144767
2146.56,0.062176493,0.014956576,0.024002281,0.022355507,0.024597084,0.014824371,0.018642852
2146.66,0.0885738,0.019217295,0.013349066,0.02606675,0.026136732,0.01198567,0.020267755
2146.76,0.063768517,0.01697389,0.017149804,0.027385286,0.029936241,0.015771812,0.021062439
2146.86,0.068408006,0.018141713,0.022021662,0.026475444,0.028597023,0.017892301,0.023527885
2146.96,0.079279887,0.022369875,0.02729365,0.029263915,0.027306932,0.028242856,0.023643499
2147.06,0.073323299,0.021783249,0.0331566,0.029280457,0.032570438,0.026756317,0.026327928
2147.16,0.084377,0.028171011,0.039635137,0.034434547,0.033540209,0.033983299,0.028955584
2147.26,0.076662816,0.032822412,0.03330949,0.03751556,0.04418808,0.02620807,0.030445558
2147.36,0.073140598,0.02776827,0.032093204,0.039153725,0.051436334,0.026549596,0.034516882
2147.46,0.072375986,0.029598082,0.032163493,0.040927327,0.04560687,0.033553735,0.035307141
2147.56,0.10468245,0.035732625,0.037189247,0.040272106,0.054319121,0.03832945,0.038254793
2147.66,0.087877256,0.034187382,0.052735361,0.04583431,0.044638067,0.040914509,0.040539596
2147.76,0.09526425,0.041548231,0.05488633,0.0498706,0.04597138,0.045074573,0.043376649
2147.86,0.097267346,0.037047555,0.054815034,0.053814793,0.064450162,0.051481948,0.04918878
2147.96,0.10719982,0.044896756,0.060850348,0.056321556,0.079883044,0.049156918,0.049142184
2148.06,0.1018392,0.051291753,0.055798964,0.056515068,0.058578443,0.055262133,0.05465054
2148.16,0.11165046,0.046190585,0.061335654,0.064125068,0.084652323,0.061593968,0.059597797
2148.26,0.12306781,0.05613789,0.062563244,0.066068416,0.075266034,0.060938368,0.064328283
2148.36,0.13882863,0.055591056,0.073831037,0.073093332,0.103531,0.070994317,0.069737838
2148.46,0.14892273,0.059146378,0.092165755,0.080287994,0.099814012,0.081205123,0.073803263
2148.56,0.12795587,0.071817601,0.090524715,0.083036736,0.10006652,0.082056542,0.079868294
2148.66,0.13142363,0.072298114,0.093845297,0.090756891,0.1022743,0.088052225,0.085050018
2148.76,0.14728546,0.077322109,0.097313619,0.096378687,0.11496587,0.098674723,0.095854527
2148.86,0.14722793,0.084838507,0.11249038,0.1028763,0.11573914,0.10684973,0.10203089
2148.96,0.17727174,0.086686406,0.12229308,0.11136032,0.13254758,0.12393466,0.11006309
2149.06,0.17046666,0.10115187,0.13002741,0.12244471,0.13594425,0.12974527,0.12052695
2149.16,0.17959105,0.10826673,0.14958715,0.12572436,0.14843931,0.14323451,0.1309193
2149.26,0.19091748,0.11640171,0.14260898,0.13912742,0.1614846,0.15126976,0.14020494
2149.36,0.19841559,0.12605239,0.1595771,0.14667422,0.17536506,0.17594645,0.15249883
2149.46,0.22648968,0.13835463,0.18108824,0.16049622,0.18285895,0.19410782,0.16836797
2149.56,0.2512203,0.15080881,0.20076493,0.18073249,0.21596787,0.21384798,0.18220507
2149.66,0.27263776,0.16908704,0.23348589,0.20030602,0.24540207,0.22928992,0.2020808
2149.76,0.30347956,0.1835923,0.24027222,0.22303793,0.26363521,0.26172454,0.22399521
2149.86,0.31655348,0.20769819,0.26821007,0.24312973,0.29606618,0.29826853,0.24972008
2149.96,0.37402184,0.23379004,0.3012696,0.26953466,0.33656387,0.33662171,0.2811916
2150.06,0.40517678,0.25949484,0.34912166,0.30537318,0.38825279,0.3792882,0.31971557
2150.16,0.47996856,0.30316736,0.40006395,0.34823633,0.43825172,0.43631482,0.3651976
2150.26,0.55331589,0.35056583,0.4732412,0.3999263,0.52463442,0.51837157,0.41824083
2150.36,0.63698656,0.40627352,0.5446271,0.4658118,0.6229256,0.60877169,0.49297005
2150.46,0.7338493,0.48602259,0.64262477,0.54462513,0.72448867,0.72316326,0.57718707
2150.56,0.87394484,0.56871262,0.77208503,0.6514864,0.89242288,0.86876411,0.68533078
2150.66,1.0340608,0.66765211,0.90598981,0.7613995,1.0365598,1.0234335,0.81417101
2150.76,1.1871969,0.77629352,1.0710125,0.89129938,1.1983629,1.2066306,0.95946079
2150.86,1.3444846,0.90197661,1.245115,1.0370435,1.3921774,1.4113867,1.1211116
2150.96,1.4999742,1.0474976,1.4683967,1.2074442,1.5706249,1.6470725,1.298519
2151.06,1.7295455,1.1934455,1.7280472,1.379667,1.7881581,1.8897157,1.5095112
2151.16,1.9826625,1.3818909,1.9736254,1.5919464,2.06545,2.1933119,1.7484108
2151.26,2.2859215,1.5960669,2.3245672,1.8541837,2.4180148,2.5680401,2.0426314
2151.36,2.6661813,1.860337,2.6825083,2.156456,2.7912722,3.0047111,2.3890909
2151.46,3.0977649,2.1930705,3.2192154,2.536288,3.2606031,3.5362337,2.8438919
2151.56,3.6053898,2.5712279,3.7982626,3.0046051,3.7804468,4.1577317,3.3697409
2151.66,4.0887922,2.9987197,4.5026492,3.5324057,4.3634979,4.9093849,4.0014244
2151.76,4.62967,3.4967186,5.2972929,4.1266424,4.9407421,5.6319175,4.6706226
2151.86,5.1108906,4.0103086,6.076467,4.7725614,5.4840687,6.418319,5.2994527
2151.96,5.5561713,4.4891353,6.8477616,5.3597915,5.9493908,7.1277832,5.927575
2152.06,5.9117743,4.9284958,7.4159744,5.8528844,6.3142473,7.6786515,6.4132327
2152.16,6.2044069,5.2412466,7.8549758,6.25556,6.5700607,8.0354957,6.7439727
2152.26,6.3943616,5.4694944,8.2085339,6.5737415,6.792261,8.3067533,6.9291292
2152.36,6.4791333,5.6160247,8.3510077,6.7041181,6.8921439,8.3526756,6.9919353
2152.46,6.5581575,5.7077511,8.3835993,6.799805,6.9045506,8.3850007,6.9080003
2152.56,6.5371502,5.7033987,8.3550634,6.813887,6.8566189,8.3126653,6.7704846
2152.66,6.5004256,5.6650788,8.2091967,6.7522331,6.8272574,8.1480958,6.5473957
2152.76,6.4476907,5.5911272,7.9967853,6.6185633,6.6722869,7.9323859,6.2936122
2152.86,6.3152074,5.3840184,7.7117347,6.4244528,6.5154595,7.6369058,6.0026606
2152.96,6.099592,5.2122879,7.3006738,6.200745,6.3004258,7.3152135,5.6787067
2153.06,5.9349063,4.9365928,6.9908151,5.8898884,6.0842131,6.9549581,5.3549002
2153.16,5.6905835,4.7050664,6.5795079,5.5799348,5.808006,6.5355549,5.0162958
2153.26,5.4419676,4.4478924,6.2759898,5.3309817,5.5560678,6.1735998,4.69274
2153.36,5.1970083,4.2153531,5.8773021,5.020071,5.2645821,5.7748946,4.4447519
2153.46,4.9143517,3.9400921,5.5317394,4.739805,4.9826172,5.4246104,4.1946182
2153.56,4.6245839,3.7056717,5.2099999,4.4536339,4.670891,5.1040134,3.9611184
2153.66,4.3000682,3.461629,4.9003752,4.2071006,4.4128806,4.7960315,3.7771589
2153.76,4.0314824,3.2579929,4.6446696,3.9528022,4.0793811,4.5207584,3.6202664
2153.86,3.7222396,3.0606149,4.4290571,3.7347466,3.816124,4.2863523,3.4684467
2153.96,3.5059675,2.9121373,4.2228816,3.5718406,3.5737755,4.081369,3.3694852
2154.06,3.2365232,2.776042,4.0487595,3.4176747,3.3891222,3.9026358,3.2898857
2154.16,3.0517262,2.6484405,3.9291107,3.3011602,3.1796596,3.7634477,3.2141572
2154.26,2.8637676,2.530483,3.7837304,3.1884017,2.9888949,3.6561374,3.1394903
2154.36,2.6852434,2.4411249,3.6783816,3.0811509,2.8122494,3.5364764,3.0996544
2154.46,2.4958707,2.3485689,3.6131383,3.0024863,2.6789245,3.4345294,3.0556452
2154.56,2.3641652,2.2630597,3.5393198,2.9297988,2.5425635,3.3629872,3.0072933
2154.66,2.2527125,2.2159639,3.4858957,2.8715399,2.4356593,3.285213,2.9841281
2154.76,2.1770076,2.1562469,3.4172358,2.7783926,2.3039752,3.243018,2.968395
2154.86,2.060868,2.1043797,3.3676037,2.7449094,2.2232461,3.1890011,2.9343249
2154.96,1.9938703,2.057935,3.3188396,2.6863615,2.1380463,3.1242575,2.8973866
2155.06,1.9209837,2.0033656,3.2380342,2.6583319,2.0761625,3.0615912,2.8541221
2155.16,1.8595619,1.9573731,3.1721322,2.582069,1.9993341,3.0113173,2.822323
2155.26,1.7891096,1.9071736,3.0746814,2.5430239,1.949457,2.9559633,2.7935984
2155.36,1.7378495,1.8420883,3.0262066,2.4830133,1.9231512,2.8916352,2.7439119
2155.46,1.6729124,1.812121,2.9751402,2.4397426,1.8392386,2.8400015,2.6964226
2155.56,1.6719761,1.7630718,2.864245,2.3836507,1.8068705,2.758896,2.6316284
2155.66,1.6128876,1.7118991,2.8141573,2.3044442,1.7481898,2.6901337,2.584235
2155.76,1.5881328,1.6509088,2.7087963,2.2724238,1.7101524,2.6276109,2.52879
2155.86,1.532307,1.6184129,2.6480097,2.2189503,1.6849373,2.5620855,2.4635904
2155.96,1.5249868,1.5700908,2.5646189,2.1507593,1.6962533,2.5088655,2.3986856
2156.06,1.4833631,1.5398341,2.4809757,2.11101,1.6211836,2.4357332,2.3515723
2156.16,1.4582447,1.4947278,2.436533,2.0619246,1.6085058,2.374574,2.2965108
2156.26,1.4750459,1.4576848,2.3703478,2.0054353,1.5732195,2.3031489,2.2423119
2156.36,1.4543013,1.4117213,2.2803332,1.9476278,1.544084,2.2586575,2.1796855
2156.46,1.4181524,1.3801261,2.2304241,1.9094676,1.5235949,2.2023971,2.118482
2156.56,1.4082059,1.3479522,2.1791546,1.8571137,1.5137468,2.147179,2.0849944
2156.66,1.4067948,1.3147183,2.1220616,1.8120733,1.4892391,2.1053164,2.0293282
2156.76,1.3609388,1.284042,2.0270792,1.782274,1.4775635,2.056085,2.0048359
2156.86,1.3430225,1.267054,1.9806482,1.7371975,1.4586367,2.015042,1.9644469
2156.96,1.3581975,1.2435763,1.9412471,1.7058994,1.4450353,1.9762425,1.9256064
2157.06,1.3481297,1.2107874,1.9194887,1.6690755,1.4319742,1.9439433,1.90963
2157.16,1.3310316,1.1981764,1.8544978,1.6429239,1.4305466,1.9082599,1.8755894
2157.26,1.339156,1.177401,1.8168757,1.6220454,1.4231745,1.8846477,1.8698544
2157.36,1.3396035,1.15855,1.8070659,1.6102501,1.3897355,1.8624217,1.8511279
2157.46,1.3314246,1.1464672,1.7816632,1.5705007,1.3848885,1.8384847,1.8255885
2157.56,1.339347,1.1290017,1.7295318,1.5339838,1.3858092,1.8136866,1.8442292
2157.66,1.3082487,1.110545,1.7071456,1.5318316,1.3952485,1.801107,1.8156448
2157.76,1.3186458,1.0959807,1.6854918,1.5046868,1.3758599,1.7756064,1.7908648
2157.86,1.3015376,1.0945476,1.6538656,1.4847112,1.3725654,1.7442401,1.7700001
2157.96,1.2978134,1.0739783,1.6288816,1.4675129,1.371177,1.7150002,1.7457658
2158.06,1.3302714,1.0660194,1.6057135,1.4468221,1.3585483,1.7011893,1.7262134
2158.16,1.3104863,1.0553655,1.577393,1.433835,1.3587321,1.6774714,1.6947092
2158.26,1.2813376,1.0477068,1.5550621,1.3975221,1.3474396,1.6519708,1.6572253
2158.36,1.3052601,1.0341915,1.5428514,1.3944146,1.3451474,1.6275541,1.6340453
2158.46,1.2957479,1.0321036,1.5302283,1.3721961,1.3691382,1.6159868,1.5980803
2158.56,1.3119734,1.0266335,1.5089871,1.3633588,1.3401599,1.596518,1.5620342
2158.66,1.3038754,1.0157951,1.4920179,1.3544979,1.348715,1.5729889,1.5305889
2158.76,1.3139897,1.00797,1.4726788,1.3418846,1.3465799,1.5569119,1.4944322
2158.86,1.2865076,0.9981264,1.4740726,1.3252822,1.356147,1.5265125,1.4614754
2158.96,1.2839551,1.0042971,1.4557677,1.3066266,1.3448054,1.5099142,1.4235786
2159.06,1.2834329,1.0032004,1.451812,1.3187909,1.3516017,1.493467,1.3951637
2159.16,1.2919411,1.0066002,1.4424946,1.3032214,1.3521784,1.4904432,1.367206
2159.26,1.300813,1.0028375,1.432063,1.2965023,1.3586112,1.4675185,1.3479707
2159.36,1.3024928,0.9905702,1.4600317,1.301418,1.3537741,1.4655409,1.3239428
2159.46,1.2831825,0.99788041,1.4315757,1.307493,1.3654438,1.4533277,1.2942524
2159.56,1.3052162,1.0011138,1.4417108,1.3083998,1.3584648,1.455588,1.2901911
2159.66,1.3189568,1.0035875,1.4183888,1.3126781,1.3578035,1.4520581,1.2746497
2159.76,1.3088183,1.0069728,1.4448247,1.3205608,1.3692472,1.4516744,1.2622125
2159.86,1.3203266,1.0136753,1.4596813,1.3234215,1.3583969,1.4628899,1.2467302
2159.96,1.3095517,1.0125496,1.467311,1.3274993,1.3827514,1.4650973,1.2509342
2160.06,1.3154539,1.0117604,1.4677937,1.3556378,1.396622,1.4812077,1.2585594
2160.16,1.312164,1.0321874,1.4919888,1.3547858,1.3780489,1.4769035,1.2608169
2160.26,1.3347633,1.0323713,1.5024256,1.3648589,1.3950833,1.484478,1.2550525
2160.36,1.353009,1.0312385,1.5125607,1.3775721,1.4004549,1.4908514,1.2678462
2160.46,1.317052,1.0439205,1.542253,1.3985416,1.3973373,1.5040762,1.2729351
2160.96,1.3498557,1.0893668,1.6099987,1.452945,1.4368504,1.569853,1.3255493
2161.46,1.3705581,1.1270826,1.6750236,1.5315428,1.475214,1.6338621,1.3850723
2161.96,1.4016748,1.1640026,1.7658908,1.5776287,1.5117206,1.6930895,1.4596807
2162.46,1.4429533,1.1962742,1.8521226,1.6278138,1.564449,1.7603582,1.5201843
2162.96,1.4960501,1.2135806,1.8696304,1.6712451,1.5928594,1.8016562,1.591696
2163.46,1.5093686,1.2267486,1.86185,1.6874086,1.6417067,1.8242204,1.6267695
2163.96,1.576607,1.245227,1.8859261,1.6975768,1.685661,1.8440274,1.6717746
2164.46,1.6185622,1.2703506,1.9052684,1.7331348,1.7334472,1.9041235,1.7424827
2164.96,1.636002,1.2954633,1.9512039,1.7762772,1.7814299,1.9505999,1.8431332
2165.46,1.6860078,1.3329006,2.0199839,1.8459651,1.8158633,1.9982017,1.9285802
2165.96,1.6977405,1.3695602,2.0861599,1.905089,1.8538928,2.0792413,1.9786434
2166.46,1.7365139,1.3877347,2.1353581,1.9475994,1.9055798,2.109401,2.0053925
2166.96,1.7504082,1.4185521,2.1674368,1.9999875,1.9281439,2.1561379,2.0089604
2167.46,1.7806562,1.4542313,2.1986722,2.0442676,1.9450192,2.1838124,2.0272157
2167.96,1.7728432,1.4691538,2.2332502,2.0802229,1.9583867,2.2068524,2.0444977
2168.46,1.785091,1.4847238,2.2645902,2.1031582,1.9554931,2.2180668,2.0282465
2168.96,1.7591061,1.4840805,2.2665484,2.1335876,1.9689786,2.2260404,2.0249499
2169.46,1.755283,1.48411,2.2798641,2.1319277,1.9617028,2.2103474,1.9975063
2169.96,1.761551,1.4752588,2.2335172,2.1099343,1.9508407,2.1977101,1.9656018
2170.46,1.7337681,1.464219,2.2260322,2.0822887,1.9106888,2.1519371,1.9241491
2170.96,1.7057932,1.4422618,2.1828002,2.0476546,1.8772969,2.1171326,1.895216
2171.46,1.6811821,1.4133484,2.1310546,2.0051652,1.8475207,2.0668688,1.8467809
2171.96,1.6466718,1.3821415,2.0965331,1.9555609,1.820594,2.0203178,1.7996656
2172.46,1.6227879,1.3383677,2.03114,1.9051259,1.7837828,1.9518338,1.7425006
2172.96,1.5937019,1.2980232,1.9653036,1.8437838,1.7312901,1.9032281,1.6956212
2173.46,1.5611311,1.2589412,1.9044966,1.7936919,1.6815584,1.8364627,1.6406535
2173.96,1.5290754,1.2140785,1.8357486,1.7359253,1.666265,1.7892507,1.582847
2174.46,1.4807569,1.1735784,1.7736181,1.677021,1.6227823,1.7143987,1.5382976
2174.96,1.440994,1.1281696,1.7108843,1.6233355,1.5960913,1.659629,1.4875104
2175.46,1.415494,1.0828728,1.6350693,1.5602057,1.5454164,1.5875682,1.4287012
2175.96,1.3674684,1.0562781,1.5878421,1.5094095,1.5112581,1.5215997,1.3826181
2176.46,1.3363925,1.0187697,1.5333818,1.4555435,1.4816489,1.4684465,1.3268246
2176.96,1.3039328,0.98519337,1.489251,1.422103,1.4493968,1.4130045,1.2846345
2177.46,1.2973824,0.95245268,1.4454219,1.3730531,1.4044501,1.3646178,1.2488887
2177.96,1.2607206,0.92074658,1.3867325,1.3305564,1.3760593,1.3304554,1.2148091
2178.46,1.2476146,0.90093095,1.3729994,1.3034526,1.3471282,1.2923497,1.1843129
2178.96,1.2287308,0.87768238,1.3328329,1.2803161,1.3205453,1.2622891,1.1594867
2179.46,1.2127056,0.86329649,1.3171545,1.2549314,1.3224268,1.2369686,1.1365112
2179.96,1.2240039,0.85461528,1.3013099,1.2504165,1.3168017,1.2083734,1.1062878
2180.46,1.1909886,0.83368186,1.2886663,1.2313395,1.2844218,1.1923254,1.1004696
2180.96,1.1970444,0.82918601,1.252926,1.2256021,1.2883078,1.1733351,1.0907879
2181.46,1.1915648,0.81431177,1.2678176,1.2122965,1.2752055,1.1685123,1.0798085
2181.96,1.1816811,0.81872924,1.2746819,1.2022937,1.2661218,1.1503907,1.0754503
2182.46,1.1792823,0.81207017,1.2611088,1.207895,1.2696737,1.1402084,1.069728
2182.96,1.173338,0.80182623,1.2407089,1.2026632,1.2687058,1.1406809,1.0638361
2183.46,1.1572016,0.80316889,1.2498139,1.2055539,1.2680524,1.1251013,1.0632897
2183.96,1.1743687,0.80501437,1.2581187,1.194948,1.2660038,1.1284255,1.0599047
2184.46,1.1913742,0.80744588,1.2477836,1.1893623,1.27494,1.1277271,1.0548607
2184.96,1.1789753,0.80075787,1.2655377,1.1967585,1.2752888,1.1246153,1.0519771
2185.46,1.195213,0.79496336,1.2572217,1.1961496,1.2800591,1.1243325,1.0537017
2185.96,1.1956324,0.79735869,1.2577578,1.1943128,1.2801032,1.1166845,1.0452292
2186.46,1.1904659,0.79862538,1.2622398,1.1937327,1.294699,1.1219576,1.037612
2186.96,1.2006632,0.8018057,1.2722313,1.1857127,1.2982214,1.1221658,1.0331874
2187.46,1.1987089,0.79649592,1.2514866,1.1896942,1.2825841,1.1113262,1.0305323
2187.96,1.2078456,0.79690529,1.2688898,1.1820625,1.3087543,1.1098725,1.0217501
2188.46,1.2031841,0.802162,1.2502504,1.1852494,1.3107046,1.0998337,1.0080058
2188.96,1.2216037,0.79986915,1.2721966,1.1809819,1.311466,1.1010957,1.001384
2189.46,1.2247706,0.79649108,1.2570107,1.1751469,1.3180737,1.0940973,0.99001379
2189.96,1.2298164,0.79512429,1.2570359,1.1724686,1.3067596,1.1088658,0.99232825
2190.46,1.2413167,0.7909938,1.2501049,1.1685478,1.3228488,1.0890974,0.99807123
2190.96,1.2472008,0.79377619,1.2406132,1.1641123,1.3329837,1.0875342,0.98223292
2191.46,1.2417313,0.78656004,1.2426513,1.1672541,1.3203825,1.0924447,0.97064893
2191.96,1.2589287,0.78733476,1.2646467,1.1621921,1.3495888,1.075732,0.97572833
2192.46,1.2564087,0.78859423,1.2532774,1.1679811,1.3555184,1.0778853,0.96880419
2192.96,1.2596766,0.78471333,1.2552848,1.1638888,1.3457371,1.0762314,0.97077211
2193.46,1.276177,0.78669628,1.2721709,1.1675832,1.3404952,1.0714464,0.96559541
2193.96,1.2764247,0.79220983,1.2795277,1.1560346,1.3649557,1.0681344,0.9592685
2194.46,1.2710966,0.78633212,1.2615655,1.155097,1.3749728,1.0690904,0.96686215
2194.96,1.2820716,0.78943284,1.2696056,1.1593801,1.3757441,1.066768,0.96074907
2195.46,1.3069661,0.78987839,1.2731088,1.1543903,1.3890723,1.0691441,0.96274647
2195.96,1.2944661,0.78658713,1.27985,1.1529055,1.3789275,1.0742057,0.96001767
2196.46,1.3025725,0.78799129,1.2803862,1.156329,1.3909391,1.0765139,0.9636593
2196.96,1.3123658,0.78915308,1.2843819,1.1551837,1.3994921,1.070237,0.9576052
2197.46,1.336937,0.7974014,1.2935977,1.1591706,1.4144121,1.0811567,0.95629205
2197.96,1.344912,0.78987053,1.3000127,1.152951,1.4256082,1.0738562,0.9555024
2198.46,1.3477557,0.79206328,1.2999825,1.1522266,1.4196392,1.0714771,0.94669073
2198.96,1.3468721,0.79798198,1.3003401,1.1571669,1.4372219,1.0656874,0.94546605
2199.46,1.3684735,0.80237052,1.3080355,1.1588875,1.4511397,1.0751227,0.93688295
2199.96,1.3790446,0.80570999,1.3148321,1.1588583,1.45534,1.0749608,0.93583524
2200.46,1.4011713,0.80172781,1.3142971,1.1568264,1.4713899,1.0670484,0.93313593
2201.46,1.4116365,0.8035956,1.3244431,1.1555977,1.4808322,1.068239,0.92030516
2202.46,1.4039197,0.80821624,1.3206399,1.1516531,1.500149,1.0713143,0.90802737
2203.46,1.446658,0.81821961,1.337231,1.1521779,1.5169506,1.0702501,0.90419187
2204.46,1.4789012,0.82636363,1.3411904,1.1554096,1.5444422,1.0632975,0.89358042
2205.46,1.5054373,0.82609713,1.350296,1.1596146,1.5715703,1.0709203,0.88940576
2206.46,1.5240137,0.83143041,1.3575056,1.1548935,1.5878708,1.0784261,0.90238847
2207.46,1.5367516,0.83864113,1.3731365,1.1637593,1.6168461,1.0782872,0.8903835
2208.46,1.5710251,0.84726988,1.4003465,1.1654868,1.6340308,1.086892,0.89304377
2209.46,1.5941672,0.85649912,1.3770908,1.1692747,1.6569634,1.0842377,0.89676577
2210.46,1.605188,0.86467207,1.4187055,1.1715981,1.6849562,1.0991199,0.90210251
2211.46,1.6491485,0.87393025,1.4244869,1.1836133,1.709284,1.0966015,0.90594248
2212.46,1.6761291,0.88216108,1.4436574,1.1939689,1.7367757,1.1238382,0.92786149
2213.46,1.6913418,0.88652489,1.4608949,1.1919096,1.7604452,1.1245416,0.93768112
2214.46,1.7355851,0.9012309,1.4884989,1.2023104,1.792545,1.1405456,0.94396899
2215.46,1.7559494,0.910348,1.5203566,1.2097911,1.8105452,1.1458795,0.96018853
2216.46,1.7683944,0.92748131,1.5296777,1.2185342,1.8466735,1.168176,0.97656291
2217.46,1.8072438,0.93949596,1.5640839,1.2282163,1.8598985,1.1755004,0.98709773
2218.46,1.8271838,0.9514238,1.5746731,1.2368654,1.8974613,1.1929094,1.0030445
2219.46,1.8526694,0.96208916,1.6035021,1.2414479,1.9231844,1.1982359,1.0088015
2220.46,1.881751,0.97391932,1.6313523,1.2459148,1.9544097,1.2126044,1.0268422
2221.46,1.9291358,0.9882636,1.6515262,1.2497279,1.9814789,1.2239627,1.0337863
2222.46,1.940702,0.994371,1.6746918,1.2628212,2.0136966,1.2322653,1.0363433
2223.46,1.9622784,1.0085127,1.6816798,1.256269,2.0385648,1.245667,1.0382589
2224.46,1.9972893,1.0277224,1.7000746,1.2651005,2.0576066,1.26067,1.0417745
2225.46,2.0213304,1.0361522,1.7052713,1.2652659,2.0837914,1.260652,1.0450393
2226.46,2.0469473,1.0404039,1.7219301,1.2707007,2.1065079,1.2850296,1.0474047
2227.46,2.0889785,1.055685,1.7312081,1.2651309,2.1275246,1.2878481,1.0475286
2228.46,2.1292622,1.0692697,1.7629119,1.2587213,2.149848,1.2932916,1.0420931
2229.46,2.1321011,1.0759884,1.7660033,1.2633092,2.1749422,1.29767,1.0431018
2230.46,2.1657383,1.0939935,1.7971161,1.2728685,2.197865,1.3085863,1.0421787
2231.46,2.1742337,1.1026078,1.7888561,1.2642486,2.2117189,1.3096485,1.0494914
2232.46,2.1981435,1.1057815,1.823053,1.2636357,2.2289724,1.3167841,1.0529554
2233.46,2.2300332,1.119471,1.8324726,1.2678354,2.2506474,1.3265523,1.0536101
2234.46,2.2368317,1.1350524,1.8453148,1.2593455,2.2865988,1.3420426,1.057251
2235.46,2.2715497,1.1346159,1.8681972,1.2555725,2.2891828,1.3532422,1.0546395
2236.46,2.3062677,1.1415047,1.8889067,1.2598822,2.3072715,1.3565366,1.0523745
2237.46,2.3118136,1.1609242,1.9033864,1.2562374,2.3367872,1.3670866,1.0531325
2238.46,2.3310567,1.1734887,1.917589,1.2577138,2.3553966,1.3766508,1.0535587
