eV,Pi_Al_GibbSorb_std.xmu.nor,Pi_Apatite_CaDefHydroxy_std.xmu.nor,Pi_Fe_GoethSorb_std.xmu.nor,Pi_K_Pyro_std.xmu.nor,Pi_Mg_Tri_std.xmu.nor,Pi_Na_Tri_std.xmu.nor,Pi_NH4_Mg_std.xmu.nor,Po_Na_AMP_std.xmu.nor
2106,0.15008297,NA,NA,NA,NA,NA,NA,NA
2108,0.13333872,NA,NA,NA,NA,NA,NA,NA
2110,0.13386438,NA,NA,NA,NA,NA,NA,NA
2112,0.12142443,NA,NA,NA,NA,NA,NA,NA
2114,0.10849733,NA,NA,NA,NA,NA,NA,NA
2116,0.095492072,NA,NA,NA,NA,NA,NA,NA
2118,0.088588816,NA,NA,NA,NA,NA,NA,NA
2120,0.076279736,NA,NA,NA,NA,NA,NA,NA
2122,0.067077095,NA,NA,NA,NA,NA,NA,NA
2124,0.038674148,NA,NA,NA,NA,NA,NA,NA
2126,0.026326896,NA,NA,NA,NA,NA,NA,NA
2128,0.020736015,NA,NA,NA,NA,NA,NA,NA
2130,0.014470769,NA,NA,NA,NA,NA,NA,NA
2132,0.005937041,NA,NA,NA,NA,NA,NA,NA
2134,0.004603201,NA,NA,NA,NA,NA,NA,NA
2136,0.00330935,NA,NA,NA,NA,NA,NA,NA
2138,0.009617098,NA,NA,NA,NA,NA,NA,NA
2140,0.004349766,NA,NA,NA,NA,NA,NA,NA
2140.2,0.001673428,NA,NA,NA,NA,NA,NA,NA
2140.4,-0.003800343,NA,NA,NA,NA,NA,NA,NA
2140.6,0.003344322,NA,NA,NA,NA,NA,NA,NA
2140.8,-0.002603867,NA,NA,NA,NA,NA,NA,NA
2141,-0.007812254,NA,NA,NA,NA,NA,NA,NA
2141.2,-0.007776593,NA,NA,NA,NA,NA,NA,NA
2141.4,-0.000364727,NA,NA,NA,NA,NA,NA,NA
2141.6,-0.003177392,NA,NA,NA,NA,NA,NA,NA
2141.8,0.000133755,NA,NA,NA,NA,NA,NA,NA
2142,-0.002422616,NA,NA,NA,NA,NA,NA,NA
2142.2,-0.00374659,NA,NA,NA,NA,NA,NA,NA
2142.4,-0.007835278,NA,NA,NA,NA,NA,NA,NA
2142.6,-0.002264736,NA,NA,NA,NA,NA,NA,NA
2142.8,-0.00036412,NA,NA,NA,NA,NA,NA,NA
2143,-0.002856871,NA,NA,NA,NA,NA,NA,NA
2143.2,0.001543075,NA,NA,NA,NA,NA,NA,NA
2143.4,0.002674806,NA,NA,NA,NA,NA,NA,NA
2143.6,0.003888334,NA,NA,NA,NA,NA,NA,NA
2143.8,0.00025407,NA,NA,NA,NA,NA,NA,NA
2144,-0.007875352,NA,NA,NA,NA,NA,NA,NA
2144.2,-0.002430232,NA,NA,NA,NA,NA,NA,NA
2144.4,0.006219485,NA,NA,NA,NA,NA,NA,NA
2144.6,0.004730101,NA,NA,NA,NA,NA,NA,NA
2144.8,0.003880545,NA,NA,NA,NA,NA,NA,NA
2145,0.009712834,NA,NA,NA,NA,NA,NA,NA
2145.2,0.011173569,NA,NA,NA,NA,NA,NA,NA
2145.4,0.011680013,NA,NA,NA,NA,NA,NA,NA
2145.6,0.017370522,NA,NA,NA,NA,NA,NA,NA
2145.8,0.01851316,NA,NA,NA,NA,NA,NA,NA
2146,0.015418752,NA,NA,NA,NA,NA,NA,NA
2146.2,0.021852698,NA,NA,NA,NA,NA,NA,NA
2146.4,0.019952515,NA,NA,NA,NA,NA,NA,NA
2146.6,0.027733373,NA,NA,NA,NA,NA,NA,NA
2146.8,0.019322208,NA,NA,NA,NA,NA,NA,NA
2147,0.028511779,NA,NA,NA,NA,NA,NA,NA
2147.2,0.020244212,NA,NA,NA,NA,NA,NA,NA
2147.4,0.04153963,NA,NA,NA,NA,NA,NA,NA
2147.6,0.037520015,NA,NA,NA,NA,NA,NA,NA
2147.8,0.040912958,NA,NA,NA,NA,NA,NA,NA
2148,0.048771977,NA,NA,NA,NA,NA,NA,NA
2148.2,0.058121506,NA,NA,NA,NA,NA,NA,NA
2148.4,0.068743421,NA,NA,NA,NA,NA,NA,NA
2148.6,0.076566086,NA,NA,NA,NA,NA,NA,NA
2148.8,0.077888675,NA,NA,NA,NA,NA,NA,NA
2149,0.088806874,NA,NA,NA,NA,NA,NA,NA
2149.2,0.10188631,NA,NA,NA,NA,NA,NA,NA
2149.4,0.12228561,NA,NA,NA,NA,NA,NA,NA
2149.6,0.1438973,NA,NA,NA,NA,NA,NA,NA
2149.8,0.16796834,NA,NA,NA,NA,NA,NA,NA
2150,0.19915929,NA,NA,NA,NA,NA,NA,NA
2150.2,0.24366848,NA,NA,NA,NA,NA,NA,NA
2150.4,0.30941017,NA,NA,NA,NA,NA,NA,NA
2150.6,0.39305614,NA,NA,NA,NA,NA,NA,NA
2150.8,0.52886632,NA,NA,NA,NA,NA,NA,NA
2151,0.68432214,NA,NA,NA,NA,NA,NA,NA
2151.2,0.9090503,NA,NA,NA,NA,NA,NA,NA
2151.4,1.2223802,NA,NA,NA,NA,NA,NA,NA
2151.6,1.6599585,NA,NA,NA,NA,NA,NA,NA
2151.8,2.3201354,NA,NA,NA,NA,NA,NA,NA
2152,3.3255652,NA,NA,NA,NA,NA,NA,NA
2152.2,4.6887355,NA,NA,NA,NA,NA,NA,NA
2152.4,6.1465168,NA,NA,NA,NA,NA,NA,NA
2152.6,7.4097684,NA,NA,NA,NA,NA,NA,NA
2152.8,8.2352828,NA,NA,NA,NA,NA,NA,NA
2153,8.4463982,NA,NA,NA,NA,NA,NA,NA
2153.2,8.2063074,NA,NA,NA,NA,NA,NA,NA
2153.4,7.5964247,NA,NA,NA,NA,NA,NA,NA
2153.6,6.6561215,NA,NA,NA,NA,NA,NA,NA
2153.8,5.599086,NA,NA,NA,NA,NA,NA,NA
2154,4.6073602,NA,NA,NA,NA,NA,NA,NA
2154.2,3.718425,NA,NA,NA,NA,NA,NA,NA
2154.4,3.0383794,NA,NA,NA,NA,NA,NA,NA
2154.6,2.4881171,NA,NA,NA,NA,NA,NA,NA
2154.8,2.1374013,NA,NA,NA,NA,NA,NA,NA
2155,1.8960562,NA,NA,NA,NA,NA,NA,NA
2155.2,1.6881931,NA,NA,NA,NA,NA,NA,NA
2155.4,1.5634531,NA,NA,NA,NA,NA,NA,NA
2155.6,1.4784479,NA,NA,NA,NA,NA,NA,NA
2155.8,1.4395758,NA,NA,NA,NA,NA,NA,NA
2156,1.4012672,NA,NA,NA,NA,NA,NA,NA
2156.2,1.3884481,NA,NA,NA,NA,NA,NA,NA
2156.4,1.3480783,NA,NA,NA,NA,NA,NA,NA
2156.6,1.3550975,NA,NA,NA,NA,NA,NA,NA
2156.8,1.3633346,NA,NA,NA,NA,NA,NA,NA
2157,1.3547308,NA,NA,NA,NA,NA,NA,NA
2157.2,1.3671613,NA,NA,NA,NA,NA,NA,NA
2157.4,1.3606441,NA,NA,NA,NA,NA,NA,NA
2157.6,1.385046,NA,NA,NA,NA,NA,NA,NA
2157.8,1.3682771,NA,NA,NA,NA,NA,NA,NA
2158,1.3942294,NA,NA,NA,NA,NA,NA,NA
2158.2,1.3813031,NA,NA,NA,NA,NA,NA,NA
2158.4,1.4185561,NA,NA,NA,NA,NA,NA,NA
2158.6,1.4184136,NA,NA,NA,NA,NA,NA,NA
2158.8,1.3975167,NA,NA,NA,NA,NA,NA,NA
2159,1.3992755,NA,NA,NA,NA,NA,NA,NA
2159.2,1.4162303,NA,NA,NA,NA,NA,NA,NA
2159.4,1.4191761,NA,NA,NA,NA,NA,NA,NA
2159.6,1.4116701,NA,NA,NA,NA,NA,NA,NA
2159.8,1.4213123,NA,NA,NA,NA,NA,NA,NA
2160,1.4086677,NA,NA,NA,NA,NA,NA,NA
2160.5,1.4196221,NA,NA,NA,NA,NA,NA,NA
2161,1.4128522,NA,NA,NA,NA,NA,NA,NA
2161.5,1.4033121,NA,NA,NA,NA,NA,NA,NA
2162,1.4155517,NA,NA,NA,NA,NA,NA,NA
2162.5,1.4379758,NA,NA,NA,NA,NA,NA,NA
2163,1.455094,NA,NA,NA,NA,NA,NA,NA
2163.5,1.4760148,NA,NA,NA,NA,NA,NA,NA
2164,1.5028614,NA,NA,NA,NA,NA,NA,NA
2164.5,1.5526617,NA,NA,NA,NA,NA,NA,NA
2165,1.5978106,NA,NA,NA,NA,NA,NA,NA
2165.5,1.6463004,NA,NA,NA,NA,NA,NA,NA
2166,1.7145122,NA,NA,NA,NA,NA,NA,NA
2166.5,1.7585124,NA,NA,NA,NA,NA,NA,NA
2167,1.8024216,NA,NA,NA,NA,NA,NA,NA
2167.5,1.8399507,NA,NA,NA,NA,NA,NA,NA
2168,1.8647196,NA,NA,NA,NA,NA,NA,NA
2168.5,1.9204075,NA,NA,NA,NA,NA,NA,NA
2169,1.920074,NA,NA,NA,NA,NA,NA,NA
2169.5,1.9241757,NA,NA,NA,NA,NA,NA,NA
2170,1.9266597,NA,NA,NA,NA,NA,NA,NA
2170.5,1.9181103,NA,NA,NA,NA,NA,NA,NA
2171,1.9133962,NA,NA,NA,NA,NA,NA,NA
2171.5,1.8732552,NA,NA,NA,NA,NA,NA,NA
2172,1.8338595,NA,NA,NA,NA,NA,NA,NA
2172.5,1.8100596,NA,NA,NA,NA,NA,NA,NA
2173,1.7577582,NA,NA,NA,NA,NA,NA,NA
2173.5,1.7042209,NA,NA,NA,NA,NA,NA,NA
2174,1.6513124,NA,NA,NA,NA,NA,NA,NA
2174.5,1.6129946,NA,NA,NA,NA,NA,NA,NA
2175,1.5783758,NA,NA,NA,NA,NA,NA,NA
2175.5,1.5245803,NA,NA,NA,NA,NA,NA,NA
2176,1.4568558,NA,NA,NA,NA,NA,NA,NA
2176.5,1.4094131,NA,NA,NA,NA,NA,NA,NA
2177,1.3715006,NA,NA,NA,NA,NA,NA,NA
2177.5,1.3344534,NA,NA,NA,NA,NA,NA,NA
2178,1.3120568,NA,NA,NA,NA,NA,NA,NA
2178.5,1.2864482,NA,NA,NA,NA,NA,NA,NA
2179,1.2542288,NA,NA,NA,NA,NA,NA,NA
2179.5,1.2411878,NA,NA,NA,NA,NA,NA,NA
2180,1.2340816,NA,NA,NA,NA,NA,NA,NA
2180.5,1.2143697,NA,NA,NA,NA,NA,NA,NA
2181,1.2022485,NA,NA,NA,NA,NA,NA,NA
2181.5,1.1987632,NA,NA,NA,NA,NA,NA,NA
2182,1.1873145,NA,NA,NA,NA,NA,NA,NA
2182.5,1.1811172,NA,NA,NA,NA,NA,NA,NA
2183,1.1769357,NA,NA,NA,NA,NA,NA,NA
2183.5,1.1885717,NA,NA,NA,NA,NA,NA,NA
2184,1.1790316,NA,NA,NA,NA,NA,NA,NA
2184.5,1.191064,NA,NA,NA,NA,NA,NA,NA
2185,1.187824,NA,NA,NA,NA,NA,NA,NA
2185.5,1.1964409,NA,NA,NA,NA,NA,NA,NA
2186,1.1966509,NA,NA,NA,NA,NA,NA,NA
2186.5,1.1973099,NA,NA,NA,NA,NA,NA,NA
2187,1.210182,NA,NA,NA,NA,NA,NA,NA
2187.5,1.2111409,NA,NA,NA,NA,NA,NA,NA
2188,1.2253017,NA,NA,NA,NA,NA,NA,NA
2188.5,1.2169577,NA,NA,NA,NA,NA,NA,NA
2189,1.2005885,NA,NA,NA,NA,NA,NA,NA
2189.5,1.2242123,NA,NA,NA,NA,NA,NA,NA
2190,1.2189165,NA,NA,NA,NA,NA,NA,NA
2190.5,1.2277861,NA,NA,NA,NA,NA,NA,NA
2191,1.2237936,NA,NA,NA,NA,NA,NA,NA
2191.5,1.2314834,NA,NA,NA,NA,NA,NA,NA
2192,1.2257678,NA,NA,NA,NA,NA,NA,NA
2192.5,1.2479174,NA,NA,NA,NA,NA,NA,NA
2193,1.2463297,NA,NA,NA,NA,NA,NA,NA
2193.5,1.2566461,NA,NA,NA,NA,NA,NA,NA
2194,1.2615985,NA,NA,NA,NA,NA,NA,NA
2194.5,1.2568444,NA,NA,NA,NA,NA,NA,NA
2195,1.27353,NA,NA,NA,NA,NA,NA,NA
2195.5,1.2671128,NA,NA,NA,NA,NA,NA,NA
2196,1.2707219,NA,NA,NA,NA,NA,NA,NA
2196.5,1.2841629,NA,NA,NA,NA,NA,NA,NA
2197,1.2777274,NA,NA,NA,NA,NA,NA,NA
2197.5,1.2855336,NA,NA,NA,NA,NA,NA,NA
2198,1.2965044,NA,NA,NA,NA,NA,NA,NA
2198.5,1.3059301,NA,NA,NA,NA,NA,NA,NA
2199,1.3098919,NA,NA,NA,NA,NA,NA,NA
2199.5,1.3226531,NA,NA,NA,NA,NA,NA,NA
2200,1.3296395,NA,NA,NA,NA,NA,NA,NA
2201,1.3439158,NA,NA,NA,NA,NA,NA,NA
2202,1.3479168,NA,NA,NA,NA,NA,NA,NA
2203,1.3609698,NA,NA,NA,NA,NA,NA,NA
2204,1.3835385,NA,NA,NA,NA,NA,NA,NA
2205,1.3758098,NA,NA,NA,NA,NA,NA,NA
2206,1.4106788,NA,NA,NA,NA,NA,NA,NA
2207,1.4239809,NA,NA,NA,NA,NA,NA,NA
2208,1.4295632,NA,NA,NA,NA,NA,NA,NA
2209,1.4486455,NA,NA,NA,NA,NA,NA,NA
2210,1.4699782,NA,NA,NA,NA,NA,NA,NA
2211,1.5013554,NA,NA,NA,NA,NA,NA,NA
2212,1.5000359,NA,NA,NA,NA,NA,NA,NA
2213,1.5192109,NA,NA,NA,NA,NA,NA,NA
2214,1.5240044,NA,NA,NA,NA,NA,NA,NA
2215,1.5535548,NA,NA,NA,NA,NA,NA,NA
2216,1.5819965,NA,NA,NA,NA,NA,NA,NA
2217,1.5783976,NA,NA,NA,NA,NA,NA,NA
2218,1.5951496,NA,NA,NA,NA,NA,NA,NA
2219,1.629557,NA,NA,NA,NA,NA,NA,NA
2220,1.6444295,NA,NA,NA,NA,NA,NA,NA
2221,1.6711843,NA,NA,NA,NA,NA,NA,NA
2222,1.6879,NA,NA,NA,NA,NA,NA,NA
2223,1.7159072,NA,NA,NA,NA,NA,NA,NA
2224,1.7425948,NA,NA,NA,NA,NA,NA,NA
2225,1.7616662,NA,NA,NA,NA,NA,NA,NA
2226,1.798611,NA,NA,NA,NA,NA,NA,NA
2227,1.8011051,NA,NA,NA,NA,NA,NA,NA
2228,1.8221215,NA,NA,NA,NA,NA,NA,NA
2229,1.8513556,NA,NA,NA,NA,NA,NA,NA
2230,1.8660137,NA,NA,NA,NA,NA,NA,NA
2231,1.8851124,NA,NA,NA,NA,NA,NA,NA
2232,1.9050617,NA,NA,NA,NA,NA,NA,NA
2233,1.914234,NA,NA,NA,NA,NA,NA,NA
2234,1.9363337,NA,NA,NA,NA,NA,NA,NA
2235,1.9449388,NA,NA,NA,NA,NA,NA,NA
2236,1.9599259,NA,NA,NA,NA,NA,NA,NA
2237,1.9780721,NA,NA,NA,NA,NA,NA,NA
2238,1.986141,NA,NA,NA,NA,NA,NA,NA
2125.49,NA,0.26861966,NA,0.057015983,0.036403854,NA,0.15894668,NA
2127.49,NA,0.22669259,NA,0.047674827,0.02556655,NA,0.1334519,NA
2129.49,NA,0.18729807,NA,0.041076242,0.016644914,NA,0.091933323,NA
2131.49,NA,0.086372194,NA,0.017468527,0.017903612,NA,0.065339606,NA
2133.49,NA,0.042704476,NA,0.004049357,0.026427082,NA,0.047361047,NA
2135.49,NA,0.021710921,NA,0.004164447,0.014915017,NA,0.028543645,NA
2137.49,NA,0.000312158,NA,-0.009524777,0.006621288,NA,0.023870135,NA
2139.49,NA,-0.002850258,NA,-0.00581802,-0.004146445,NA,0.014465199,NA
2140.49,NA,-0.026209008,NA,-0.001715522,-0.008838514,NA,0.006742013,NA
2140.59,NA,-0.006672857,NA,-0.002329813,-0.007315277,NA,0.009375177,NA
2140.69,NA,-0.005681831,NA,-0.000114398,-0.008384244,NA,0.005170277,NA
2140.79,NA,-0.016168151,NA,-0.005988269,-0.00727062,NA,0.001563188,NA
2140.89,NA,-0.016549575,NA,0.005902773,-0.008544038,NA,0.00010291,NA
2140.99,NA,-0.009708346,NA,0.001629456,-0.007561746,NA,0.000382957,NA
2141.09,NA,-0.017582238,NA,0.006858732,-0.0108346,NA,-1.72E-05,NA
2141.19,NA,-0.007250953,NA,0.001212894,-0.00829372,NA,0.003160674,NA
2141.29,NA,-0.017030105,NA,-0.001352342,-0.007930462,NA,-0.001343813,NA
2141.39,NA,-0.015286131,NA,-0.002179833,-0.008879455,NA,-0.000913292,NA
2141.49,NA,-0.015643203,NA,-0.002744686,-0.011060127,NA,-0.001180671,NA
2141.59,NA,-0.025120398,NA,-0.007196598,-0.007505509,NA,-0.004650903,NA
2141.69,NA,-0.00888631,NA,-0.009067848,-0.006852965,NA,-0.000173919,NA
2141.79,NA,-0.022587027,NA,-0.007867765,-0.009616111,NA,-0.002711348,NA
2141.89,NA,-0.016639011,NA,-0.009337332,-0.009867981,NA,-0.001633992,NA
2141.99,NA,-0.020742317,NA,-0.011497176,-0.007188671,NA,-0.000295178,NA
2142.09,NA,-0.017442769,NA,-0.013325168,-0.004851178,NA,0.000745411,NA
2142.19,NA,-0.010405754,NA,-0.008251003,-0.005132864,NA,-0.002892998,NA
2142.29,NA,-0.020109904,NA,-0.01248477,-0.006933384,NA,0.000788038,NA
2142.39,NA,-0.009397761,NA,-0.009335596,-0.004795373,NA,-0.003920031,NA
2142.49,NA,-0.011780878,NA,-0.007230798,-0.005669117,NA,-0.002924381,NA
2142.59,NA,-0.012944472,NA,-0.010062999,-0.005419798,NA,-0.00168838,NA
2142.69,NA,-0.009542648,NA,-0.006935454,-0.005612746,NA,-0.0064979,NA
2142.79,NA,-0.007558081,NA,-0.008022494,-0.006159936,NA,-0.007073717,NA
2142.89,NA,0.000828007,NA,-0.006921287,-0.006993215,NA,-0.002163695,NA
2142.99,NA,0.005227269,NA,-0.008945177,-0.006420181,NA,-0.007312974,NA
2143.09,NA,0.004833182,NA,-0.006404708,-0.004815306,NA,-0.005701809,NA
2143.19,NA,4.51E-05,NA,-0.0114301,-0.005608476,NA,-0.00661398,NA
2143.29,NA,-0.007495652,NA,-0.006170542,-0.005184521,NA,-0.00487549,NA
2143.39,NA,-0.003941875,NA,-0.007371291,-0.002332705,NA,-0.005844855,NA
2143.49,NA,-0.00685975,NA,-0.012457862,-0.0064546,NA,-0.008247469,NA
2143.59,NA,-0.001547795,NA,-0.010518682,-0.005485796,NA,-0.006947466,NA
2143.69,NA,-0.006877443,NA,-0.008161133,-0.003983147,NA,-0.006441367,NA
2143.79,NA,-0.011304137,NA,-0.005701618,-0.003987262,NA,-0.0051543,NA
2143.89,NA,-0.008102969,NA,-0.011505658,-0.003703512,NA,-0.00522899,NA
2143.99,NA,-0.008297373,NA,-0.010430406,-0.00626824,NA,-0.006045838,NA
2144.09,NA,-0.012620817,NA,-0.002437547,-0.006062935,NA,-0.001142625,NA
2144.19,NA,-0.010960612,NA,-0.007570467,-0.003499693,NA,-0.00297194,NA
2144.29,NA,-0.011662502,NA,-0.011157832,-0.00542622,NA,-0.004519371,NA
2144.39,NA,-0.009415913,NA,-0.004125306,-0.002262757,NA,-0.001918208,NA
2144.49,NA,-0.014324766,NA,-0.005563974,-0.001502309,NA,-0.006205494,NA
2144.59,NA,-0.008353372,NA,-0.007155282,-0.000955186,NA,-0.003902557,NA
2144.69,NA,-0.016728905,NA,-0.002757181,-0.001911279,NA,-0.007176696,NA
2144.79,NA,-0.011708194,NA,-0.002072489,0.00103105,NA,-0.003365612,NA
2144.89,NA,-0.006212141,NA,-0.004964633,0.004135236,NA,-0.001540651,NA
2144.99,NA,-0.005345794,NA,-0.001717201,0.000122665,NA,-0.002045657,NA
2145.09,NA,-0.011473197,NA,-0.001018295,0.00244667,NA,-0.003105578,NA
2145.19,NA,-0.013195901,NA,-0.002716513,0.00373067,NA,-0.004831399,NA
2145.29,NA,-0.001950948,NA,0.000432662,0.001992977,NA,-0.004349812,NA
2145.39,NA,-0.001367078,NA,0.002875491,0.005557889,NA,-0.004591998,NA
2145.49,NA,-0.00127998,NA,0.00311586,0.005280462,NA,-0.002052115,NA
2145.59,NA,0.001969891,NA,0.007473793,0.007453968,NA,0.002644792,NA
2145.69,NA,0.006850338,NA,0.009108312,0.008093378,NA,-0.003751175,NA
2145.79,NA,0.007132249,NA,0.007381667,0.005470083,NA,0.003278422,NA
2145.89,NA,0.017070988,NA,0.006187099,0.005768385,NA,0.003883248,NA
2145.99,NA,0.013204378,NA,0.011957721,0.006365556,NA,0.002798815,NA
2146.09,NA,0.022547967,NA,0.010879332,0.009075392,NA,0.003033924,NA
2146.19,NA,0.018583951,NA,0.014108843,0.010198955,NA,0.00106503,NA
2146.29,NA,0.027007054,NA,0.017117738,0.008810178,NA,0.006306639,NA
2146.39,NA,0.030695252,NA,0.020503596,0.010947834,NA,0.005800272,NA
2146.49,NA,0.032591179,NA,0.014291075,0.010096807,NA,0.006234198,NA
2146.59,NA,0.032341253,NA,0.020069113,0.013302154,NA,0.010607007,NA
2146.69,NA,0.042870273,NA,0.020866895,0.014339463,NA,0.013569716,NA
2146.79,NA,0.036990282,NA,0.019090194,0.017102897,NA,0.00897263,NA
2146.89,NA,0.035861754,NA,0.020717916,0.017695808,NA,0.014991803,NA
2146.99,NA,0.053066979,NA,0.023118105,0.015991835,NA,0.016414364,NA
2147.09,NA,0.039754912,NA,0.025640036,0.02010621,NA,0.017082513,NA
2147.19,NA,0.051327149,NA,0.027130566,0.024547495,NA,0.019932877,NA
2147.29,NA,0.063275374,NA,0.033129839,0.023747581,NA,0.010327929,NA
2147.39,NA,0.076484032,NA,0.033849138,0.025687884,NA,0.021066271,NA
2147.49,NA,0.067741279,NA,0.039561671,0.027043584,NA,0.020190187,NA
2147.59,NA,0.084841306,NA,0.042167646,0.030641152,NA,0.026820789,NA
2147.69,NA,0.08585571,NA,0.045928615,0.033344244,NA,0.029473698,NA
2147.79,NA,0.098080567,NA,0.043922028,0.036944651,NA,0.027055424,NA
2147.89,NA,0.091271323,NA,0.050235232,0.037510941,NA,0.034878244,NA
2147.99,NA,0.091466542,NA,0.05016476,0.038868061,NA,0.03470006,NA
2148.09,NA,0.096104448,NA,0.059808228,0.047016093,NA,0.037470081,NA
2148.19,NA,0.1021226,NA,0.059272421,0.046958025,NA,0.03761191,NA
2148.29,NA,0.095611415,NA,0.070192625,0.048894779,NA,0.044763384,NA
2148.39,NA,0.10300201,NA,0.072750397,0.051796999,NA,0.050189512,NA
2148.49,NA,0.10022343,NA,0.076564512,0.056953154,NA,0.053005832,NA
2148.59,NA,0.1001878,NA,0.084095744,0.062904397,NA,0.059523408,NA
2148.69,NA,0.099932026,NA,0.082920333,0.066764983,NA,0.066214609,NA
2148.79,NA,0.11556901,NA,0.096831534,0.073209608,NA,0.07684333,NA
2148.89,NA,0.11736656,NA,0.10668573,0.080445773,NA,0.077943155,NA
2148.99,NA,0.13295582,NA,0.11228456,0.084831685,NA,0.088868058,NA
2149.09,NA,0.13771256,NA,0.12167589,0.092298568,NA,0.097014977,NA
2149.19,NA,0.15388529,NA,0.13536091,0.10076286,NA,0.1104319,NA
2149.29,NA,0.16603514,NA,0.1493197,0.10912067,NA,0.12748471,NA
2149.39,NA,0.20278975,NA,0.17073002,0.11946265,NA,0.13537289,NA
2149.49,NA,0.21477401,NA,0.18696171,0.1307843,NA,0.15352873,NA
2149.59,NA,0.24654143,NA,0.20161757,0.1413499,NA,0.17463957,NA
2149.69,NA,0.26807148,NA,0.2287009,0.15464152,NA,0.19907311,NA
2149.79,NA,0.31613492,NA,0.25666793,0.17117738,NA,0.22119166,NA
2149.89,NA,0.35219794,NA,0.27945016,0.18974712,NA,0.2581057,NA
2149.99,NA,0.40791749,NA,0.33336594,0.20980054,NA,0.29510144,NA
2150.09,NA,0.45226003,NA,0.39001934,0.23529891,NA,0.34467301,NA
2150.19,NA,0.49815131,NA,0.46582996,0.26607539,NA,0.39746514,NA
2150.29,NA,0.56022173,NA,0.54215967,0.30422419,NA,0.45551365,NA
2150.39,NA,0.655079,NA,0.6526263,0.34586571,NA,0.52178718,NA
2150.49,NA,0.76345622,NA,0.79481356,0.40714663,NA,0.5920847,NA
2150.59,NA,0.90237022,NA,0.94018956,0.47393639,NA,0.67749772,NA
2150.69,NA,1.099007,NA,1.1368451,0.55538205,NA,0.77200047,NA
2150.79,NA,1.3625617,NA,1.3400573,0.65725156,NA,0.88487333,NA
2150.89,NA,1.6346004,NA,1.5764239,0.77314872,NA,1.0111595,NA
2150.99,NA,1.9601832,NA,1.8026372,0.89273381,NA,1.174928,NA
2151.09,NA,2.3247382,NA,2.0852035,1.0135754,NA,1.359511,NA
2151.19,NA,2.7341486,NA,2.3736282,1.1359007,NA,1.5883103,NA
2151.29,NA,3.1704917,NA,2.7516593,1.2824514,NA,1.8768226,NA
2151.39,NA,3.6757594,NA,3.1783249,1.4463059,NA,2.2048258,NA
2151.49,NA,4.2853683,NA,3.6931199,1.653113,NA,2.596144,NA
2151.59,NA,5.1530154,NA,4.305079,1.9197115,NA,3.0358999,NA
2151.69,NA,6.1593686,NA,4.9395324,2.2807126,NA,3.5057097,NA
2151.79,NA,7.1511401,NA,5.5534196,2.7218509,NA,3.9952923,NA
2151.89,NA,8.2017253,NA,6.0956465,3.2488836,NA,4.4516207,NA
2151.99,NA,9.0429754,NA,6.5558743,3.8573384,NA,4.8463773,NA
2152.09,NA,9.6671952,NA,6.825766,4.4811626,NA,5.1802429,NA
2152.19,NA,9.9250711,NA,7.0385569,5.1130442,NA,5.4335947,NA
2152.29,NA,10.086223,NA,7.1815166,5.7008764,NA,5.616564,NA
2152.39,NA,9.9645077,NA,7.2486508,6.1986932,NA,5.7207488,NA
2152.49,NA,9.7369123,NA,7.2821673,6.5838132,NA,5.7383191,NA
2152.59,NA,9.4013909,NA,7.3178466,6.8480016,NA,5.7248958,NA
2152.69,NA,8.9916463,NA,7.2385827,6.9790125,NA,5.6316939,NA
2152.79,NA,8.548842,NA,7.1333021,7.0583782,NA,5.5413041,NA
2152.89,NA,8.1375584,NA,6.90764,7.0115234,NA,5.391065,NA
2152.99,NA,7.588377,NA,6.6662196,6.9067408,NA,5.2202158,NA
2153.09,NA,7.1801909,NA,6.3880915,6.6682483,NA,5.0096645,NA
2153.19,NA,6.7225127,NA,6.0444581,6.3913146,NA,4.7960084,NA
2153.29,NA,6.3194599,NA,5.7001326,6.0493895,NA,4.5325937,NA
2153.39,NA,5.9298782,NA,5.3024882,5.6729278,NA,4.2678581,NA
2153.49,NA,5.6272996,NA,4.9173887,5.2555047,NA,4.0179929,NA
2153.59,NA,5.3578585,NA,4.5839519,4.8380462,NA,3.7787153,NA
2153.69,NA,5.0972327,NA,4.2079676,4.4155474,NA,3.529599,NA
2153.79,NA,4.9292594,NA,3.8682459,4.0036616,NA,3.3137301,NA
2153.89,NA,4.7458181,NA,3.5694095,3.6124339,NA,3.1146788,NA
2153.99,NA,4.6201385,NA,3.2720253,3.2483954,NA,2.9213129,NA
2154.09,NA,4.5508277,NA,3.0239802,2.921829,NA,2.750382,NA
2154.19,NA,4.4874003,NA,2.8111288,2.6576984,NA,2.6040852,NA
2154.29,NA,4.4611916,NA,2.6435439,2.4280833,NA,2.4829333,NA
2154.39,NA,4.4769747,NA,2.4760147,2.2297215,NA,2.3807574,NA
2154.49,NA,4.4772995,NA,2.3503039,2.0579738,NA,2.2910757,NA
2154.59,NA,4.5054434,NA,2.2467783,1.9321426,NA,2.2189062,NA
2154.69,NA,4.4931054,NA,2.1430117,1.808718,NA,2.1742714,NA
2154.79,NA,4.5268112,NA,2.0576916,1.71578,NA,2.1394208,NA
2154.89,NA,4.5274379,NA,2.0020467,1.6376506,NA,2.1091526,NA
2154.99,NA,4.5065769,NA,1.9500046,1.5716747,NA,2.0944084,NA
2155.09,NA,4.4992456,NA,1.9070961,1.5235705,NA,2.0692399,NA
2155.19,NA,4.431581,NA,1.8712264,1.4865834,NA,2.0764268,NA
2155.29,NA,4.3543998,NA,1.8388915,1.4626797,NA,2.0818842,NA
2155.39,NA,4.2402044,NA,1.8216104,1.4396599,NA,2.0758689,NA
2155.49,NA,4.1691598,NA,1.7945777,1.4192348,NA,2.084043,NA
2155.59,NA,4.0375774,NA,1.7853921,1.4057206,NA,2.1004422,NA
2155.69,NA,3.9068619,NA,1.7674498,1.3967,NA,2.1002347,NA
2155.79,NA,3.7960172,NA,1.7610822,1.3849002,NA,2.1256487,NA
2155.89,NA,3.6381352,NA,1.7595904,1.3919908,NA,2.1129812,NA
2155.99,NA,3.512553,NA,1.7515666,1.3876449,NA,2.110983,NA
2156.09,NA,3.4093547,NA,1.731449,1.3827382,NA,2.1085082,NA
2156.19,NA,3.2731162,NA,1.7338999,1.3883984,NA,2.0990408,NA
2156.29,NA,3.1170265,NA,1.7279154,1.3972815,NA,2.0806403,NA
2156.39,NA,2.9803692,NA,1.7337157,1.4004997,NA,2.0809503,NA
2156.49,NA,2.834361,NA,1.7222065,1.4146361,NA,2.0524523,NA
2156.59,NA,2.6719009,NA,1.7207456,1.4219361,NA,2.0342969,NA
2156.69,NA,2.5538677,NA,1.7192538,1.4323562,NA,2.018899,NA
2156.79,NA,2.4387469,NA,1.7207653,1.4348715,NA,1.9907483,NA
2156.89,NA,2.3129309,NA,1.7145522,1.4517339,NA,1.9682897,NA
2156.99,NA,2.1640005,NA,1.7054222,1.4558572,NA,1.9307837,NA
2157.09,NA,2.1073817,NA,1.7132865,1.4607365,NA,1.914705,NA
2157.19,NA,2.0255348,NA,1.7072402,1.4753201,NA,1.8757828,NA
2157.29,NA,1.9479056,NA,1.6847682,1.4716203,NA,1.8408914,NA
2157.39,NA,1.8665067,NA,1.6797724,1.4790552,NA,1.812693,NA
2157.49,NA,1.8064495,NA,1.6640919,1.4934862,NA,1.791957,NA
2157.59,NA,1.7550225,NA,1.6655664,1.490695,NA,1.7659647,NA
2157.69,NA,1.6870462,NA,1.6449606,1.4955282,NA,1.7238764,NA
2157.79,NA,1.6281481,NA,1.6238358,1.4947354,NA,1.7116514,NA
2157.89,NA,1.5833155,NA,1.616535,1.4866945,NA,1.6784962,NA
2157.99,NA,1.5417265,NA,1.6024736,1.4876764,NA,1.6590812,NA
2158.09,NA,1.4843966,NA,1.5899818,1.4848,NA,1.6369426,NA
2158.19,NA,1.4471714,NA,1.5816985,1.4796555,NA,1.6119784,NA
2158.29,NA,1.4221511,NA,1.5666915,1.4857381,NA,1.5861767,NA
2158.39,NA,1.4078163,NA,1.5282078,1.4779811,NA,1.5755246,NA
2158.49,NA,1.361883,NA,1.5115138,1.466018,NA,1.5402247,NA
2158.59,NA,1.3723574,NA,1.4842215,1.4720438,NA,1.5167243,NA
2158.69,NA,1.3502594,NA,1.4598276,1.4687699,NA,1.5067667,NA
2158.79,NA,1.3546265,NA,1.4432263,1.4614637,NA,1.4833685,NA
2158.89,NA,1.3619352,NA,1.4275705,1.462073,NA,1.4647977,NA
2158.99,NA,1.3737247,NA,1.4025339,1.4612092,NA,1.4436941,NA
2159.09,NA,1.3921085,NA,1.3855989,1.4526962,NA,1.4348123,NA
2159.19,NA,1.3958328,NA,1.3636583,1.4578736,NA,1.4179097,NA
2159.29,NA,1.4178693,NA,1.3567406,1.4582167,NA,1.4066175,NA
2159.39,NA,1.4120283,NA,1.3416905,1.4636461,NA,1.407336,NA
2159.49,NA,1.453322,NA,1.326597,1.4640886,NA,1.3878393,NA
2159.59,NA,1.4587996,NA,1.3270889,1.4554726,NA,1.3792434,NA
2159.69,NA,1.4888234,NA,1.3169887,1.4509528,NA,1.3646966,NA
2159.79,NA,1.5089216,NA,1.3190812,1.4510332,NA,1.3602677,NA
2159.89,NA,1.5156362,NA,1.3046737,1.4397977,NA,1.3493568,NA
2159.99,NA,1.5672452,NA,1.297892,1.4305997,NA,1.3444037,NA
2160.09,NA,1.5718753,NA,1.3125973,1.4282096,NA,1.329605,NA
2160.19,NA,1.5981393,NA,1.2969909,1.4302031,NA,1.3248492,NA
2160.29,NA,1.6026233,NA,1.3092429,1.4125857,NA,1.3165734,NA
2160.39,NA,1.6095425,NA,1.3133561,1.4023299,NA,1.3136152,NA
2160.49,NA,1.6252866,NA,1.3125193,1.3995316,NA,1.2914017,NA
2160.99,NA,1.7482296,NA,1.3588364,1.3660037,NA,1.2643821,NA
2161.49,NA,1.9102909,NA,1.4033243,1.3412253,NA,1.2383837,NA
2161.99,NA,2.1178894,NA,1.4752317,1.3143208,NA,1.228461,NA
2162.49,NA,2.3185623,NA,1.5348908,1.3152515,NA,1.26366,NA
2162.99,NA,2.3632396,NA,1.5809422,1.3626771,NA,1.3147712,NA
2163.49,NA,2.256889,NA,1.6254547,1.4498289,NA,1.4081037,NA
2163.99,NA,2.1222418,NA,1.6525281,1.5345918,NA,1.5379448,NA
2164.49,NA,2.0773056,NA,1.6920722,1.5922861,NA,1.6858838,NA
2164.99,NA,2.1189536,NA,1.7141893,1.6059489,NA,1.8509672,NA
2165.49,NA,2.1588969,NA,1.7555626,1.6151251,NA,1.9676334,NA
2165.99,NA,2.1821157,NA,1.780541,1.6206098,NA,2.0686938,NA
2166.49,NA,2.2120068,NA,1.8227239,1.63527,NA,2.1159921,NA
2166.99,NA,2.2532456,NA,1.8538388,1.6773288,NA,2.1331002,NA
2167.49,NA,2.3175113,NA,1.8752329,1.7180743,NA,2.1260031,NA
2167.99,NA,2.3938844,NA,1.8884018,1.7496691,NA,2.1056492,NA
2168.49,NA,2.4860666,NA,1.9001,1.7798655,NA,2.0604978,NA
2168.99,NA,2.5113796,NA,1.9030229,1.8034882,NA,2.0020284,NA
2169.49,NA,2.5280722,NA,1.8980975,1.8185814,NA,1.9500341,NA
2169.99,NA,2.4769117,NA,1.8849592,1.8237005,NA,1.8878335,NA
2170.49,NA,2.3910552,NA,1.856452,1.8226115,NA,1.8443366,NA
2170.99,NA,2.3063969,NA,1.8565878,1.8078889,NA,1.81347,NA
2171.49,NA,2.2214755,NA,1.8120626,1.7870327,NA,1.7832775,NA
2171.99,NA,2.1441323,NA,1.7823256,1.7451848,NA,1.728192,NA
2172.49,NA,2.0690295,NA,1.7476509,1.6869736,NA,1.6648271,NA
2172.99,NA,2.0091999,NA,1.6957224,1.6299906,NA,1.6025447,NA
2173.49,NA,1.9374673,NA,1.6592927,1.5731318,NA,1.5445451,NA
2173.99,NA,1.8498868,NA,1.6060664,1.5071188,NA,1.477449,NA
2174.49,NA,1.7845343,NA,1.5550834,1.4316358,NA,1.4128925,NA
2174.99,NA,1.6987557,NA,1.5216447,1.3854006,NA,1.3518834,NA
2175.49,NA,1.6244126,NA,1.4640246,1.3291275,NA,1.291528,NA
2175.99,NA,1.5239063,NA,1.41835,1.2694185,NA,1.2558544,NA
2176.49,NA,1.4838014,NA,1.3905658,1.235816,NA,1.2003604,NA
2176.99,NA,1.3925097,NA,1.32718,1.1960303,NA,1.1609419,NA
2177.49,NA,1.3432097,NA,1.3057732,1.1493835,NA,1.1320907,NA
2177.99,NA,1.2728213,NA,1.267848,1.1238774,NA,1.0949124,NA
2178.49,NA,1.2367393,NA,1.2359295,1.0923976,NA,1.075362,NA
2178.99,NA,1.1941603,NA,1.206761,1.0692804,NA,1.0594815,NA
2179.49,NA,1.1583511,NA,1.1773391,1.0487366,NA,1.0434377,NA
2179.99,NA,1.127003,NA,1.1591335,1.0244729,NA,1.0338485,NA
2180.49,NA,1.0768653,NA,1.1388391,1.0058991,NA,1.0288076,NA
2180.99,NA,1.060245,NA,1.1116666,0.99258914,NA,1.0156984,NA
2181.49,NA,1.032423,NA,1.1025885,0.98220756,NA,1.0122507,NA
2181.99,NA,0.99463642,NA,1.094567,0.97699405,NA,1.0037919,NA
2182.49,NA,0.97176266,NA,1.0759721,0.96219689,NA,1.0079156,NA
2182.99,NA,0.95575602,NA,1.0683029,0.95626284,NA,0.98769114,NA
2183.49,NA,0.94002213,NA,1.0577663,0.94855403,NA,0.99070506,NA
2183.99,NA,0.93378531,NA,1.0504679,0.95138371,NA,0.98828557,NA
2184.49,NA,0.92981805,NA,1.0457341,0.94735219,NA,0.98854874,NA
2184.99,NA,0.92700993,NA,1.0463519,0.94255753,NA,0.98007623,NA
2185.49,NA,0.92864352,NA,1.0482923,0.95073276,NA,0.97441576,NA
2185.99,NA,0.92373142,NA,1.0384602,0.93800496,NA,0.98559341,NA
2186.49,NA,0.91884855,NA,1.0389359,0.93994016,NA,0.97258626,NA
2186.99,NA,0.90297828,NA,1.0309577,0.93390673,NA,0.97233196,NA
2187.49,NA,0.91170302,NA,1.0244565,0.93562896,NA,0.96618125,NA
2187.99,NA,0.89419634,NA,1.0315508,0.93644606,NA,0.96206637,NA
2188.49,NA,0.88438472,NA,1.0356787,0.93387694,NA,0.95941538,NA
2188.99,NA,0.87532313,NA,1.0225034,0.93706157,NA,0.96238164,NA
2189.49,NA,0.87227149,NA,1.0252656,0.93971732,NA,0.95630583,NA
2189.99,NA,0.87550254,NA,1.026452,0.93726888,NA,0.9473499,NA
2190.49,NA,0.85554122,NA,1.0315872,0.93746483,NA,0.93286524,NA
2190.99,NA,0.8502882,NA,1.0256484,0.93548137,NA,0.93124238,NA
2191.49,NA,0.8534608,NA,1.0278853,0.94067502,NA,0.9253504,NA
2191.99,NA,0.84635708,NA,1.0298504,0.93906427,NA,0.92225003,NA
2192.49,NA,0.83839617,NA,1.0329278,0.93609405,NA,0.91966713,NA
2192.99,NA,0.85054961,NA,1.0304187,0.94173494,NA,0.91982817,NA
2193.49,NA,0.84377706,NA,1.0226197,0.93204196,NA,0.90099269,NA
2193.99,NA,0.8462873,NA,1.0312404,0.93993678,NA,0.90718632,NA
2194.49,NA,0.835375,NA,1.0232251,0.93389979,NA,0.9045898,NA
2194.99,NA,0.83978465,NA,1.020302,0.93505765,NA,0.89278099,NA
2195.49,NA,0.84196371,NA,1.019962,0.93577892,NA,0.89812351,NA
2195.99,NA,0.84398693,NA,1.0224894,0.93962021,NA,0.89667087,NA
2196.49,NA,0.84838684,NA,1.0147584,0.93364001,NA,0.89453054,NA
2196.99,NA,0.83666607,NA,1.0128673,0.94093496,NA,0.89170252,NA
2197.49,NA,0.83455927,NA,1.028539,0.93743232,NA,0.90319337,NA
2197.99,NA,0.84442366,NA,1.0237866,0.94023006,NA,0.89096923,NA
2198.49,NA,0.83277107,NA,1.0287056,0.93882872,NA,0.89019746,NA
2198.99,NA,0.82053405,NA,1.0190589,0.94439152,NA,0.89122322,NA
2199.49,NA,0.81550507,NA,1.0266166,0.94503115,NA,0.88895352,NA
2199.99,NA,0.80394014,NA,1.0278524,0.94193315,NA,0.88918264,NA
2200.49,NA,0.78977448,NA,1.0269439,0.95278826,NA,0.88763468,NA
2201.49,NA,0.78282377,NA,1.0384565,0.9581743,NA,0.87552391,NA
2202.49,NA,0.74274528,NA,1.0489928,0.96778425,NA,0.86600048,NA
2203.49,NA,0.72639489,NA,1.0493571,0.97156236,NA,0.8528752,NA
2204.49,NA,0.70098575,NA,1.0532934,0.97679223,NA,0.85585271,NA
2205.49,NA,0.6937623,NA,1.0579094,0.9790547,NA,0.85514666,NA
2206.49,NA,0.66776872,NA,1.0647254,0.98126394,NA,0.84884378,NA
2207.49,NA,0.65209043,NA,1.0764173,0.98281296,NA,0.83722325,NA
2208.49,NA,0.64652288,NA,1.0814597,0.97752209,NA,0.82131318,NA
2209.49,NA,0.64643929,NA,1.0858656,0.96064209,NA,0.82022583,NA
2210.49,NA,0.63127725,NA,1.0937137,0.95968872,NA,0.81676222,NA
2211.49,NA,0.64782086,NA,1.0993617,0.96435776,NA,0.81711834,NA
2212.49,NA,0.64050001,NA,1.1100586,0.97882343,NA,0.82629184,NA
2213.49,NA,0.66537183,NA,1.1245314,0.98621494,NA,0.82354996,NA
2214.49,NA,0.67343138,NA,1.1215587,0.99128863,NA,0.82357245,NA
2215.49,NA,0.69154322,NA,1.141896,1.0019066,NA,0.83745763,NA
2216.49,NA,0.749348,NA,1.1544283,0.99863543,NA,0.84341057,NA
2217.49,NA,0.73549121,NA,1.1594954,1.0072551,NA,0.85069123,NA
2218.49,NA,0.78831854,NA,1.1797091,1.0144052,NA,0.86104264,NA
2219.49,NA,0.81463197,NA,1.191747,1.0199758,NA,0.882969,NA
2220.49,NA,0.81422694,NA,1.1964372,1.0261712,NA,0.89816146,NA
2221.49,NA,0.83333233,NA,1.2011089,1.027777,NA,0.91063041,NA
2222.49,NA,0.83150517,NA,1.2080423,1.0443546,NA,0.92446793,NA
2223.49,NA,0.83768479,NA,1.2181336,1.0501133,NA,0.94300351,NA
2224.49,NA,0.82453905,NA,1.2298811,1.0475236,NA,0.96225401,NA
2225.49,NA,0.8039028,NA,1.2379578,1.0562711,NA,0.98224667,NA
2226.49,NA,0.79022133,NA,1.24478,1.062076,NA,1.0008095,NA
2227.49,NA,0.7786341,NA,1.2531842,1.0766126,NA,1.0102417,NA
2228.49,NA,0.77665109,NA,1.2606862,1.0909008,NA,1.0160585,NA
2229.49,NA,0.78754515,NA,1.2679039,1.0920594,NA,1.0372563,NA
2230.49,NA,0.76777581,NA,1.2859547,1.1005938,NA,1.0337791,NA
2231.49,NA,0.78865399,NA,1.2854786,1.1131463,NA,1.0321062,NA
2232.49,NA,0.8338934,NA,1.3018485,1.1239383,NA,1.0228483,NA
2233.49,NA,0.81504942,NA,1.3098943,1.1326715,NA,1.0227414,NA
2234.49,NA,0.80625773,NA,1.3110188,1.142214,NA,1.0247861,NA
2235.49,NA,0.8012941,NA,1.3322583,1.1500528,NA,1.027573,NA
2236.49,NA,0.80226249,NA,1.3326968,1.159219,NA,1.0166673,NA
2237.49,NA,0.80459457,NA,1.3328758,1.1674198,NA,1.0147357,NA
2238.49,NA,0.78782534,NA,1.3335492,1.1758513,NA,1.008855,NA
2108.1,NA,NA,0.17609087,NA,NA,NA,NA,NA
2110.1,NA,NA,0.14883408,NA,NA,NA,NA,NA
2112.1,NA,NA,0.12942365,NA,NA,NA,NA,NA
2114.1,NA,NA,0.11659814,NA,NA,NA,NA,NA
2116.1,NA,NA,0.090673685,NA,NA,NA,NA,NA
2118.1,NA,NA,0.062170897,NA,NA,NA,NA,NA
2120.1,NA,NA,0.041348524,NA,NA,NA,NA,NA
2122.1,NA,NA,0.039095665,NA,NA,NA,NA,NA
2124.1,NA,NA,0.032742502,NA,NA,NA,NA,NA
2126.1,NA,NA,0.019443212,NA,NA,NA,NA,NA
2128.1,NA,NA,-0.003617656,NA,NA,NA,NA,NA
2130.1,NA,NA,-0.007510348,NA,NA,NA,NA,NA
2132.1,NA,NA,-0.006034534,NA,NA,NA,NA,NA
2134.1,NA,NA,-0.000533895,NA,NA,NA,NA,NA
2136.1,NA,NA,0.000371318,NA,NA,NA,NA,NA
2138.1,NA,NA,-0.005847046,NA,NA,NA,NA,NA
2140.1,NA,NA,0.000785861,NA,NA,NA,NA,-0.020988802
2140.3,NA,NA,-0.006644538,NA,NA,NA,NA,-0.017611003
2140.5,NA,NA,-0.004181821,NA,NA,NA,NA,-0.012750528
2140.7,NA,NA,-0.008721209,NA,NA,NA,NA,0.009242332
2140.9,NA,NA,-0.004185601,NA,NA,NA,NA,0.016918612
2141.1,NA,NA,-0.001407107,NA,NA,NA,NA,0.03566237
2141.3,NA,NA,0.004008956,NA,NA,NA,NA,0.046110919
2141.5,NA,NA,0.002434117,NA,NA,NA,NA,0.061053628
2141.7,NA,NA,-0.001169869,NA,NA,NA,NA,0.065876269
2141.9,NA,NA,0.003978803,NA,NA,NA,NA,0.073091851
2142.1,NA,NA,0.001208063,NA,NA,NA,NA,0.043699377
2142.3,NA,NA,0.000782679,NA,NA,NA,NA,0.005540975
2142.5,NA,NA,-0.005308829,NA,NA,NA,NA,-0.015763825
2142.7,NA,NA,-0.005787448,NA,NA,NA,NA,-0.02521142
2142.9,NA,NA,-0.003896713,NA,NA,NA,NA,-0.045712228
2143.1,NA,NA,-0.002468872,NA,NA,NA,NA,-0.053478373
2143.3,NA,NA,-0.00187471,NA,NA,NA,NA,-0.054447341
2143.5,NA,NA,0.00034711,NA,NA,NA,NA,-0.054736596
2143.7,NA,NA,0.006585318,NA,NA,NA,NA,-0.057575677
2143.9,NA,NA,0.012084019,NA,NA,NA,NA,-0.060238964
2144.1,NA,NA,0.017160742,NA,NA,NA,NA,-0.056941174
2144.3,NA,NA,0.019991068,NA,NA,NA,NA,-0.055696647
2144.5,NA,NA,0.0214766,NA,NA,NA,NA,-0.05453263
2144.7,NA,NA,0.019372097,NA,NA,NA,NA,-0.05032701
2144.9,NA,NA,0.026423474,NA,NA,NA,NA,-0.033446877
2145.1,NA,NA,0.026729509,NA,NA,NA,NA,-0.022635535
2145.3,NA,NA,0.034835984,NA,NA,NA,NA,-0.006748298
2145.5,NA,NA,0.025799528,NA,NA,NA,NA,0.040667313
2145.7,NA,NA,0.030613813,NA,NA,NA,NA,0.064247351
2145.9,NA,NA,0.034872147,NA,NA,NA,NA,0.019573715
2146.1,NA,NA,0.040842923,NA,NA,NA,NA,0.016498294
2146.3,NA,NA,0.046946002,NA,NA,NA,NA,0.012569306
2146.5,NA,NA,0.049894021,NA,NA,NA,NA,0.017282926
2146.7,NA,NA,0.056039914,NA,NA,NA,NA,0.029018743
2146.9,NA,NA,0.069015933,NA,NA,NA,NA,0.037896285
2147.1,NA,NA,0.084100724,NA,NA,NA,NA,0.06653084
2147.3,NA,NA,0.10192908,NA,NA,NA,NA,0.081034792
2147.5,NA,NA,0.11944159,NA,NA,NA,NA,0.068783912
2147.7,NA,NA,0.14195755,NA,NA,NA,NA,0.054394006
2147.9,NA,NA,0.16846853,NA,NA,NA,NA,0.046409812
2148.1,NA,NA,0.1888501,NA,NA,NA,NA,0.048631109
2148.3,NA,NA,0.20705194,NA,NA,NA,NA,0.050533578
2148.5,NA,NA,0.22516281,NA,NA,NA,NA,0.071242142
2148.7,NA,NA,0.24449682,NA,NA,NA,NA,0.075153731
2148.9,NA,NA,0.27177768,NA,NA,NA,NA,0.094835673
2149.1,NA,NA,0.28810907,NA,NA,NA,NA,0.12139229
2149.3,NA,NA,0.30734292,NA,NA,NA,NA,0.14624713
2149.5,NA,NA,0.31659262,NA,NA,NA,NA,0.18578062
2149.7,NA,NA,0.32739008,NA,NA,NA,NA,0.25047334
2149.9,NA,NA,0.34472195,NA,NA,NA,NA,0.33656072
2150.1,NA,NA,0.37897172,NA,NA,NA,NA,0.47958165
2150.3,NA,NA,0.43911291,NA,NA,NA,NA,0.69620865
2150.5,NA,NA,0.5332781,NA,NA,NA,NA,0.95360471
2150.7,NA,NA,0.65627168,NA,NA,NA,NA,1.291697
2150.9,NA,NA,0.83216645,NA,NA,NA,NA,1.6487739
2151.1,NA,NA,1.0810951,NA,NA,NA,NA,2.1609659
2151.3,NA,NA,1.4503269,NA,NA,NA,NA,3.0243303
2151.5,NA,NA,2.0075215,NA,NA,NA,NA,4.2857273
2151.7,NA,NA,2.7732185,NA,NA,NA,NA,5.5885214
2151.9,NA,NA,3.657331,NA,NA,NA,NA,6.5693611
2152.1,NA,NA,4.5929401,NA,NA,NA,NA,6.9877508
2152.3,NA,NA,5.3899287,NA,NA,NA,NA,7.083895
2152.5,NA,NA,5.9558505,NA,NA,NA,NA,6.9165717
2152.7,NA,NA,6.1852136,NA,NA,NA,NA,6.6529093
2152.9,NA,NA,6.1406568,NA,NA,NA,NA,6.2696119
2153.1,NA,NA,5.8150825,NA,NA,NA,NA,5.7713098
2153.3,NA,NA,5.279151,NA,NA,NA,NA,5.2487256
2153.5,NA,NA,4.5896419,NA,NA,NA,NA,4.7404738
2153.7,NA,NA,3.9149356,NA,NA,NA,NA,4.2170418
2153.9,NA,NA,3.3044547,NA,NA,NA,NA,3.7392065
2154.1,NA,NA,2.7529096,NA,NA,NA,NA,3.3307745
2154.3,NA,NA,2.3116849,NA,NA,NA,NA,2.9743426
2154.5,NA,NA,1.9619774,NA,NA,NA,NA,2.6593454
2154.7,NA,NA,1.7243575,NA,NA,NA,NA,2.4002433
2154.9,NA,NA,1.5487979,NA,NA,NA,NA,2.2162767
2155.1,NA,NA,1.4166408,NA,NA,NA,NA,2.0458703
2155.3,NA,NA,1.3357407,NA,NA,NA,NA,1.9098119
2155.5,NA,NA,1.2694832,NA,NA,NA,NA,1.8031005
2155.7,NA,NA,1.2224493,NA,NA,NA,NA,1.7147326
2155.9,NA,NA,1.181493,NA,NA,NA,NA,1.6370898
2156.1,NA,NA,1.1732259,NA,NA,NA,NA,1.5953766
2156.3,NA,NA,1.1647722,NA,NA,NA,NA,1.5340606
2156.5,NA,NA,1.1584253,NA,NA,NA,NA,1.5168474
2156.7,NA,NA,1.1414679,NA,NA,NA,NA,1.4818527
2156.9,NA,NA,1.1325483,NA,NA,NA,NA,1.4573484
2157.1,NA,NA,1.1191615,NA,NA,NA,NA,1.4415861
2157.3,NA,NA,1.1357525,NA,NA,NA,NA,1.4217176
2157.5,NA,NA,1.1410806,NA,NA,NA,NA,1.4051061
2157.7,NA,NA,1.1756279,NA,NA,NA,NA,1.4164684
2157.9,NA,NA,1.1686791,NA,NA,NA,NA,1.4099532
2158.1,NA,NA,1.173499,NA,NA,NA,NA,1.4075646
2158.3,NA,NA,1.1754715,NA,NA,NA,NA,1.4032689
2158.5,NA,NA,1.1818934,NA,NA,NA,NA,1.4018158
2158.7,NA,NA,1.2080774,NA,NA,NA,NA,1.3891522
2158.9,NA,NA,1.222393,NA,NA,NA,NA,1.3891318
2159.1,NA,NA,1.2276874,NA,NA,NA,NA,1.3851918
2159.3,NA,NA,1.2228085,NA,NA,NA,NA,1.3947867
2159.5,NA,NA,1.2223571,NA,NA,NA,NA,1.3966436
2159.7,NA,NA,1.2350312,NA,NA,NA,NA,1.4173789
2159.9,NA,NA,1.2506137,NA,NA,NA,NA,1.421017
2160.1,NA,NA,1.2546379,NA,NA,NA,NA,NA
2160.6,NA,NA,1.2697697,NA,NA,NA,NA,NA
2161.1,NA,NA,1.2687765,NA,NA,NA,NA,NA
2161.6,NA,NA,1.2645286,NA,NA,NA,NA,NA
2162.1,NA,NA,1.2560703,NA,NA,NA,NA,NA
2162.6,NA,NA,1.2667198,NA,NA,NA,NA,NA
2163.1,NA,NA,1.2878414,NA,NA,NA,NA,NA
2163.6,NA,NA,1.3033976,NA,NA,NA,NA,NA
2164.1,NA,NA,1.3253639,NA,NA,NA,NA,NA
2164.6,NA,NA,1.3462103,NA,NA,NA,NA,NA
2165.1,NA,NA,1.3776006,NA,NA,NA,NA,NA
2165.6,NA,NA,1.4117331,NA,NA,NA,NA,NA
2166.1,NA,NA,1.4421995,NA,NA,NA,NA,NA
2166.6,NA,NA,1.4693064,NA,NA,NA,NA,NA
2167.1,NA,NA,1.470352,NA,NA,NA,NA,NA
2167.6,NA,NA,1.4796461,NA,NA,NA,NA,NA
2168.1,NA,NA,1.4982736,NA,NA,NA,NA,NA
2168.6,NA,NA,1.5189753,NA,NA,NA,NA,NA
2169.1,NA,NA,1.5372592,NA,NA,NA,NA,NA
2169.6,NA,NA,1.5341329,NA,NA,NA,NA,NA
2170.1,NA,NA,1.545203,NA,NA,NA,NA,NA
2170.6,NA,NA,1.5229191,NA,NA,NA,NA,NA
2171.1,NA,NA,1.5149066,NA,NA,NA,NA,NA
2171.6,NA,NA,1.4806962,NA,NA,NA,NA,NA
2172.1,NA,NA,1.461206,NA,NA,NA,NA,NA
2172.6,NA,NA,1.4213685,NA,NA,NA,NA,NA
2173.1,NA,NA,1.3867979,NA,NA,NA,NA,NA
2173.6,NA,NA,1.3525489,NA,NA,NA,NA,NA
2174.1,NA,NA,1.3311372,NA,NA,NA,NA,NA
2174.6,NA,NA,1.2855876,NA,NA,NA,NA,NA
2175.1,NA,NA,1.2468971,NA,NA,NA,NA,NA
2175.6,NA,NA,1.19714,NA,NA,NA,NA,NA
2176.1,NA,NA,1.1791376,NA,NA,NA,NA,NA
2176.6,NA,NA,1.1624629,NA,NA,NA,NA,NA
2177.1,NA,NA,1.158729,NA,NA,NA,NA,NA
2177.6,NA,NA,1.1353357,NA,NA,NA,NA,NA
2178.1,NA,NA,1.1132226,NA,NA,NA,NA,NA
2178.6,NA,NA,1.0874639,NA,NA,NA,NA,NA
2179.1,NA,NA,1.0723614,NA,NA,NA,NA,NA
2179.6,NA,NA,1.0693712,NA,NA,NA,NA,NA
2180.1,NA,NA,1.0672418,NA,NA,NA,NA,NA
2180.6,NA,NA,1.0799833,NA,NA,NA,NA,NA
2181.1,NA,NA,1.0786911,NA,NA,NA,NA,NA
2181.6,NA,NA,1.0757121,NA,NA,NA,NA,NA
2182.1,NA,NA,1.0744889,NA,NA,NA,NA,NA
2182.6,NA,NA,1.0632964,NA,NA,NA,NA,NA
2183.1,NA,NA,1.0641866,NA,NA,NA,NA,NA
2183.6,NA,NA,1.0618705,NA,NA,NA,NA,NA
2184.1,NA,NA,1.0769966,NA,NA,NA,NA,NA
2184.6,NA,NA,1.0777561,NA,NA,NA,NA,NA
2185.1,NA,NA,1.0668967,NA,NA,NA,NA,NA
2185.6,NA,NA,1.055433,NA,NA,NA,NA,NA
2186.1,NA,NA,1.0667068,NA,NA,NA,NA,NA
2186.6,NA,NA,1.0601962,NA,NA,NA,NA,NA
2187.1,NA,NA,1.0541865,NA,NA,NA,NA,NA
2187.6,NA,NA,1.0314044,NA,NA,NA,NA,NA
2188.1,NA,NA,1.0431594,NA,NA,NA,NA,NA
2188.6,NA,NA,1.0519559,NA,NA,NA,NA,NA
2189.1,NA,NA,1.0587362,NA,NA,NA,NA,NA
2189.6,NA,NA,1.0494064,NA,NA,NA,NA,NA
2190.1,NA,NA,1.0550502,NA,NA,NA,NA,NA
2190.6,NA,NA,1.059745,NA,NA,NA,NA,NA
2191.1,NA,NA,1.0780009,NA,NA,NA,NA,NA
2191.6,NA,NA,1.0774601,NA,NA,NA,NA,NA
2192.1,NA,NA,1.0797623,NA,NA,NA,NA,NA
2192.6,NA,NA,1.0840215,NA,NA,NA,NA,NA
2193.1,NA,NA,1.0879984,NA,NA,NA,NA,NA
2193.6,NA,NA,1.0932225,NA,NA,NA,NA,NA
2194.1,NA,NA,1.0957959,NA,NA,NA,NA,NA
2194.6,NA,NA,1.1011863,NA,NA,NA,NA,NA
2195.1,NA,NA,1.1036832,NA,NA,NA,NA,NA
2195.6,NA,NA,1.0996129,NA,NA,NA,NA,NA
2196.1,NA,NA,1.1038417,NA,NA,NA,NA,NA
2196.6,NA,NA,1.1006807,NA,NA,NA,NA,NA
2197.1,NA,NA,1.1152231,NA,NA,NA,NA,NA
2197.6,NA,NA,1.1253266,NA,NA,NA,NA,NA
2198.1,NA,NA,1.135382,NA,NA,NA,NA,NA
2198.6,NA,NA,1.1262214,NA,NA,NA,NA,NA
2199.1,NA,NA,1.1275745,NA,NA,NA,NA,NA
2199.6,NA,NA,1.1294751,NA,NA,NA,NA,NA
2200.1,NA,NA,1.1393612,NA,NA,NA,NA,NA
2201.1,NA,NA,1.1426321,NA,NA,NA,NA,NA
2202.1,NA,NA,1.1561612,NA,NA,NA,NA,NA
2203.1,NA,NA,1.1661163,NA,NA,NA,NA,NA
2204.1,NA,NA,1.1915521,NA,NA,NA,NA,NA
2205.1,NA,NA,1.2133264,NA,NA,NA,NA,NA
2206.1,NA,NA,1.2253904,NA,NA,NA,NA,NA
2207.1,NA,NA,1.2399902,NA,NA,NA,NA,NA
2208.1,NA,NA,1.2567975,NA,NA,NA,NA,NA
2209.1,NA,NA,1.2802652,NA,NA,NA,NA,NA
2210.1,NA,NA,1.2929548,NA,NA,NA,NA,NA
2211.1,NA,NA,1.3061305,NA,NA,NA,NA,NA
2212.1,NA,NA,1.3275664,NA,NA,NA,NA,NA
2213.1,NA,NA,1.3403622,NA,NA,NA,NA,NA
2214.1,NA,NA,1.3558213,NA,NA,NA,NA,NA
2215.1,NA,NA,1.3648774,NA,NA,NA,NA,NA
2216.1,NA,NA,1.3891553,NA,NA,NA,NA,NA
2217.1,NA,NA,1.4045764,NA,NA,NA,NA,NA
2218.1,NA,NA,1.4280188,NA,NA,NA,NA,NA
2219.1,NA,NA,1.4355696,NA,NA,NA,NA,NA
2220.1,NA,NA,1.4447121,NA,NA,NA,NA,NA
2221.1,NA,NA,1.4630957,NA,NA,NA,NA,NA
2222.1,NA,NA,1.4759568,NA,NA,NA,NA,NA
2223.1,NA,NA,1.4888919,NA,NA,NA,NA,NA
2224.1,NA,NA,1.5016392,NA,NA,NA,NA,NA
2225.1,NA,NA,1.5186585,NA,NA,NA,NA,NA
2226.1,NA,NA,1.5444922,NA,NA,NA,NA,NA
2227.1,NA,NA,1.5554172,NA,NA,NA,NA,NA
2228.1,NA,NA,1.5651563,NA,NA,NA,NA,NA
2229.1,NA,NA,1.5712484,NA,NA,NA,NA,NA
2230.1,NA,NA,1.5857882,NA,NA,NA,NA,NA
2231.1,NA,NA,1.5973553,NA,NA,NA,NA,NA
2232.1,NA,NA,1.6168712,NA,NA,NA,NA,NA
2233.1,NA,NA,1.6320659,NA,NA,NA,NA,NA
2234.1,NA,NA,1.6590721,NA,NA,NA,NA,NA
2235.1,NA,NA,1.6777955,NA,NA,NA,NA,NA
2236.1,NA,NA,1.681274,NA,NA,NA,NA,NA
2125.46,NA,NA,NA,NA,NA,-0.029214082,NA,NA
2127.46,NA,NA,NA,NA,NA,-0.028501732,NA,NA
2129.46,NA,NA,NA,NA,NA,-0.032948112,NA,NA
2131.46,NA,NA,NA,NA,NA,-0.017692028,NA,NA
2133.46,NA,NA,NA,NA,NA,0.016118216,NA,NA
2135.46,NA,NA,NA,NA,NA,0.001483884,NA,NA
2137.46,NA,NA,NA,NA,NA,-0.001809877,NA,NA
2139.46,NA,NA,NA,NA,NA,-0.00038955,NA,NA
2140.46,NA,NA,NA,NA,NA,0.008935045,NA,NA
2140.66,NA,NA,NA,NA,NA,0.00519659,NA,NA
2140.76,NA,NA,NA,NA,NA,0.006880195,NA,NA
2140.86,NA,NA,NA,NA,NA,-0.001110438,NA,NA
2140.96,NA,NA,NA,NA,NA,4.65E-05,NA,NA
2141.06,NA,NA,NA,NA,NA,0.00320218,NA,NA
2141.16,NA,NA,NA,NA,NA,-5.71E-05,NA,NA
2141.26,NA,NA,NA,NA,NA,0.001652408,NA,NA
2141.36,NA,NA,NA,NA,NA,0.005386555,NA,NA
2141.46,NA,NA,NA,NA,NA,0.005839835,NA,NA
2141.56,NA,NA,NA,NA,NA,-0.000700309,NA,NA
2141.66,NA,NA,NA,NA,NA,0.003180613,NA,NA
2141.76,NA,NA,NA,NA,NA,-0.004011388,NA,NA
2141.86,NA,NA,NA,NA,NA,0.001881223,NA,NA
2141.96,NA,NA,NA,NA,NA,-0.001671607,NA,NA
2142.06,NA,NA,NA,NA,NA,-0.005569791,NA,NA
2142.16,NA,NA,NA,NA,NA,0.000344404,NA,NA
2142.26,NA,NA,NA,NA,NA,0.001812163,NA,NA
2142.36,NA,NA,NA,NA,NA,0.000737251,NA,NA
2142.46,NA,NA,NA,NA,NA,-0.009256437,NA,NA
2142.56,NA,NA,NA,NA,NA,-0.014691448,NA,NA
2142.66,NA,NA,NA,NA,NA,0.00377206,NA,NA
2142.76,NA,NA,NA,NA,NA,-0.003627153,NA,NA
2142.86,NA,NA,NA,NA,NA,-0.004222887,NA,NA
2142.96,NA,NA,NA,NA,NA,-0.003709169,NA,NA
2143.06,NA,NA,NA,NA,NA,-0.007184294,NA,NA
2143.16,NA,NA,NA,NA,NA,0.002774864,NA,NA
2143.26,NA,NA,NA,NA,NA,-0.000890206,NA,NA
2143.36,NA,NA,NA,NA,NA,-0.005090575,NA,NA
2143.46,NA,NA,NA,NA,NA,0.000309906,NA,NA
2143.56,NA,NA,NA,NA,NA,0.00730765,NA,NA
2143.66,NA,NA,NA,NA,NA,-0.004348055,NA,NA
2143.76,NA,NA,NA,NA,NA,-0.00124418,NA,NA
2143.86,NA,NA,NA,NA,NA,0.00425559,NA,NA
2143.96,NA,NA,NA,NA,NA,0.006159359,NA,NA
2144.06,NA,NA,NA,NA,NA,0.003664177,NA,NA
2144.16,NA,NA,NA,NA,NA,0.00547729,NA,NA
2144.26,NA,NA,NA,NA,NA,0.005563631,NA,NA
2144.36,NA,NA,NA,NA,NA,0.007225652,NA,NA
2144.46,NA,NA,NA,NA,NA,0.00544708,NA,NA
2144.56,NA,NA,NA,NA,NA,0.009289149,NA,NA
2144.66,NA,NA,NA,NA,NA,0.0029519,NA,NA
2144.76,NA,NA,NA,NA,NA,0.003711683,NA,NA
2144.86,NA,NA,NA,NA,NA,0.008201292,NA,NA
2144.96,NA,NA,NA,NA,NA,0.004825456,NA,NA
2145.06,NA,NA,NA,NA,NA,0.011292218,NA,NA
2145.16,NA,NA,NA,NA,NA,0.002313009,NA,NA
2145.26,NA,NA,NA,NA,NA,0.002736071,NA,NA
2145.36,NA,NA,NA,NA,NA,0.003469952,NA,NA
2145.46,NA,NA,NA,NA,NA,0.015004789,NA,NA
2145.56,NA,NA,NA,NA,NA,0.003836896,NA,NA
2145.66,NA,NA,NA,NA,NA,0.01465944,NA,NA
2145.76,NA,NA,NA,NA,NA,0.019110197,NA,NA
2145.86,NA,NA,NA,NA,NA,0.009945359,NA,NA
2145.96,NA,NA,NA,NA,NA,0.005947886,NA,NA
2146.06,NA,NA,NA,NA,NA,0.013575902,NA,NA
2146.16,NA,NA,NA,NA,NA,0.013519785,NA,NA
2146.26,NA,NA,NA,NA,NA,0.021536325,NA,NA
2146.36,NA,NA,NA,NA,NA,0.024294845,NA,NA
2146.46,NA,NA,NA,NA,NA,0.02437687,NA,NA
2146.56,NA,NA,NA,NA,NA,0.024022884,NA,NA
2146.66,NA,NA,NA,NA,NA,0.017879897,NA,NA
2146.76,NA,NA,NA,NA,NA,0.023401252,NA,NA
2146.86,NA,NA,NA,NA,NA,0.026807312,NA,NA
2146.96,NA,NA,NA,NA,NA,0.025892126,NA,NA
2147.06,NA,NA,NA,NA,NA,0.029078022,NA,NA
2147.16,NA,NA,NA,NA,NA,0.032920092,NA,NA
2147.26,NA,NA,NA,NA,NA,0.028559996,NA,NA
2147.36,NA,NA,NA,NA,NA,0.031922887,NA,NA
2147.46,NA,NA,NA,NA,NA,0.033494252,NA,NA
2147.56,NA,NA,NA,NA,NA,0.038130636,NA,NA
2147.66,NA,NA,NA,NA,NA,0.044437672,NA,NA
2147.76,NA,NA,NA,NA,NA,0.034560542,NA,NA
2147.86,NA,NA,NA,NA,NA,0.05462563,NA,NA
2147.96,NA,NA,NA,NA,NA,0.052877277,NA,NA
2148.06,NA,NA,NA,NA,NA,0.054211211,NA,NA
2148.16,NA,NA,NA,NA,NA,0.056650279,NA,NA
2148.26,NA,NA,NA,NA,NA,0.075765643,NA,NA
2148.36,NA,NA,NA,NA,NA,0.070874565,NA,NA
2148.46,NA,NA,NA,NA,NA,0.075372808,NA,NA
2148.56,NA,NA,NA,NA,NA,0.075895159,NA,NA
2148.66,NA,NA,NA,NA,NA,0.085642787,NA,NA
2148.76,NA,NA,NA,NA,NA,0.087935079,NA,NA
2148.86,NA,NA,NA,NA,NA,0.092670753,NA,NA
2148.96,NA,NA,NA,NA,NA,0.10544887,NA,NA
2149.06,NA,NA,NA,NA,NA,0.11528715,NA,NA
2149.16,NA,NA,NA,NA,NA,0.11849463,NA,NA
2149.26,NA,NA,NA,NA,NA,0.13672071,NA,NA
2149.36,NA,NA,NA,NA,NA,0.15583175,NA,NA
2149.46,NA,NA,NA,NA,NA,0.15404887,NA,NA
2149.56,NA,NA,NA,NA,NA,0.18693955,NA,NA
2149.66,NA,NA,NA,NA,NA,0.20463464,NA,NA
2149.76,NA,NA,NA,NA,NA,0.23035059,NA,NA
2149.86,NA,NA,NA,NA,NA,0.25841495,NA,NA
2149.96,NA,NA,NA,NA,NA,0.29801846,NA,NA
2150.06,NA,NA,NA,NA,NA,0.34382108,NA,NA
2150.16,NA,NA,NA,NA,NA,0.39705313,NA,NA
2150.26,NA,NA,NA,NA,NA,0.44383138,NA,NA
2150.36,NA,NA,NA,NA,NA,0.51395989,NA,NA
2150.46,NA,NA,NA,NA,NA,0.59540307,NA,NA
2150.56,NA,NA,NA,NA,NA,0.68014007,NA,NA
2150.66,NA,NA,NA,NA,NA,0.77314399,NA,NA
2150.76,NA,NA,NA,NA,NA,0.86502983,NA,NA
2150.86,NA,NA,NA,NA,NA,1.0005728,NA,NA
2150.96,NA,NA,NA,NA,NA,1.1367632,NA,NA
2151.06,NA,NA,NA,NA,NA,1.298933,NA,NA
2151.16,NA,NA,NA,NA,NA,1.5483954,NA,NA
2151.26,NA,NA,NA,NA,NA,1.835864,NA,NA
2151.36,NA,NA,NA,NA,NA,2.2209859,NA,NA
2151.46,NA,NA,NA,NA,NA,2.6581656,NA,NA
2151.56,NA,NA,NA,NA,NA,3.138657,NA,NA
2151.66,NA,NA,NA,NA,NA,3.6697774,NA,NA
2151.76,NA,NA,NA,NA,NA,4.2611665,NA,NA
2151.86,NA,NA,NA,NA,NA,4.8925303,NA,NA
2151.96,NA,NA,NA,NA,NA,5.4137261,NA,NA
2152.06,NA,NA,NA,NA,NA,5.8108533,NA,NA
2152.16,NA,NA,NA,NA,NA,6.1782801,NA,NA
2152.26,NA,NA,NA,NA,NA,6.4587207,NA,NA
2152.36,NA,NA,NA,NA,NA,6.626101,NA,NA
2152.46,NA,NA,NA,NA,NA,6.6808526,NA,NA
2152.56,NA,NA,NA,NA,NA,6.6708503,NA,NA
2152.66,NA,NA,NA,NA,NA,6.6763026,NA,NA
2152.76,NA,NA,NA,NA,NA,6.5582907,NA,NA
2152.86,NA,NA,NA,NA,NA,6.3942604,NA,NA
2152.96,NA,NA,NA,NA,NA,6.171304,NA,NA
2153.06,NA,NA,NA,NA,NA,5.9492973,NA,NA
2153.16,NA,NA,NA,NA,NA,5.6558885,NA,NA
2153.26,NA,NA,NA,NA,NA,5.378323,NA,NA
2153.36,NA,NA,NA,NA,NA,5.0869432,NA,NA
2153.46,NA,NA,NA,NA,NA,4.7524374,NA,NA
2153.56,NA,NA,NA,NA,NA,4.4243637,NA,NA
2153.66,NA,NA,NA,NA,NA,4.1791319,NA,NA
2153.76,NA,NA,NA,NA,NA,3.8904718,NA,NA
2153.86,NA,NA,NA,NA,NA,3.5959407,NA,NA
2153.96,NA,NA,NA,NA,NA,3.3544172,NA,NA
2154.06,NA,NA,NA,NA,NA,3.1704988,NA,NA
2154.16,NA,NA,NA,NA,NA,2.9681039,NA,NA
2154.26,NA,NA,NA,NA,NA,2.7997264,NA,NA
2154.36,NA,NA,NA,NA,NA,2.6448652,NA,NA
2154.46,NA,NA,NA,NA,NA,2.4956549,NA,NA
2154.56,NA,NA,NA,NA,NA,2.3680421,NA,NA
2154.66,NA,NA,NA,NA,NA,2.2563114,NA,NA
2154.76,NA,NA,NA,NA,NA,2.1550017,NA,NA
2154.86,NA,NA,NA,NA,NA,2.0968656,NA,NA
2154.96,NA,NA,NA,NA,NA,2.0176759,NA,NA
2155.06,NA,NA,NA,NA,NA,1.9326453,NA,NA
2155.16,NA,NA,NA,NA,NA,1.8676842,NA,NA
2155.26,NA,NA,NA,NA,NA,1.8309817,NA,NA
2155.36,NA,NA,NA,NA,NA,1.7783453,NA,NA
2155.46,NA,NA,NA,NA,NA,1.7336349,NA,NA
2155.56,NA,NA,NA,NA,NA,1.7069649,NA,NA
2155.66,NA,NA,NA,NA,NA,1.6876812,NA,NA
2155.76,NA,NA,NA,NA,NA,1.6507197,NA,NA
2155.86,NA,NA,NA,NA,NA,1.6290055,NA,NA
2155.96,NA,NA,NA,NA,NA,1.593693,NA,NA
2156.06,NA,NA,NA,NA,NA,1.5697557,NA,NA
2156.16,NA,NA,NA,NA,NA,1.5503338,NA,NA
2156.26,NA,NA,NA,NA,NA,1.5376938,NA,NA
2156.36,NA,NA,NA,NA,NA,1.5239315,NA,NA
2156.46,NA,NA,NA,NA,NA,1.4897069,NA,NA
2156.56,NA,NA,NA,NA,NA,1.4760654,NA,NA
2156.66,NA,NA,NA,NA,NA,1.4570277,NA,NA
2156.76,NA,NA,NA,NA,NA,1.4604165,NA,NA
2156.86,NA,NA,NA,NA,NA,1.4257861,NA,NA
2156.96,NA,NA,NA,NA,NA,1.4348301,NA,NA
2157.06,NA,NA,NA,NA,NA,1.4140441,NA,NA
2157.16,NA,NA,NA,NA,NA,1.4100034,NA,NA
2157.26,NA,NA,NA,NA,NA,1.4157061,NA,NA
2157.36,NA,NA,NA,NA,NA,1.4085573,NA,NA
2157.46,NA,NA,NA,NA,NA,1.3701539,NA,NA
2157.56,NA,NA,NA,NA,NA,1.3715612,NA,NA
2157.66,NA,NA,NA,NA,NA,1.3606912,NA,NA
2157.76,NA,NA,NA,NA,NA,1.3595083,NA,NA
2157.86,NA,NA,NA,NA,NA,1.3681551,NA,NA
2157.96,NA,NA,NA,NA,NA,1.3645332,NA,NA
2158.06,NA,NA,NA,NA,NA,1.3586665,NA,NA
2158.16,NA,NA,NA,NA,NA,1.3467518,NA,NA
2158.26,NA,NA,NA,NA,NA,1.3528991,NA,NA
2158.36,NA,NA,NA,NA,NA,1.3588306,NA,NA
2158.46,NA,NA,NA,NA,NA,1.3617488,NA,NA
2158.56,NA,NA,NA,NA,NA,1.3510903,NA,NA
2158.66,NA,NA,NA,NA,NA,1.35618,NA,NA
2158.76,NA,NA,NA,NA,NA,1.3462899,NA,NA
2158.86,NA,NA,NA,NA,NA,1.3517077,NA,NA
2158.96,NA,NA,NA,NA,NA,1.3560073,NA,NA
2159.06,NA,NA,NA,NA,NA,1.3666702,NA,NA
2159.16,NA,NA,NA,NA,NA,1.3573283,NA,NA
2159.26,NA,NA,NA,NA,NA,1.3699726,NA,NA
2159.36,NA,NA,NA,NA,NA,1.362146,NA,NA
2159.46,NA,NA,NA,NA,NA,1.3741428,NA,NA
2159.56,NA,NA,NA,NA,NA,1.3771215,NA,NA
2159.66,NA,NA,NA,NA,NA,1.3795519,NA,NA
2159.76,NA,NA,NA,NA,NA,1.3870979,NA,NA
2159.86,NA,NA,NA,NA,NA,1.3803505,NA,NA
2159.96,NA,NA,NA,NA,NA,1.3922437,NA,NA
2160.06,NA,NA,NA,NA,NA,1.3787231,NA,NA
2160.16,NA,NA,NA,NA,NA,1.3944237,NA,NA
2160.26,NA,NA,NA,NA,NA,1.3829968,NA,NA
2160.36,NA,NA,NA,NA,NA,1.3857726,NA,NA
2160.46,NA,NA,NA,NA,NA,1.3963923,NA,NA
2160.96,NA,NA,NA,NA,NA,1.398555,NA,NA
2161.46,NA,NA,NA,NA,NA,1.3933661,NA,NA
2161.96,NA,NA,NA,NA,NA,1.3877066,NA,NA
2162.46,NA,NA,NA,NA,NA,1.3997768,NA,NA
2162.96,NA,NA,NA,NA,NA,1.4218708,NA,NA
2163.46,NA,NA,NA,NA,NA,1.4534406,NA,NA
2163.96,NA,NA,NA,NA,NA,1.4829813,NA,NA
2164.46,NA,NA,NA,NA,NA,1.5317756,NA,NA
2164.96,NA,NA,NA,NA,NA,1.5678176,NA,NA
2165.46,NA,NA,NA,NA,NA,1.615455,NA,NA
2165.96,NA,NA,NA,NA,NA,1.6541908,NA,NA
2166.46,NA,NA,NA,NA,NA,1.709223,NA,NA
2166.96,NA,NA,NA,NA,NA,1.7167431,NA,NA
2167.46,NA,NA,NA,NA,NA,1.7783371,NA,NA
2167.96,NA,NA,NA,NA,NA,1.7756217,NA,NA
2168.46,NA,NA,NA,NA,NA,1.8011175,NA,NA
2168.96,NA,NA,NA,NA,NA,1.8050114,NA,NA
2169.46,NA,NA,NA,NA,NA,1.7886373,NA,NA
2169.96,NA,NA,NA,NA,NA,1.7532255,NA,NA
2170.46,NA,NA,NA,NA,NA,1.7288263,NA,NA
2170.96,NA,NA,NA,NA,NA,1.6754302,NA,NA
2171.46,NA,NA,NA,NA,NA,1.6462305,NA,NA
2171.96,NA,NA,NA,NA,NA,1.6107151,NA,NA
2172.46,NA,NA,NA,NA,NA,1.5471657,NA,NA
2172.96,NA,NA,NA,NA,NA,1.4976375,NA,NA
2173.46,NA,NA,NA,NA,NA,1.455936,NA,NA
2173.96,NA,NA,NA,NA,NA,1.4114026,NA,NA
2174.46,NA,NA,NA,NA,NA,1.3752138,NA,NA
2174.96,NA,NA,NA,NA,NA,1.3448183,NA,NA
2175.46,NA,NA,NA,NA,NA,1.2912539,NA,NA
2175.96,NA,NA,NA,NA,NA,1.2589935,NA,NA
2176.46,NA,NA,NA,NA,NA,1.2182935,NA,NA
2176.96,NA,NA,NA,NA,NA,1.1683035,NA,NA
2177.46,NA,NA,NA,NA,NA,1.1494687,NA,NA
2177.96,NA,NA,NA,NA,NA,1.135715,NA,NA
2178.46,NA,NA,NA,NA,NA,1.1102451,NA,NA
2178.96,NA,NA,NA,NA,NA,1.0974843,NA,NA
2179.46,NA,NA,NA,NA,NA,1.0759169,NA,NA
2179.96,NA,NA,NA,NA,NA,1.055295,NA,NA
2180.46,NA,NA,NA,NA,NA,1.043812,NA,NA
2180.96,NA,NA,NA,NA,NA,1.0345392,NA,NA
2181.46,NA,NA,NA,NA,NA,1.0297345,NA,NA
2181.96,NA,NA,NA,NA,NA,1.0201509,NA,NA
2182.46,NA,NA,NA,NA,NA,1.009609,NA,NA
2182.96,NA,NA,NA,NA,NA,1.0180443,NA,NA
2183.46,NA,NA,NA,NA,NA,1.0170212,NA,NA
2183.96,NA,NA,NA,NA,NA,1.000319,NA,NA
2184.46,NA,NA,NA,NA,NA,1.0049986,NA,NA
2184.96,NA,NA,NA,NA,NA,1.0021192,NA,NA
2185.46,NA,NA,NA,NA,NA,1.0002025,NA,NA
2185.96,NA,NA,NA,NA,NA,1.002348,NA,NA
2186.46,NA,NA,NA,NA,NA,0.99499199,NA,NA
2186.96,NA,NA,NA,NA,NA,1.0045583,NA,NA
2187.46,NA,NA,NA,NA,NA,0.99132263,NA,NA
2187.96,NA,NA,NA,NA,NA,0.99499203,NA,NA
2188.46,NA,NA,NA,NA,NA,0.98862457,NA,NA
2188.96,NA,NA,NA,NA,NA,0.99803549,NA,NA
2189.46,NA,NA,NA,NA,NA,0.9940553,NA,NA
2189.96,NA,NA,NA,NA,NA,0.99176302,NA,NA
2190.46,NA,NA,NA,NA,NA,0.98412639,NA,NA
2190.96,NA,NA,NA,NA,NA,0.99550583,NA,NA
2191.46,NA,NA,NA,NA,NA,0.99644693,NA,NA
2191.96,NA,NA,NA,NA,NA,0.98093191,NA,NA
2192.46,NA,NA,NA,NA,NA,0.98048728,NA,NA
2192.96,NA,NA,NA,NA,NA,0.97772877,NA,NA
2193.46,NA,NA,NA,NA,NA,0.98169604,NA,NA
2193.96,NA,NA,NA,NA,NA,0.98349622,NA,NA
2194.46,NA,NA,NA,NA,NA,0.98189465,NA,NA
2194.96,NA,NA,NA,NA,NA,0.98001248,NA,NA
2195.46,NA,NA,NA,NA,NA,0.98477839,NA,NA
2195.96,NA,NA,NA,NA,NA,0.98261562,NA,NA
2196.46,NA,NA,NA,NA,NA,0.98399705,NA,NA
2196.96,NA,NA,NA,NA,NA,0.97759506,NA,NA
2197.46,NA,NA,NA,NA,NA,0.98673401,NA,NA
2197.96,NA,NA,NA,NA,NA,0.98675561,NA,NA
2198.46,NA,NA,NA,NA,NA,0.98402733,NA,NA
2198.96,NA,NA,NA,NA,NA,0.99311879,NA,NA
2199.46,NA,NA,NA,NA,NA,0.99858404,NA,NA
2199.96,NA,NA,NA,NA,NA,1.0119968,NA,NA
2200.46,NA,NA,NA,NA,NA,0.99353326,NA,NA
2201.46,NA,NA,NA,NA,NA,1.0109046,NA,NA
2202.46,NA,NA,NA,NA,NA,1.0204019,NA,NA
2203.46,NA,NA,NA,NA,NA,1.0249779,NA,NA
2204.46,NA,NA,NA,NA,NA,1.0421075,NA,NA
2205.46,NA,NA,NA,NA,NA,1.0427205,NA,NA
2206.46,NA,NA,NA,NA,NA,1.0688595,NA,NA
2207.46,NA,NA,NA,NA,NA,1.0775711,NA,NA
2208.46,NA,NA,NA,NA,NA,1.0933625,NA,NA
2209.46,NA,NA,NA,NA,NA,1.0919552,NA,NA
2210.46,NA,NA,NA,NA,NA,1.1069004,NA,NA
2211.46,NA,NA,NA,NA,NA,1.1340151,NA,NA
2212.46,NA,NA,NA,NA,NA,1.1328193,NA,NA
2213.46,NA,NA,NA,NA,NA,1.1587468,NA,NA
2214.46,NA,NA,NA,NA,NA,1.1777068,NA,NA
2215.46,NA,NA,NA,NA,NA,1.1854082,NA,NA
2216.46,NA,NA,NA,NA,NA,1.2071267,NA,NA
2217.46,NA,NA,NA,NA,NA,1.2133043,NA,NA
2218.46,NA,NA,NA,NA,NA,1.2435055,NA,NA
2219.46,NA,NA,NA,NA,NA,1.2559167,NA,NA
2220.46,NA,NA,NA,NA,NA,1.2642096,NA,NA
2221.46,NA,NA,NA,NA,NA,1.2917732,NA,NA
2222.46,NA,NA,NA,NA,NA,1.3128053,NA,NA
2223.46,NA,NA,NA,NA,NA,1.3326416,NA,NA
2224.46,NA,NA,NA,NA,NA,1.3502029,NA,NA
2225.46,NA,NA,NA,NA,NA,1.3637452,NA,NA
2226.46,NA,NA,NA,NA,NA,1.3771406,NA,NA
2227.46,NA,NA,NA,NA,NA,1.3857788,NA,NA
2228.46,NA,NA,NA,NA,NA,1.4030466,NA,NA
2229.46,NA,NA,NA,NA,NA,1.4286892,NA,NA
2230.46,NA,NA,NA,NA,NA,1.4419033,NA,NA
2231.46,NA,NA,NA,NA,NA,1.4572241,NA,NA
2232.46,NA,NA,NA,NA,NA,1.4631815,NA,NA
2233.46,NA,NA,NA,NA,NA,1.4806996,NA,NA
2234.46,NA,NA,NA,NA,NA,1.5013216,NA,NA
2235.46,NA,NA,NA,NA,NA,1.5190124,NA,NA
2236.46,NA,NA,NA,NA,NA,1.5255138,NA,NA
2237.46,NA,NA,NA,NA,NA,1.5377695,NA,NA
2238.46,NA,NA,NA,NA,NA,1.5558748,NA,NA
2105.9,NA,NA,NA,NA,NA,NA,NA,0.49890052
2107.9,NA,NA,NA,NA,NA,NA,NA,0.20720649
2109.9,NA,NA,NA,NA,NA,NA,NA,0.24286018
2111.9,NA,NA,NA,NA,NA,NA,NA,0.13928615
2113.9,NA,NA,NA,NA,NA,NA,NA,0.14207236
2115.9,NA,NA,NA,NA,NA,NA,NA,0.11045971
2117.9,NA,NA,NA,NA,NA,NA,NA,0.13895295
2119.9,NA,NA,NA,NA,NA,NA,NA,0.22683638
2121.9,NA,NA,NA,NA,NA,NA,NA,0.28391487
2123.9,NA,NA,NA,NA,NA,NA,NA,0.39201469
2125.9,NA,NA,NA,NA,NA,NA,NA,0.04933974
2127.9,NA,NA,NA,NA,NA,NA,NA,-0.024225809
2129.9,NA,NA,NA,NA,NA,NA,NA,-0.022883345
2131.9,NA,NA,NA,NA,NA,NA,NA,-0.019625525
2133.9,NA,NA,NA,NA,NA,NA,NA,-0.036051142
2135.9,NA,NA,NA,NA,NA,NA,NA,-0.047945669
2137.9,NA,NA,NA,NA,NA,NA,NA,0.086447397
2139.9,NA,NA,NA,NA,NA,NA,NA,-0.001139904
2160.4,NA,NA,NA,NA,NA,NA,NA,1.4429491
2160.9,NA,NA,NA,NA,NA,NA,NA,1.4682717
2161.4,NA,NA,NA,NA,NA,NA,NA,1.5052596
2161.9,NA,NA,NA,NA,NA,NA,NA,1.529732
2162.4,NA,NA,NA,NA,NA,NA,NA,1.5880537
2162.9,NA,NA,NA,NA,NA,NA,NA,1.6285027
2163.4,NA,NA,NA,NA,NA,NA,NA,1.6784639
2163.9,NA,NA,NA,NA,NA,NA,NA,1.7423567
2164.4,NA,NA,NA,NA,NA,NA,NA,1.8008574
2164.9,NA,NA,NA,NA,NA,NA,NA,1.8517433
2165.4,NA,NA,NA,NA,NA,NA,NA,1.9116185
2165.9,NA,NA,NA,NA,NA,NA,NA,1.9449026
2166.4,NA,NA,NA,NA,NA,NA,NA,1.999437
2166.9,NA,NA,NA,NA,NA,NA,NA,2.0458877
2167.4,NA,NA,NA,NA,NA,NA,NA,2.0311713
2167.9,NA,NA,NA,NA,NA,NA,NA,2.0428471
2168.4,NA,NA,NA,NA,NA,NA,NA,2.0300819
2168.9,NA,NA,NA,NA,NA,NA,NA,2.0408388
2169.4,NA,NA,NA,NA,NA,NA,NA,2.0337209
2169.9,NA,NA,NA,NA,NA,NA,NA,2.0090406
2170.4,NA,NA,NA,NA,NA,NA,NA,2.0066184
2170.9,NA,NA,NA,NA,NA,NA,NA,1.965417
2171.4,NA,NA,NA,NA,NA,NA,NA,1.9188742
2171.9,NA,NA,NA,NA,NA,NA,NA,1.891227
2172.4,NA,NA,NA,NA,NA,NA,NA,1.8655449
2172.9,NA,NA,NA,NA,NA,NA,NA,1.844826
2173.4,NA,NA,NA,NA,NA,NA,NA,1.8038154
2173.9,NA,NA,NA,NA,NA,NA,NA,1.7467317
2174.4,NA,NA,NA,NA,NA,NA,NA,1.7301231
2174.9,NA,NA,NA,NA,NA,NA,NA,1.6932547
2175.4,NA,NA,NA,NA,NA,NA,NA,1.6437277
2175.9,NA,NA,NA,NA,NA,NA,NA,1.6099142
2176.4,NA,NA,NA,NA,NA,NA,NA,1.5864625
2176.9,NA,NA,NA,NA,NA,NA,NA,1.5535843
2177.4,NA,NA,NA,NA,NA,NA,NA,1.5199569
2177.9,NA,NA,NA,NA,NA,NA,NA,1.4960631
2178.4,NA,NA,NA,NA,NA,NA,NA,1.4620162
2178.9,NA,NA,NA,NA,NA,NA,NA,1.4454377
2179.4,NA,NA,NA,NA,NA,NA,NA,1.4415901
2179.9,NA,NA,NA,NA,NA,NA,NA,1.4305599
2180.4,NA,NA,NA,NA,NA,NA,NA,1.4314354
2180.9,NA,NA,NA,NA,NA,NA,NA,1.4164012
2181.4,NA,NA,NA,NA,NA,NA,NA,1.4164301
2181.9,NA,NA,NA,NA,NA,NA,NA,1.3971058
2182.4,NA,NA,NA,NA,NA,NA,NA,1.3767749
2182.9,NA,NA,NA,NA,NA,NA,NA,1.3665184
2183.4,NA,NA,NA,NA,NA,NA,NA,1.3625492
2183.9,NA,NA,NA,NA,NA,NA,NA,1.3616158
2184.4,NA,NA,NA,NA,NA,NA,NA,1.3671456
2184.9,NA,NA,NA,NA,NA,NA,NA,1.3715385
2185.4,NA,NA,NA,NA,NA,NA,NA,1.3708048
2185.9,NA,NA,NA,NA,NA,NA,NA,1.3847185
2186.4,NA,NA,NA,NA,NA,NA,NA,1.398301
2186.9,NA,NA,NA,NA,NA,NA,NA,1.3824637
2187.4,NA,NA,NA,NA,NA,NA,NA,1.3998051
2187.9,NA,NA,NA,NA,NA,NA,NA,1.3923084
2188.4,NA,NA,NA,NA,NA,NA,NA,1.3961658
2188.9,NA,NA,NA,NA,NA,NA,NA,1.3956345
2189.4,NA,NA,NA,NA,NA,NA,NA,1.3983287
2189.9,NA,NA,NA,NA,NA,NA,NA,1.4101839
2190.4,NA,NA,NA,NA,NA,NA,NA,1.4211352
2190.9,NA,NA,NA,NA,NA,NA,NA,1.4225629
2191.4,NA,NA,NA,NA,NA,NA,NA,1.4208372
2191.9,NA,NA,NA,NA,NA,NA,NA,1.4329344
2192.4,NA,NA,NA,NA,NA,NA,NA,1.4540982
2192.9,NA,NA,NA,NA,NA,NA,NA,1.4359251
2193.4,NA,NA,NA,NA,NA,NA,NA,1.4423504
2193.9,NA,NA,NA,NA,NA,NA,NA,1.4494412
2194.4,NA,NA,NA,NA,NA,NA,NA,1.4707601
2194.9,NA,NA,NA,NA,NA,NA,NA,1.4722066
2195.4,NA,NA,NA,NA,NA,NA,NA,1.4754682
2195.9,NA,NA,NA,NA,NA,NA,NA,1.4800537
2196.4,NA,NA,NA,NA,NA,NA,NA,1.5271151
2196.9,NA,NA,NA,NA,NA,NA,NA,1.5215285
2197.4,NA,NA,NA,NA,NA,NA,NA,1.5196284
2197.9,NA,NA,NA,NA,NA,NA,NA,1.5271422
2198.4,NA,NA,NA,NA,NA,NA,NA,1.5211251
2198.9,NA,NA,NA,NA,NA,NA,NA,1.5191979
2199.4,NA,NA,NA,NA,NA,NA,NA,1.5404747
2199.9,NA,NA,NA,NA,NA,NA,NA,1.5550858
2200.9,NA,NA,NA,NA,NA,NA,NA,1.5598003
2201.9,NA,NA,NA,NA,NA,NA,NA,1.5822226
2202.9,NA,NA,NA,NA,NA,NA,NA,1.6151826
2203.9,NA,NA,NA,NA,NA,NA,NA,1.6229881
2204.9,NA,NA,NA,NA,NA,NA,NA,1.6477323
2205.9,NA,NA,NA,NA,NA,NA,NA,1.6528365
2206.9,NA,NA,NA,NA,NA,NA,NA,1.6709669
2207.9,NA,NA,NA,NA,NA,NA,NA,1.7202511
2208.9,NA,NA,NA,NA,NA,NA,NA,1.753465
2209.9,NA,NA,NA,NA,NA,NA,NA,1.7595478
2210.9,NA,NA,NA,NA,NA,NA,NA,1.7561194
2211.9,NA,NA,NA,NA,NA,NA,NA,1.8041775
2212.9,NA,NA,NA,NA,NA,NA,NA,1.8208133
2213.9,NA,NA,NA,NA,NA,NA,NA,1.8632298
2214.9,NA,NA,NA,NA,NA,NA,NA,1.9437133
2215.9,NA,NA,NA,NA,NA,NA,NA,1.9344831
2216.9,NA,NA,NA,NA,NA,NA,NA,1.9162916
2217.9,NA,NA,NA,NA,NA,NA,NA,1.9313807
2218.9,NA,NA,NA,NA,NA,NA,NA,1.9922296
2219.9,NA,NA,NA,NA,NA,NA,NA,2.0204921
2220.9,NA,NA,NA,NA,NA,NA,NA,2.0289934
2221.9,NA,NA,NA,NA,NA,NA,NA,2.0510848
2222.9,NA,NA,NA,NA,NA,NA,NA,2.0615652
2223.9,NA,NA,NA,NA,NA,NA,NA,2.0939493
2224.9,NA,NA,NA,NA,NA,NA,NA,2.108419
2225.9,NA,NA,NA,NA,NA,NA,NA,2.2052466
2226.9,NA,NA,NA,NA,NA,NA,NA,2.5176158
2227.9,NA,NA,NA,NA,NA,NA,NA,2.5022724
2228.9,NA,NA,NA,NA,NA,NA,NA,2.2910979
2229.9,NA,NA,NA,NA,NA,NA,NA,2.285411
2230.9,NA,NA,NA,NA,NA,NA,NA,2.3215501
2231.9,NA,NA,NA,NA,NA,NA,NA,2.3184315
2232.9,NA,NA,NA,NA,NA,NA,NA,2.3134793
2233.9,NA,NA,NA,NA,NA,NA,NA,2.3468591
2234.9,NA,NA,NA,NA,NA,NA,NA,2.3668287
2235.9,NA,NA,NA,NA,NA,NA,NA,2.3486564
2236.9,NA,NA,NA,NA,NA,NA,NA,2.3323823
2237.9,NA,NA,NA,NA,NA,NA,NA,2.380991
